ISO-10303-21;
HEADER;
/* Generated by software containing ST-Developer
 * from STEP Tools, Inc. (www.steptools.com) 
 */
/* OPTION: using custom renumber hook */

FILE_DESCRIPTION(
/* description */ ('STEP AP242 Edition 2',
'CAx-IF Rec.Pracs.---Representation and Presentation of Product Manufa
cturing Information (PMI)---4.0---2014-10-13',
'CAx-IF Rec.Pracs.---3D Tessellated Geometry---0.4---2014-09-14','2;1',
'CAx-IF Rec.Pracs.---User Defined Attributes---1.5---2016-08-15'),
/* implementation_level */ '2;1');

FILE_NAME(
/* name */ '6a800876f24449429c0c48a5',
/* time_stamp */ '2026-08-15T06:34:31Z',
/* author */ (''),
/* organization */ (''),
/* preprocessor_version */ 'ST-DEVELOPER v20',
/* originating_system */ 'ONSHAPE BY PTC INC, 1.219',
/* authorisation */ '  ');

FILE_SCHEMA (('AP242_MANAGED_MODEL_BASED_3D_ENGINEERING_MIM_LF { 1 0 10303 442 3 1 4 }'));
ENDSEC;

DATA;
#10=DRAUGHTING_PRE_DEFINED_COLOUR('yellow');
#11=(
BOUNDED_SURFACE()
B_SPLINE_SURFACE(3,2,((#10049,#10050,#10051),(#10052,#10053,#10054),(#10055,
#10056,#10057),(#10058,#10059,#10060),(#10061,#10062,#10063),(#10064,#10065,
#10066),(#10067,#10068,#10069),(#10070,#10071,#10072),(#10073,#10074,#10075),
(#10076,#10077,#10078),(#10079,#10080,#10081)),.UNSPECIFIED.,.F.,.F.,.F.)
B_SPLINE_SURFACE_WITH_KNOTS((4,1,1,1,1,1,1,1,4),(3,3),(1.30104260698261E-18,
0.00389975498242435,0.0077995099648487,0.0116992649472731,0.0155990199296974,
0.0194987749121218,0.0233985298945461,0.0272982848769705,0.0311980398593948),
(0.,1.),.UNSPECIFIED.)
GEOMETRIC_REPRESENTATION_ITEM()
RATIONAL_B_SPLINE_SURFACE(((1.,0.782175014180962,1.),(1.,0.782175014147209,
1.),(1.,0.77441525068807,1.),(1.,0.745815855702843,1.),(1.,0.715839178905772,
1.),(1.,0.70276596987672,1.),(1.,0.71573796830985,1.),(1.,0.745793443206689,
1.),(1.,0.774391519178041,1.),(1.,0.782175014167783,1.),(1.,0.782175014180963,
1.)))
REPRESENTATION_ITEM('')
SURFACE()
);
#12=(
BOUNDED_SURFACE()
B_SPLINE_SURFACE(3,2,((#10085,#10086,#10087),(#10088,#10089,#10090),(#10091,
#10092,#10093),(#10094,#10095,#10096),(#10097,#10098,#10099),(#10100,#10101,
#10102),(#10103,#10104,#10105),(#10106,#10107,#10108),(#10109,#10110,#10111),
(#10112,#10113,#10114),(#10115,#10116,#10117)),.UNSPECIFIED.,.F.,.F.,.F.)
B_SPLINE_SURFACE_WITH_KNOTS((4,1,1,1,1,1,1,1,4),(3,3),(1.73472347597681E-18,
0.00389975498242434,0.00779950996484868,0.011699264947273,0.0155990199296974,
0.0194987749121217,0.023398529894546,0.0272982848769704,0.0311980398593947),
(0.,1.),.UNSPECIFIED.)
GEOMETRIC_REPRESENTATION_ITEM()
RATIONAL_B_SPLINE_SURFACE(((1.,0.782175014180962,1.),(1.,0.782175014148746,
1.),(1.,0.774415250687358,1.),(1.,0.745815855703034,1.),(1.,0.71583917890572,
1.),(1.,0.702765969876739,1.),(1.,0.715737968309826,1.),(1.,0.745793443206763,
1.),(1.,0.774391519177769,1.),(1.,0.782175014168368,1.),(1.,0.782175014180962,
1.)))
REPRESENTATION_ITEM('')
SURFACE()
);
#13=SPHERICAL_SURFACE('',#6560,0.0859999999999683);
#14=SPHERICAL_SURFACE('',#6566,0.09);
#15=SPHERICAL_SURFACE('',#6621,0.0385);
#16=SPHERICAL_SURFACE('',#6728,0.0860000000000048);
#17=SPHERICAL_SURFACE('',#6737,0.09);
#18=SPHERICAL_SURFACE('',#6759,0.0860000000000048);
#19=SPHERICAL_SURFACE('',#6765,0.09);
#20=SPHERICAL_SURFACE('',#6976,0.0859999999999683);
#21=SPHERICAL_SURFACE('',#6981,0.09);
#22=TOROIDAL_SURFACE('',#6559,0.00245,0.0015);
#23=TOROIDAL_SURFACE('',#6568,0.01395,0.01);
#24=TOROIDAL_SURFACE('',#6624,0.0221979728804231,0.0095);
#25=TOROIDAL_SURFACE('',#6652,0.0221979728804231,0.0095);
#26=TOROIDAL_SURFACE('',#6660,0.00995,0.006);
#27=TOROIDAL_SURFACE('',#6663,0.00995,0.006);
#28=TOROIDAL_SURFACE('',#6676,0.00295,0.001);
#29=TOROIDAL_SURFACE('',#6677,0.00295,0.001);
#30=TOROIDAL_SURFACE('',#6780,0.0134761857780464,0.008);
#31=TOROIDAL_SURFACE('',#6838,0.0086,0.0015);
#32=TOROIDAL_SURFACE('',#6840,0.0086,0.0015);
#33=B_SPLINE_SURFACE_WITH_KNOTS('',1,3,((#9480,#9481,#9482,#9483,#9484,
#9485,#9486,#9487,#9488,#9489),(#9490,#9491,#9492,#9493,#9494,#9495,#9496,
#9497,#9498,#9499)),.RULED_SURF.,.F.,.F.,.F.,(2,2),(4,2,2,2,4),(0.,1.),
(0.0480152540268085,0.0520314212220968,0.0568140874197916,0.0615967536174864,
0.0656139369511115),.UNSPECIFIED.);
#34=B_SPLINE_SURFACE_WITH_KNOTS('',1,3,((#9512,#9513,#9514,#9515,#9516,
#9517,#9518,#9519,#9520,#9521),(#9522,#9523,#9524,#9525,#9526,#9527,#9528,
#9529,#9530,#9531)),.RULED_SURF.,.F.,.F.,.F.,(2,2),(4,2,2,2,4),(0.,1.),
(0.0454556030278735,0.0487851338681112,0.0527498363159211,0.056714538763731,
0.0600450084074302),.UNSPECIFIED.);
#35=B_SPLINE_SURFACE_WITH_KNOTS('',1,3,((#10388,#10389,#10390,#10391,#10392,
#10393,#10394,#10395,#10396,#10397,#10398,#10399,#10400,#10401,#10402,#10403,
#10404,#10405,#10406,#10407,#10408,#10409,#10410,#10411,#10412,#10413,#10414,
#10415,#10416,#10417,#10418,#10419),(#10420,#10421,#10422,#10423,#10424,
#10425,#10426,#10427,#10428,#10429,#10430,#10431,#10432,#10433,#10434,#10435,
#10436,#10437,#10438,#10439,#10440,#10441,#10442,#10443,#10444,#10445,#10446,
#10447,#10448,#10449,#10450,#10451)),.RULED_SURF.,.F.,.F.,.F.,(2,2),(4,
2,2,2,2,2,2,2,2,2,2,2,2,2,2,4),(0.,1.),(0.0252186852529043,0.0298016767139807,
0.037002296649797,0.0406026066177052,0.0442029165856134,0.0478032265535215,
0.0496033815374756,0.0514035365214297,0.0532036915053838,0.0550038464893379,
0.056804001473292,0.058604156457246,0.0622044664251542,0.0658047763930624,
0.0730053963288787,0.0775867288291007),.UNSPECIFIED.);
#36=B_SPLINE_SURFACE_WITH_KNOTS('',1,3,((#10567,#10568,#10569,#10570,#10571,
#10572,#10573,#10574,#10575,#10576,#10577,#10578,#10579,#10580,#10581,#10582,
#10583,#10584,#10585,#10586,#10587,#10588,#10589,#10590,#10591,#10592,#10593,
#10594,#10595,#10596,#10597,#10598),(#10599,#10600,#10601,#10602,#10603,
#10604,#10605,#10606,#10607,#10608,#10609,#10610,#10611,#10612,#10613,#10614,
#10615,#10616,#10617,#10618,#10619,#10620,#10621,#10622,#10623,#10624,#10625,
#10626,#10627,#10628,#10629,#10630)),.RULED_SURF.,.F.,.F.,.F.,(2,2),(4,
2,2,2,2,2,2,2,2,2,2,2,2,2,2,4),(0.,1.),(0.0252186852529217,0.0298016767140013,
0.0370022966498226,0.0406026066177333,0.0442029165856439,0.0478032265535546,
0.0496033815375099,0.0514035365214652,0.0532036915054205,0.0550038464893759,
0.0568040014733312,0.0586041564572865,0.0622044664251972,0.0658047763931078,
0.0730053963289291,0.0775867288291543),.UNSPECIFIED.);
#37=B_SPLINE_SURFACE_WITH_KNOTS('',1,3,((#10718,#10719,#10720,#10721,#10722,
#10723,#10724,#10725,#10726,#10727,#10728,#10729,#10730,#10731,#10732,#10733,
#10734,#10735,#10736,#10737,#10738,#10739,#10740,#10741,#10742,#10743,#10744,
#10745,#10746,#10747,#10748,#10749),(#10750,#10751,#10752,#10753,#10754,
#10755,#10756,#10757,#10758,#10759,#10760,#10761,#10762,#10763,#10764,#10765,
#10766,#10767,#10768,#10769,#10770,#10771,#10772,#10773,#10774,#10775,#10776,
#10777,#10778,#10779,#10780,#10781)),.RULED_SURF.,.F.,.F.,.F.,(2,2),(4,
2,2,2,2,2,2,2,2,2,2,2,2,2,2,4),(0.,1.),(0.0252186852529047,0.0298016767139812,
0.0370022966497974,0.0406026066177056,0.0442029165856138,0.0478032265535219,
0.049603381537476,0.05140353652143,0.0532036915053841,0.0550038464893382,
0.0568040014732923,0.0586041564572464,0.0622044664251545,0.0658047763930627,
0.073005396328879,0.077586728829101),.UNSPECIFIED.);
#38=B_SPLINE_SURFACE_WITH_KNOTS('',1,3,((#10897,#10898,#10899,#10900,#10901,
#10902,#10903,#10904,#10905,#10906,#10907,#10908,#10909,#10910,#10911,#10912,
#10913,#10914,#10915,#10916,#10917,#10918,#10919,#10920,#10921,#10922,#10923,
#10924,#10925,#10926,#10927,#10928),(#10929,#10930,#10931,#10932,#10933,
#10934,#10935,#10936,#10937,#10938,#10939,#10940,#10941,#10942,#10943,#10944,
#10945,#10946,#10947,#10948,#10949,#10950,#10951,#10952,#10953,#10954,#10955,
#10956,#10957,#10958,#10959,#10960)),.RULED_SURF.,.F.,.F.,.F.,(2,2),(4,
2,2,2,2,2,2,2,2,2,2,2,2,2,2,4),(0.,1.),(0.0252186852528853,0.0298016767139585,
0.0370022966497698,0.0406026066176754,0.0442029165855811,0.0478032265534867,
0.0496033815374395,0.0514035365213923,0.0532036915053451,0.055003846489298,
0.0568040014732508,0.0586041564572036,0.0622044664251092,0.0658047763930149,
0.0730053963288261,0.077586728829045),.UNSPECIFIED.);
#39=B_SPLINE_SURFACE_WITH_KNOTS('',1,3,((#11354,#11355,#11356,#11357,#11358,
#11359,#11360,#11361,#11362,#11363,#11364,#11365,#11366,#11367,#11368,#11369,
#11370,#11371),(#11372,#11373,#11374,#11375,#11376,#11377,#11378,#11379,
#11380,#11381,#11382,#11383,#11384,#11385,#11386,#11387,#11388,#11389)),
 .RULED_SURF.,.F.,.F.,.F.,(2,2),(4,2,2,2,2,2,2,2,4),(0.,1.),(0.00415808136573341,
0.00585809369756632,0.00835740067631101,0.0108567076550557,0.0133560146338004,
0.0158553216125451,0.0183546285912898,0.0208539355700345,0.0225529167682358),
 .UNSPECIFIED.);
#40=B_SPLINE_SURFACE_WITH_KNOTS('',1,3,((#11437,#11438,#11439,#11440,#11441,
#11442,#11443,#11444,#11445,#11446,#11447,#11448,#11449,#11450,#11451,#11452,
#11453,#11454,#11455,#11456),(#11457,#11458,#11459,#11460,#11461,#11462,
#11463,#11464,#11465,#11466,#11467,#11468,#11469,#11470,#11471,#11472,#11473,
#11474,#11475,#11476)),.RULED_SURF.,.F.,.F.,.F.,(2,2),(4,2,2,2,2,2,2,2,
2,4),(0.,1.),(0.0050118767393894,0.00671464212031925,0.00921616266073085,
0.0117176832011424,0.014219203741554,0.0167207242819657,0.0192222448223773,
0.020473005092583,0.0217237653627889,0.0234264872402347),.UNSPECIFIED.);
#41=B_SPLINE_SURFACE_WITH_KNOTS('',1,3,((#11525,#11526,#11527,#11528,#11529,
#11530,#11531,#11532,#11533,#11534,#11535,#11536,#11537,#11538,#11539,#11540,
#11541,#11542,#11543,#11544),(#11545,#11546,#11547,#11548,#11549,#11550,
#11551,#11552,#11553,#11554,#11555,#11556,#11557,#11558,#11559,#11560,#11561,
#11562,#11563,#11564)),.RULED_SURF.,.F.,.F.,.F.,(2,2),(4,2,2,2,2,2,2,2,
2,4),(0.,1.),(0.00501187673940268,0.00671464212033144,0.00921616266074145,
0.0117176832011515,0.0142192037415615,0.0167207242819715,0.0192222448223815,
0.0204730050925865,0.0217237653627915,0.0234264872402362),.UNSPECIFIED.);
#42=B_SPLINE_SURFACE_WITH_KNOTS('',1,3,((#11612,#11613,#11614,#11615,#11616,
#11617,#11618,#11619,#11620,#11621,#11622,#11623,#11624,#11625,#11626,#11627,
#11628,#11629,#11630,#11631),(#11632,#11633,#11634,#11635,#11636,#11637,
#11638,#11639,#11640,#11641,#11642,#11643,#11644,#11645,#11646,#11647,#11648,
#11649,#11650,#11651)),.RULED_SURF.,.F.,.F.,.F.,(2,2),(4,2,2,2,2,2,2,2,
2,4),(0.,1.),(0.00501187673941602,0.00671464212034374,0.00921616266075219,
0.0117176832011606,0.0142192037415691,0.0167207242819775,0.019222244822386,
0.0204730050925902,0.0217237653627944,0.0234264872402381),.UNSPECIFIED.);
#43=B_SPLINE_SURFACE_WITH_KNOTS('',1,3,((#13041,#13042,#13043,#13044,#13045,
#13046,#13047,#13048,#13049,#13050,#13051,#13052,#13053,#13054,#13055,#13056,
#13057,#13058,#13059,#13060,#13061,#13062,#13063,#13064,#13065,#13066,#13067,
#13068,#13069,#13070,#13071,#13072),(#13073,#13074,#13075,#13076,#13077,
#13078,#13079,#13080,#13081,#13082,#13083,#13084,#13085,#13086,#13087,#13088,
#13089,#13090,#13091,#13092,#13093,#13094,#13095,#13096,#13097,#13098,#13099,
#13100,#13101,#13102,#13103,#13104)),.RULED_SURF.,.F.,.F.,.F.,(2,2),(4,
2,2,2,2,2,2,2,2,2,2,2,2,2,2,4),(0.,1.),(0.0252186852527554,0.0298016767138057,
0.037002296649581,0.0406026066174687,0.0442029165853564,0.0478032265532441,
0.0496033815371879,0.0514035365211318,0.0532036915050756,0.0550038464890195,
0.0568040014729633,0.0586041564569071,0.0622044664247948,0.0658047763926825,
0.0730053963284579,0.0775867288286538),.UNSPECIFIED.);
#44=B_SPLINE_SURFACE_WITH_KNOTS('',1,3,((#13125,#13126,#13127,#13128,#13129,
#13130,#13131,#13132,#13133,#13134,#13135,#13136,#13137,#13138,#13139,#13140,
#13141,#13142,#13143,#13144,#13145,#13146,#13147,#13148,#13149,#13150,#13151,
#13152,#13153,#13154,#13155,#13156),(#13157,#13158,#13159,#13160,#13161,
#13162,#13163,#13164,#13165,#13166,#13167,#13168,#13169,#13170,#13171,#13172,
#13173,#13174,#13175,#13176,#13177,#13178,#13179,#13180,#13181,#13182,#13183,
#13184,#13185,#13186,#13187,#13188)),.RULED_SURF.,.F.,.F.,.F.,(2,2),(4,
2,2,2,2,2,2,2,2,2,2,2,2,2,2,4),(0.,1.),(0.0252186852526389,0.0298016767136685,
0.0370022966494116,0.0406026066172833,0.0442029165851548,0.0478032265530264,
0.0496033815369622,0.051403536520898,0.0532036915048337,0.0550038464887695,
0.0568040014727053,0.0586041564566411,0.0622044664245127,0.0658047763923843,
0.0730053963281274,0.0775867288283028),.UNSPECIFIED.);
#45=B_SPLINE_SURFACE_WITH_KNOTS('',1,3,((#13209,#13210,#13211,#13212,#13213,
#13214,#13215,#13216,#13217,#13218,#13219,#13220,#13221,#13222,#13223,#13224,
#13225,#13226,#13227,#13228,#13229,#13230,#13231,#13232,#13233,#13234,#13235,
#13236,#13237,#13238,#13239,#13240),(#13241,#13242,#13243,#13244,#13245,
#13246,#13247,#13248,#13249,#13250,#13251,#13252,#13253,#13254,#13255,#13256,
#13257,#13258,#13259,#13260,#13261,#13262,#13263,#13264,#13265,#13266,#13267,
#13268,#13269,#13270,#13271,#13272)),.RULED_SURF.,.F.,.F.,.F.,(2,2),(4,
2,2,2,2,2,2,2,2,2,2,2,2,2,2,4),(0.,1.),(0.0252186852527639,0.0298016767138155,
0.0370022966495928,0.0406026066174815,0.0442029165853702,0.0478032265532588,
0.0496033815372032,0.0514035365211475,0.0532036915050918,0.0550038464890362,
0.0568040014729805,0.0586041564569248,0.0622044664248135,0.0658047763927022,
0.0730053963284795,0.0775867288286767),.UNSPECIFIED.);
#46=B_SPLINE_SURFACE_WITH_KNOTS('',1,3,((#13293,#13294,#13295,#13296,#13297,
#13298,#13299,#13300,#13301,#13302,#13303,#13304,#13305,#13306,#13307,#13308,
#13309,#13310,#13311,#13312,#13313,#13314,#13315,#13316,#13317,#13318,#13319,
#13320,#13321,#13322,#13323,#13324),(#13325,#13326,#13327,#13328,#13329,
#13330,#13331,#13332,#13333,#13334,#13335,#13336,#13337,#13338,#13339,#13340,
#13341,#13342,#13343,#13344,#13345,#13346,#13347,#13348,#13349,#13350,#13351,
#13352,#13353,#13354,#13355,#13356)),.RULED_SURF.,.F.,.F.,.F.,(2,2),(4,
2,2,2,2,2,2,2,2,2,2,2,2,2,2,4),(0.,1.),(0.0252186852528784,0.0298016767139505,
0.03700229664976,0.0406026066176647,0.0442029165855694,0.0478032265534742,
0.0496033815374266,0.051403536521379,0.0532036915053313,0.0550038464892837,
0.0568040014732361,0.0586041564571885,0.0622044664250932,0.065804776392998,
0.0730053963288075,0.0775867288290252),.UNSPECIFIED.);
#47=B_SPLINE_SURFACE_WITH_KNOTS('',1,3,((#13425,#13426,#13427,#13428,#13429,
#13430,#13431,#13432,#13433,#13434,#13435,#13436,#13437,#13438,#13439,#13440,
#13441,#13442),(#13443,#13444,#13445,#13446,#13447,#13448,#13449,#13450,
#13451,#13452,#13453,#13454,#13455,#13456,#13457,#13458,#13459,#13460)),
 .RULED_SURF.,.F.,.F.,.F.,(2,2),(4,2,2,2,2,2,2,2,4),(0.,1.),(0.00415808136576329,
0.00585809369761025,0.00835740067637628,0.0108567076551423,0.0133560146339083,
0.0158553216126744,0.0183546285914404,0.0208539355702064,0.0225529167684232),
 .UNSPECIFIED.);
#48=B_SPLINE_SURFACE_WITH_KNOTS('',1,3,((#13508,#13509,#13510,#13511,#13512,
#13513,#13514,#13515,#13516,#13517,#13518,#13519,#13520,#13521,#13522,#13523,
#13524,#13525,#13526,#13527),(#13528,#13529,#13530,#13531,#13532,#13533,
#13534,#13535,#13536,#13537,#13538,#13539,#13540,#13541,#13542,#13543,#13544,
#13545,#13546,#13547)),.RULED_SURF.,.F.,.F.,.F.,(2,2),(4,2,2,2,2,2,2,2,
2,4),(0.,1.),(0.00501187673931432,0.00671464212025045,0.00921616266067131,
0.0117176832010922,0.014219203741513,0.0167207242819339,0.0192222448223547,
0.0204730050925652,0.0217237653627756,0.0234264872402277),.UNSPECIFIED.);
#49=B_SPLINE_SURFACE_WITH_KNOTS('',1,3,((#13596,#13597,#13598,#13599,#13600,
#13601,#13602,#13603,#13604,#13605,#13606,#13607,#13608,#13609,#13610,#13611,
#13612,#13613,#13614,#13615),(#13616,#13617,#13618,#13619,#13620,#13621,
#13622,#13623,#13624,#13625,#13626,#13627,#13628,#13629,#13630,#13631,#13632,
#13633,#13634,#13635)),.RULED_SURF.,.F.,.F.,.F.,(2,2),(4,2,2,2,2,2,2,2,
2,4),(0.,1.),(0.00501187673922346,0.00671464212016691,0.00921616266059853,
0.0117176832010302,0.0142192037414618,0.0167207242818934,0.0192222448223251,
0.0204730050925408,0.0217237653627567,0.023426487240216),.UNSPECIFIED.);
#50=B_SPLINE_SURFACE_WITH_KNOTS('',1,3,((#13683,#13684,#13685,#13686,#13687,
#13688,#13689,#13690,#13691,#13692,#13693,#13694,#13695,#13696,#13697,#13698,
#13699,#13700,#13701,#13702),(#13703,#13704,#13705,#13706,#13707,#13708,
#13709,#13710,#13711,#13712,#13713,#13714,#13715,#13716,#13717,#13718,#13719,
#13720,#13721,#13722)),.RULED_SURF.,.F.,.F.,.F.,(2,2),(4,2,2,2,2,2,2,2,
2,4),(0.,1.),(0.00501187673913754,0.00671464212008792,0.00921616266052972,
0.0117176832009715,0.0142192037414133,0.0167207242818551,0.0192222448222969,
0.0204730050925178,0.0217237653627387,0.0234264872402049),.UNSPECIFIED.);
#51=ELLIPSE('',#6392,0.0707106781186548,0.05);
#52=ELLIPSE('',#6393,0.0707106781186547,0.05);
#53=ELLIPSE('',#6396,0.00989949493661167,0.007);
#54=ELLIPSE('',#6397,0.0201525432638166,0.01425);
#55=ELLIPSE('',#6399,0.00989949493661167,0.007);
#56=ELLIPSE('',#6400,0.0201525432638166,0.01425);
#57=ELLIPSE('',#6420,0.0207889393668845,0.0147);
#58=ELLIPSE('',#6421,0.0207889393668845,0.0147);
#59=ELLIPSE('',#6424,0.0716288536335145,0.06);
#60=ELLIPSE('',#6428,0.0716288536335144,0.06);
#61=ELLIPSE('',#6440,0.0707106781186547,0.05);
#62=ELLIPSE('',#6441,0.0707106781186548,0.05);
#63=ELLIPSE('',#6464,0.0162634559672906,0.0115);
#64=ELLIPSE('',#6466,0.0162634559672906,0.0115);
#65=ELLIPSE('',#6485,0.0162634559672906,0.0115);
#66=ELLIPSE('',#6487,0.0162634559672906,0.0115);
#67=ELLIPSE('',#6502,0.0201525432638166,0.01425);
#68=ELLIPSE('',#6503,0.0201525432638166,0.01425);
#69=ELLIPSE('',#6512,0.0201525432638166,0.01425);
#70=ELLIPSE('',#6514,0.0201525432638166,0.01425);
#71=ELLIPSE('',#6527,0.00989949493661167,0.007);
#72=ELLIPSE('',#6531,0.00989949493661167,0.007);
#73=ELLIPSE('',#6665,0.00212132034355965,0.0015);
#74=ELLIPSE('',#6667,0.00212132034355965,0.0015);
#75=ELLIPSE('',#6670,0.00212132034355965,0.0015);
#76=ELLIPSE('',#6672,0.00212132034355965,0.0015);
#77=B_SPLINE_CURVE_WITH_KNOTS('',3,(#8955,#8956,#8957,#8958),
 .UNSPECIFIED.,.F.,.F.,(4,4),(0.,0.000474799440900899),.UNSPECIFIED.);
#78=B_SPLINE_CURVE_WITH_KNOTS('',3,(#9000,#9001,#9002,#9003),
 .UNSPECIFIED.,.F.,.F.,(4,4),(0.,0.000475359899495333),.UNSPECIFIED.);
#79=B_SPLINE_CURVE_WITH_KNOTS('',3,(#9018,#9019,#9020,#9021,#9022,#9023,
#9024),.UNSPECIFIED.,.F.,.F.,(4,1,1,1,4),(0.000446514573769421,0.00322224096222295,
0.00599796735067648,0.00877369373913,0.0115494201275835),.UNSPECIFIED.);
#80=B_SPLINE_CURVE_WITH_KNOTS('',3,(#9028,#9029,#9030,#9031,#9032,#9033,
#9034),.UNSPECIFIED.,.F.,.F.,(4,1,1,1,4),(0.00044651457376936,0.0032222409622229,
0.00599796735067644,0.00877369373912998,0.0115494201275835),
 .UNSPECIFIED.);
#81=B_SPLINE_CURVE_WITH_KNOTS('',3,(#9056,#9057,#9058,#9059),
 .UNSPECIFIED.,.F.,.F.,(4,4),(0.,0.000856863195911882),.UNSPECIFIED.);
#82=B_SPLINE_CURVE_WITH_KNOTS('',3,(#9066,#9067,#9068,#9069),
 .UNSPECIFIED.,.F.,.F.,(4,4),(0.,0.000856879033466469),.UNSPECIFIED.);
#83=B_SPLINE_CURVE_WITH_KNOTS('',3,(#9075,#9076,#9077,#9078),
 .UNSPECIFIED.,.F.,.F.,(4,4),(0.,1.),.UNSPECIFIED.);
#84=B_SPLINE_CURVE_WITH_KNOTS('',3,(#9081,#9082,#9083,#9084,#9085),
 .UNSPECIFIED.,.F.,.F.,(4,1,4),(0.,0.5,1.),.UNSPECIFIED.);
#85=B_SPLINE_CURVE_WITH_KNOTS('',3,(#9134,#9135,#9136,#9137,#9138,#9139),
 .UNSPECIFIED.,.F.,.F.,(4,1,1,4),(0.000340112499196985,0.0029244422975652,
0.00550877209593342,0.0106774316926698),.UNSPECIFIED.);
#86=B_SPLINE_CURVE_WITH_KNOTS('',3,(#9148,#9149,#9150,#9151,#9152,#9153),
 .UNSPECIFIED.,.F.,.F.,(4,1,1,4),(-0.0019850548974424,0.00409733761305465,
0.00713853386830318,0.0101797301235517),.UNSPECIFIED.);
#87=B_SPLINE_CURVE_WITH_KNOTS('',3,(#9161,#9162,#9163,#9164,#9165,#9166,
#9167),.UNSPECIFIED.,.F.,.F.,(4,1,1,1,4),(0.,0.00304122064435003,0.00608244128870007,
0.0091236619330501,0.0121648825774001),.UNSPECIFIED.);
#88=B_SPLINE_CURVE_WITH_KNOTS('',3,(#9210,#9211,#9212,#9213,#9214,#9215),
 .UNSPECIFIED.,.F.,.F.,(4,1,1,4),(0.000340112499196977,0.00292444229756519,
0.00550877209593341,0.0106774316926698),.UNSPECIFIED.);
#89=B_SPLINE_CURVE_WITH_KNOTS('',3,(#9423,#9424,#9425,#9426,#9427,#9428,
#9429,#9430,#9431,#9432,#9433,#9434,#9435,#9436,#9437),.UNSPECIFIED.,.F.,
 .F.,(4,1,1,1,1,1,1,1,1,1,1,1,4),(0.,0.125,0.1875,0.25,0.3125,0.375,0.5,
0.625,0.6875,0.75,0.8125,0.875,1.),.UNSPECIFIED.);
#90=B_SPLINE_CURVE_WITH_KNOTS('',3,(#9446,#9447,#9448,#9449,#9450,#9451,
#9452,#9453,#9454),.UNSPECIFIED.,.F.,.F.,(4,1,1,1,1,1,4),(0.,0.25,0.375,
0.5,0.625,0.75,1.),.UNSPECIFIED.);
#91=B_SPLINE_CURVE_WITH_KNOTS('',3,(#9476,#9477,#9478,#9479),
 .UNSPECIFIED.,.F.,.F.,(4,4),(0.,1.),.UNSPECIFIED.);
#92=B_SPLINE_CURVE_WITH_KNOTS('',3,(#9500,#9501,#9502,#9503),
 .UNSPECIFIED.,.F.,.F.,(4,4),(0.,1.),.UNSPECIFIED.);
#93=B_SPLINE_CURVE_WITH_KNOTS('',3,(#9508,#9509,#9510,#9511),
 .UNSPECIFIED.,.F.,.F.,(4,4),(0.,1.),.UNSPECIFIED.);
#94=B_SPLINE_CURVE_WITH_KNOTS('',3,(#9532,#9533,#9534,#9535),
 .UNSPECIFIED.,.F.,.F.,(4,4),(0.,1.),.UNSPECIFIED.);
#95=B_SPLINE_CURVE_WITH_KNOTS('',3,(#9585,#9586,#9587,#9588,#9589,#9590,
#9591,#9592,#9593,#9594,#9595),.UNSPECIFIED.,.F.,.F.,(4,1,1,1,1,1,1,1,4),
(3.43351829536335E-7,0.00164160685705359,0.00328287036227763,0.00492413386750168,
0.00656539737272573,0.00820666087794978,0.00984792438317383,0.0114891878883979,
0.0131304513936219),.UNSPECIFIED.);
#96=B_SPLINE_CURVE_WITH_KNOTS('',3,(#9599,#9600,#9601,#9602,#9603,#9604,
#9605,#9606,#9607,#9608,#9609),.UNSPECIFIED.,.F.,.F.,(4,1,1,1,1,1,1,1,4),
(3.43351829625035E-7,0.00164160685706361,0.00328287036229759,0.00492413386753158,
0.00656539737276556,0.00820666087799955,0.00984792438323353,0.0114891878884675,
0.0131304513937015),.UNSPECIFIED.);
#97=B_SPLINE_CURVE_WITH_KNOTS('',3,(#9613,#9614,#9615,#9616,#9617,#9618,
#9619,#9620,#9621,#9622,#9623),.UNSPECIFIED.,.F.,.F.,(4,1,1,1,1,1,1,1,4),
(3.43351829624845E-7,0.00164160685707297,0.00328287036231632,0.00492413386755966,
0.00656539737280301,0.00820666087804635,0.0098479243832897,0.011489187888533,
0.0131304513937764),.UNSPECIFIED.);
#98=B_SPLINE_CURVE_WITH_KNOTS('',3,(#9627,#9628,#9629,#9630,#9631,#9632,
#9633,#9634,#9635,#9636,#9637),.UNSPECIFIED.,.F.,.F.,(4,1,1,1,1,1,1,1,4),
(3.43351829625003E-7,0.00164160685706305,0.00328287036229647,0.0049241338675299,
0.00656539737276332,0.00820666087799675,0.00984792438323017,0.0114891878884636,
0.013130451393697),.UNSPECIFIED.);
#99=B_SPLINE_CURVE_WITH_KNOTS('',3,(#9639,#9640,#9641,#9642,#9643),
 .UNSPECIFIED.,.F.,.F.,(4,1,4),(0.00257811824057815,0.00404082353840285,
0.00550352883622756),.UNSPECIFIED.);
#100=B_SPLINE_CURVE_WITH_KNOTS('',3,(#9646,#9647,#9648,#9649,#9650,#9651,
#9652,#9653,#9654,#9655,#9656,#9657,#9658),.UNSPECIFIED.,.F.,.F.,(4,1,1,
1,1,1,1,1,1,1,4),(0.00550352883622756,0.00814372058943441,0.0107839123426413,
0.0134241040958481,0.0147441999724515,0.016064295849055,0.0173843917256584,
0.0187044876022618,0.0213446793554687,0.0239848711086755,0.0266250628618824),
 .UNSPECIFIED.);
#101=B_SPLINE_CURVE_WITH_KNOTS('',3,(#9659,#9660,#9661,#9662,#9663),
 .UNSPECIFIED.,.F.,.F.,(4,1,4),(0.0136212611107717,0.0150837382931775,0.0165462154755833),
 .UNSPECIFIED.);
#102=B_SPLINE_CURVE_WITH_KNOTS('',3,(#9666,#9667,#9668,#9669,#9670,#9671,
#9672,#9673,#9674,#9675,#9676,#9677,#9678),.UNSPECIFIED.,.F.,.F.,(4,1,1,
1,1,1,1,1,1,1,4),(0.0165462154755833,0.0191913686202056,0.0218365217648278,
0.0244816749094501,0.0258042514817612,0.0271268280540724,0.0284494046263835,
0.0297719811986947,0.0324171343433169,0.0350622874879392,0.0377074406325615),
 .UNSPECIFIED.);
#103=B_SPLINE_CURVE_WITH_KNOTS('',3,(#9681,#9682,#9683,#9684,#9685),
 .UNSPECIFIED.,.F.,.F.,(4,1,4),(0.00754484747950232,0.00900448509913844,
0.0104641227187746),.UNSPECIFIED.);
#104=B_SPLINE_CURVE_WITH_KNOTS('',3,(#9688,#9689,#9690,#9691,#9692,#9693,
#9694,#9695,#9696,#9697,#9698,#9699,#9700),.UNSPECIFIED.,.F.,.F.,(4,1,1,
1,1,1,1,1,1,1,4),(0.0104641227187746,0.0131017913886506,0.0157394600585267,
0.0183771287284028,0.0196959630633409,0.0210147973982789,0.022333631733217,
0.023652466068155,0.0262901347380311,0.0289278034079072,0.0315654720777833),
 .UNSPECIFIED.);
#105=B_SPLINE_CURVE_WITH_KNOTS('',3,(#9701,#9702,#9703,#9704,#9705),
 .UNSPECIFIED.,.F.,.F.,(4,1,4),(0.0184894018939243,0.0199410902342591,0.021392778574594),
 .UNSPECIFIED.);
#106=B_SPLINE_CURVE_WITH_KNOTS('',3,(#9708,#9709,#9710,#9711,#9712,#9713,
#9714,#9715,#9716,#9717,#9718,#9719,#9720),.UNSPECIFIED.,.F.,.F.,(4,1,1,
1,1,1,1,1,1,1,4),(0.021392778574594,0.0240230247249863,0.0266532708753785,
0.0292835170257707,0.0305986401009669,0.031913763176163,0.0332288862513591,
0.0345440093265552,0.0371742554769474,0.0398045016273397,0.0424347477777319),
 .UNSPECIFIED.);
#107=B_SPLINE_CURVE_WITH_KNOTS('',3,(#9776,#9777,#9778,#9779),
 .UNSPECIFIED.,.F.,.F.,(4,4),(2.00296714216273E-32,0.00407458739582371),
 .UNSPECIFIED.);
#108=B_SPLINE_CURVE_WITH_KNOTS('',3,(#9783,#9784,#9785,#9786),
 .UNSPECIFIED.,.F.,.F.,(4,4),(0.0250993856128342,0.0291713348643256),
 .UNSPECIFIED.);
#109=B_SPLINE_CURVE_WITH_KNOTS('',3,(#9804,#9805,#9806,#9807),
 .UNSPECIFIED.,.F.,.F.,(4,4),(0.0250993856128343,0.0291713348643257),
 .UNSPECIFIED.);
#110=B_SPLINE_CURVE_WITH_KNOTS('',3,(#9811,#9812,#9813,#9814),
 .UNSPECIFIED.,.F.,.F.,(4,4),(0.,0.00407458739582369),.UNSPECIFIED.);
#111=B_SPLINE_CURVE_WITH_KNOTS('',3,(#9819,#9820,#9821,#9822,#9823,#9824,
#9825,#9826,#9827,#9828,#9829,#9830,#9831,#9832,#9833,#9834),
 .UNSPECIFIED.,.F.,.F.,(4,1,1,1,1,1,1,1,1,1,1,1,1,4),(0.0874342452308069,
0.0933265188231807,0.0992187924155546,0.102164929211741,0.105111066007928,
0.108057202804115,0.111003339600302,0.113949476396489,0.116895613192676,
0.119841749988863,0.12278788678505,0.125734023581237,0.128680160377424,
0.134572433969798),.UNSPECIFIED.);
#112=B_SPLINE_CURVE_WITH_KNOTS('',3,(#9838,#9839,#9840,#9841,#9842,#9843,
#9844,#9845,#9846,#9847,#9848,#9849,#9850,#9851,#9852,#9853),
 .UNSPECIFIED.,.F.,.F.,(4,1,1,1,1,1,1,1,1,1,1,1,1,4),(0.0874342452308069,
0.0933265188231807,0.0992187924155546,0.102164929211741,0.105111066007928,
0.108057202804115,0.111003339600302,0.113949476396489,0.116895613192676,
0.119841749988863,0.12278788678505,0.125734023581237,0.128680160377424,
0.134572433969798),.UNSPECIFIED.);
#113=B_SPLINE_CURVE_WITH_KNOTS('',3,(#9873,#9874,#9875,#9876,#9877,#9878,
#9879,#9880,#9881,#9882,#9883,#9884,#9885,#9886,#9887,#9888,#9889,#9890,
#9891,#9892,#9893,#9894,#9895),.UNSPECIFIED.,.F.,.F.,(4,1,1,1,1,1,1,1,1,
1,1,1,1,1,1,1,1,1,1,1,4),(6.93889390390723E-18,0.00252707125308636,0.00379060687962954,
0.00505414250617272,0.0063176781327159,0.00758121375925907,0.00821298157253066,
0.00884474938580225,0.00947651719907384,0.00979240110570963,0.0101082850123454,
0.0104241689189812,0.010740052825617,0.0113718206388886,0.0120035884521602,
0.0126353562654318,0.013898891891975,0.0151624275185181,0.0164259631450613,
0.0176894987716045,0.0202165700246908),.UNSPECIFIED.);
#114=B_SPLINE_CURVE_WITH_KNOTS('',3,(#9896,#9897,#9898,#9899,#9900,#9901,
#9902,#9903,#9904,#9905,#9906,#9907,#9908,#9909,#9910,#9911,#9912,#9913,
#9914,#9915,#9916,#9917,#9918),.UNSPECIFIED.,.F.,.F.,(4,1,1,1,1,1,1,1,1,
1,1,1,1,1,1,1,1,1,1,1,4),(1.11076499342709E-17,0.0025270712530862,0.0037906068796293,
0.00505414250617239,0.00631767813271549,0.00758121375925858,0.00821298157253013,
0.00884474938580168,0.00947651719907323,0.009792401105709,0.0101082850123448,
0.0104241689189805,0.0107400528256163,0.0113718206388879,0.0120035884521594,
0.012635356265431,0.0138988918919741,0.0151624275185172,0.0164259631450603,
0.0176894987716033,0.0202165700246895),.UNSPECIFIED.);
#115=B_SPLINE_CURVE_WITH_KNOTS('',3,(#9941,#9942,#9943,#9944,#9945,#9946,
#9947,#9948,#9949,#9950),.UNSPECIFIED.,.F.,.F.,(4,1,1,1,1,1,1,4),(0.,0.00159578972242198,
0.00319157944484395,0.00478736916726593,0.00638315888968791,0.00797894861210988,
0.00957473833453186,0.0127663177793758),.UNSPECIFIED.);
#116=B_SPLINE_CURVE_WITH_KNOTS('',3,(#9960,#9961,#9962,#9963,#9964,#9965,
#9966,#9967,#9968,#9969),.UNSPECIFIED.,.F.,.F.,(4,1,1,1,1,1,1,4),(0.,0.00159578972242198,
0.00319157944484396,0.00478736916726595,0.00638315888968793,0.00797894861210991,
0.00957473833453189,0.0127663177793759),.UNSPECIFIED.);
#117=B_SPLINE_CURVE_WITH_KNOTS('',3,(#10003,#10004,#10005,#10006,#10007,
#10008,#10009,#10010,#10011,#10012,#10013,#10014,#10015,#10016,#10017,#10018),
 .UNSPECIFIED.,.F.,.F.,(4,1,1,1,1,1,1,1,1,1,1,1,1,4),(0.0874342452308069,
0.0933265188231807,0.0992187924155546,0.102164929211741,0.105111066007928,
0.108057202804115,0.111003339600302,0.113949476396489,0.116895613192676,
0.119841749988863,0.12278788678505,0.125734023581237,0.128680160377424,
0.134572433969798),.UNSPECIFIED.);
#118=B_SPLINE_CURVE_WITH_KNOTS('',3,(#10020,#10021,#10022,#10023,#10024,
#10025,#10026,#10027,#10028,#10029,#10030,#10031,#10032,#10033,#10034,#10035),
 .UNSPECIFIED.,.F.,.F.,(4,1,1,1,1,1,1,1,1,1,1,1,1,4),(0.0874342452308069,
0.0933265188231807,0.0992187924155546,0.102164929211741,0.105111066007928,
0.108057202804115,0.111003339600302,0.113949476396489,0.116895613192676,
0.119841749988863,0.12278788678505,0.125734023581237,0.128680160377424,
0.134572433969798),.UNSPECIFIED.);
#119=B_SPLINE_CURVE_WITH_KNOTS('',3,(#10123,#10124,#10125,#10126,#10127),
 .UNSPECIFIED.,.F.,.F.,(4,1,4),(0.,0.00106714767271424,0.00213429534542848),
 .UNSPECIFIED.);
#120=B_SPLINE_CURVE_WITH_KNOTS('',3,(#10131,#10132,#10133,#10134,#10135),
 .UNSPECIFIED.,.F.,.F.,(4,1,4),(0.,0.00106714767271424,0.00213429534542848),
 .UNSPECIFIED.);
#121=B_SPLINE_CURVE_WITH_KNOTS('',3,(#10138,#10139,#10140,#10141,#10142),
 .UNSPECIFIED.,.F.,.F.,(4,1,4),(0.,0.00106714767271424,0.00213429534542848),
 .UNSPECIFIED.);
#122=B_SPLINE_CURVE_WITH_KNOTS('',3,(#10144,#10145,#10146,#10147,#10148),
 .UNSPECIFIED.,.F.,.F.,(4,1,4),(0.,0.00106714767271424,0.00213429534542847),
 .UNSPECIFIED.);
#123=B_SPLINE_CURVE_WITH_KNOTS('',3,(#10163,#10164,#10165,#10166),
 .UNSPECIFIED.,.F.,.F.,(4,4),(0.,0.00165816433410769),.UNSPECIFIED.);
#124=B_SPLINE_CURVE_WITH_KNOTS('',3,(#10170,#10171,#10172,#10173),
 .UNSPECIFIED.,.F.,.F.,(4,4),(3.77622575360896E-8,0.00165976940023934),
 .UNSPECIFIED.);
#125=B_SPLINE_CURVE_WITH_KNOTS('',3,(#10177,#10178,#10179,#10180),
 .UNSPECIFIED.,.F.,.F.,(4,4),(0.,0.00165820297378159),.UNSPECIFIED.);
#126=B_SPLINE_CURVE_WITH_KNOTS('',3,(#10184,#10185,#10186,#10187),
 .UNSPECIFIED.,.F.,.F.,(4,4),(0.,0.00165983291140657),.UNSPECIFIED.);
#127=B_SPLINE_CURVE_WITH_KNOTS('',3,(#10191,#10192,#10193,#10194),
 .UNSPECIFIED.,.F.,.F.,(4,4),(0.,0.00165816433410686),.UNSPECIFIED.);
#128=B_SPLINE_CURVE_WITH_KNOTS('',3,(#10198,#10199,#10200,#10201),
 .UNSPECIFIED.,.F.,.F.,(4,4),(3.77622575530856E-8,0.00165976940023856),
 .UNSPECIFIED.);
#129=B_SPLINE_CURVE_WITH_KNOTS('',3,(#10205,#10206,#10207,#10208),
 .UNSPECIFIED.,.F.,.F.,(4,4),(0.,0.00165816433410729),.UNSPECIFIED.);
#130=B_SPLINE_CURVE_WITH_KNOTS('',3,(#10212,#10213,#10214,#10215),
 .UNSPECIFIED.,.F.,.F.,(4,4),(3.7762257537587E-8,0.00165976940023897),
 .UNSPECIFIED.);
#131=B_SPLINE_CURVE_WITH_KNOTS('',3,(#10250,#10251,#10252,#10253,#10254,
#10255,#10256,#10257,#10258,#10259,#10260,#10261,#10262),.UNSPECIFIED.,
 .F.,.F.,(4,1,1,1,1,1,1,1,1,1,4),(0.,0.0856925151367552,0.17138503027351,
0.214231287841888,0.235654416626077,0.246365981018171,0.251721763214219,
0.257077545410266,0.278500674194455,0.299923802978643,0.342770060547021),
 .UNSPECIFIED.);
#132=B_SPLINE_CURVE_WITH_KNOTS('',3,(#10264,#10265,#10266,#10267,#10268,
#10269,#10270,#10271,#10272,#10273,#10274,#10275,#10276,#10277),
 .UNSPECIFIED.,.F.,.F.,(4,1,1,1,1,1,1,1,1,1,1,4),(0.658546127829391,0.701227861850717,
0.72256872886138,0.733239162366712,0.743909595872043,0.749244812624709,
0.754580029377375,0.765250462882706,0.786591329893369,0.829273063914695,
0.914636531957348,1.),.UNSPECIFIED.);
#133=B_SPLINE_CURVE_WITH_KNOTS('',3,(#10281,#10282,#10283,#10284,#10285,
#10286,#10287,#10288,#10289,#10290,#10291,#10292,#10293),.UNSPECIFIED.,
 .F.,.F.,(4,1,1,1,1,1,1,1,1,1,4),(0.,0.0856925151376166,0.171385030275233,
0.214231287844042,0.235654416628446,0.246365981020648,0.251721763216749,
0.25707754541285,0.278500674197254,0.299923802981658,0.342770060550466),
 .UNSPECIFIED.);
#134=B_SPLINE_CURVE_WITH_KNOTS('',3,(#10298,#10299,#10300,#10301,#10302,
#10303,#10304,#10305,#10306,#10307,#10308,#10309,#10310,#10311),
 .UNSPECIFIED.,.F.,.F.,(4,1,1,1,1,1,1,1,1,1,1,4),(0.658546127834285,0.701227861854999,
0.722568728865357,0.733239162370535,0.743909595875714,0.749244812628303,
0.754580029380892,0.765250462886071,0.786591329896428,0.829273063917143,
0.914636531958571,1.),.UNSPECIFIED.);
#135=B_SPLINE_CURVE_WITH_KNOTS('',3,(#10315,#10316,#10317,#10318,#10319,
#10320,#10321,#10322,#10323,#10324,#10325,#10326,#10327),.UNSPECIFIED.,
 .F.,.F.,(4,1,1,1,1,1,1,1,1,1,4),(0.,0.0856925151369704,0.171385030273941,
0.214231287842426,0.235654416626669,0.24636598101879,0.25172176321485,0.257077545410911,
0.278500674195154,0.299923802979396,0.342770060547882),.UNSPECIFIED.);
#136=B_SPLINE_CURVE_WITH_KNOTS('',3,(#10329,#10330,#10331,#10332,#10333,
#10334,#10335,#10336,#10337,#10338,#10339,#10340,#10341,#10342),
 .UNSPECIFIED.,.F.,.F.,(4,1,1,1,1,1,1,1,1,1,1,4),(0.658546127843588,0.70122786186314,
0.722568728872915,0.733239162377803,0.743909595882691,0.749244812635135,
0.754580029387579,0.765250462892467,0.786591329902242,0.829273063921794,
0.914636531960897,1.),.UNSPECIFIED.);
#137=B_SPLINE_CURVE_WITH_KNOTS('',3,(#10346,#10347,#10348,#10349,#10350,
#10351,#10352,#10353,#10354,#10355,#10356,#10357,#10358),.UNSPECIFIED.,
 .F.,.F.,(4,1,1,1,1,1,1,1,1,1,4),(0.,0.0856925151391845,0.171385030278369,
0.214231287847961,0.235654416632757,0.246365981025155,0.251721763221354,
0.257077545417553,0.27850067420235,0.299923802987146,0.342770060556738),
 .UNSPECIFIED.);
#138=B_SPLINE_CURVE_WITH_KNOTS('',3,(#10363,#10364,#10365,#10366,#10367,
#10368,#10369,#10370,#10371,#10372,#10373,#10374,#10375,#10376),
 .UNSPECIFIED.,.F.,.F.,(4,1,1,1,1,1,1,1,1,1,1,4),(0.658508481858471,0.701194921626162,
0.722538141510008,0.73320975145193,0.743881361393853,0.749217166364815,
0.754552971335776,0.765224581277699,0.786567801161544,0.829254240929235,
0.914627120464618,1.),.UNSPECIFIED.);
#139=B_SPLINE_CURVE_WITH_KNOTS('',3,(#10452,#10453,#10454,#10455),
 .UNSPECIFIED.,.F.,.F.,(4,4),(5.65145682339128E-9,0.013247496634799),
 .UNSPECIFIED.);
#140=B_SPLINE_CURVE_WITH_KNOTS('',3,(#10457,#10458,#10459,#10460,#10461,
#10462,#10463,#10464,#10465,#10466,#10467,#10468,#10469,#10470,#10471,#10472,
#10473,#10474,#10475,#10476,#10477,#10478,#10479,#10480,#10481,#10482,#10483,
#10484,#10485,#10486,#10487,#10488,#10489,#10490,#10491,#10492,#10493,#10494,
#10495,#10496,#10497,#10498,#10499,#10500,#10501,#10502,#10503,#10504,#10505,
#10506,#10507,#10508,#10509,#10510,#10511,#10512,#10513,#10514,#10515,#10516,
#10517,#10518,#10519,#10520,#10521,#10522,#10523,#10524,#10525,#10526,#10527,
#10528,#10529,#10530,#10531,#10532,#10533,#10534,#10535,#10536,#10537,#10538,
#10539,#10540,#10541,#10542,#10543,#10544,#10545,#10546,#10547),
 .UNSPECIFIED.,.F.,.F.,(4,1,1,1,1,1,1,1,1,1,1,1,1,1,1,1,1,1,1,1,1,1,1,1,
1,1,1,1,1,1,1,1,1,1,1,1,1,1,1,1,1,1,1,1,1,1,1,1,1,1,1,1,1,1,1,1,1,1,1,1,
1,1,1,1,1,1,1,1,1,1,1,1,1,1,1,1,1,1,1,1,1,1,1,1,1,1,1,1,4),(0.,0.03125,
0.0625,0.09375,0.109375,0.125,0.140625,0.15625,0.171875,0.1796875,0.1875,
0.1953125,0.203125,0.21875,0.234375,0.2421875,0.24609375,0.25,0.25390625,
0.2578125,0.265625,0.28125,0.296875,0.3046875,0.30859375,0.3125,0.31640625,
0.3203125,0.328125,0.34375,0.359375,0.3671875,0.375,0.3828125,0.390625,
0.40625,0.421875,0.4296875,0.43359375,0.4375,0.44140625,0.4453125,0.453125,
0.46875,0.5,0.53125,0.546875,0.5546875,0.55859375,0.5625,0.56640625,0.5703125,
0.578125,0.59375,0.609375,0.6171875,0.62109375,0.625,0.62890625,0.6328125,
0.640625,0.6484375,0.65625,0.6640625,0.671875,0.6796875,0.6875,0.6953125,
0.703125,0.71875,0.734375,0.7421875,0.75,0.7578125,0.765625,0.78125,0.796875,
0.8046875,0.8125,0.8203125,0.828125,0.84375,0.859375,0.875,0.890625,0.90625,
0.9375,0.96875,1.),.UNSPECIFIED.);
#141=B_SPLINE_CURVE_WITH_KNOTS('',3,(#10549,#10550,#10551,#10552),
 .UNSPECIFIED.,.F.,.F.,(4,4),(0.,0.0132476892197043),.UNSPECIFIED.);
#142=B_SPLINE_CURVE_WITH_KNOTS('',3,(#10553,#10554,#10555,#10556,#10557,
#10558,#10559,#10560,#10561,#10562,#10563,#10564,#10565,#10566),
 .UNSPECIFIED.,.F.,.F.,(4,1,1,1,1,1,1,1,1,1,1,4),(0.,0.125,0.1875,0.21875,
0.25,0.28125,0.3125,0.375,0.5,0.625,0.75,1.),.UNSPECIFIED.);
#143=B_SPLINE_CURVE_WITH_KNOTS('',3,(#10631,#10632,#10633,#10634),
 .UNSPECIFIED.,.F.,.F.,(4,4),(5.651456825357E-9,0.0132474966348014),
 .UNSPECIFIED.);
#144=B_SPLINE_CURVE_WITH_KNOTS('',3,(#10636,#10637,#10638,#10639,#10640,
#10641,#10642,#10643,#10644,#10645,#10646,#10647,#10648,#10649,#10650,#10651,
#10652,#10653,#10654,#10655,#10656,#10657,#10658,#10659,#10660,#10661,#10662,
#10663,#10664,#10665,#10666,#10667,#10668,#10669,#10670,#10671,#10672,#10673,
#10674,#10675,#10676,#10677,#10678,#10679,#10680,#10681,#10682,#10683,#10684,
#10685,#10686,#10687,#10688,#10689,#10690,#10691,#10692,#10693,#10694,#10695,
#10696,#10697,#10698),.UNSPECIFIED.,.F.,.F.,(4,1,1,1,1,1,1,1,1,1,1,1,1,
1,1,1,1,1,1,1,1,1,1,1,1,1,1,1,1,1,1,1,1,1,1,1,1,1,1,1,1,1,1,1,1,1,1,1,1,
1,1,1,1,1,1,1,1,1,1,1,4),(0.,0.0625,0.09375,0.109375,0.125,0.140625,0.15625,
0.1875,0.21875,0.234375,0.2421875,0.25,0.2578125,0.265625,0.28125,0.3125,
0.34375,0.359375,0.3671875,0.375,0.3828125,0.390625,0.40625,0.421875,0.4296875,
0.4375,0.4453125,0.453125,0.46875,0.484375,0.5,0.515625,0.53125,0.546875,
0.5546875,0.5625,0.5703125,0.578125,0.59375,0.609375,0.6171875,0.625,0.6328125,
0.640625,0.65625,0.6875,0.71875,0.734375,0.7421875,0.75,0.7578125,0.765625,
0.78125,0.8125,0.84375,0.859375,0.875,0.890625,0.90625,0.9375,1.),
 .UNSPECIFIED.);
#145=B_SPLINE_CURVE_WITH_KNOTS('',3,(#10700,#10701,#10702,#10703),
 .UNSPECIFIED.,.F.,.F.,(4,4),(0.,0.0132476892197068),.UNSPECIFIED.);
#146=B_SPLINE_CURVE_WITH_KNOTS('',3,(#10704,#10705,#10706,#10707,#10708,
#10709,#10710,#10711,#10712,#10713,#10714,#10715,#10716,#10717),
 .UNSPECIFIED.,.F.,.F.,(4,1,1,1,1,1,1,1,1,1,1,4),(0.,0.125,0.1875,0.21875,
0.25,0.28125,0.3125,0.375,0.5,0.625,0.75,1.),.UNSPECIFIED.);
#147=B_SPLINE_CURVE_WITH_KNOTS('',3,(#10782,#10783,#10784,#10785),
 .UNSPECIFIED.,.F.,.F.,(4,4),(5.65145683929704E-9,0.0132474966347955),
 .UNSPECIFIED.);
#148=B_SPLINE_CURVE_WITH_KNOTS('',3,(#10787,#10788,#10789,#10790,#10791,
#10792,#10793,#10794,#10795,#10796,#10797,#10798,#10799,#10800,#10801,#10802,
#10803,#10804,#10805,#10806,#10807,#10808,#10809,#10810,#10811,#10812,#10813,
#10814,#10815,#10816,#10817,#10818,#10819,#10820,#10821,#10822,#10823,#10824,
#10825,#10826,#10827,#10828,#10829,#10830,#10831,#10832,#10833,#10834,#10835,
#10836,#10837,#10838,#10839,#10840,#10841,#10842,#10843,#10844,#10845,#10846,
#10847,#10848,#10849,#10850,#10851,#10852,#10853,#10854,#10855,#10856,#10857,
#10858,#10859,#10860,#10861,#10862,#10863,#10864,#10865,#10866,#10867,#10868,
#10869,#10870,#10871,#10872,#10873,#10874,#10875,#10876,#10877),
 .UNSPECIFIED.,.F.,.F.,(4,1,1,1,1,1,1,1,1,1,1,1,1,1,1,1,1,1,1,1,1,1,1,1,
1,1,1,1,1,1,1,1,1,1,1,1,1,1,1,1,1,1,1,1,1,1,1,1,1,1,1,1,1,1,1,1,1,1,1,1,
1,1,1,1,1,1,1,1,1,1,1,1,1,1,1,1,1,1,1,1,1,1,1,1,1,1,1,1,4),(0.,0.03125,
0.0625,0.09375,0.109375,0.125,0.140625,0.15625,0.171875,0.1796875,0.1875,
0.1953125,0.203125,0.21875,0.234375,0.2421875,0.24609375,0.25,0.25390625,
0.2578125,0.265625,0.28125,0.296875,0.3046875,0.30859375,0.3125,0.31640625,
0.3203125,0.328125,0.34375,0.359375,0.3671875,0.375,0.3828125,0.390625,
0.40625,0.421875,0.4296875,0.43359375,0.4375,0.44140625,0.4453125,0.453125,
0.46875,0.5,0.53125,0.546875,0.5546875,0.55859375,0.5625,0.56640625,0.5703125,
0.578125,0.59375,0.609375,0.6171875,0.62109375,0.625,0.62890625,0.6328125,
0.640625,0.6484375,0.65625,0.6640625,0.671875,0.6796875,0.6875,0.6953125,
0.703125,0.71875,0.734375,0.7421875,0.75,0.7578125,0.765625,0.78125,0.796875,
0.8046875,0.8125,0.8203125,0.828125,0.84375,0.859375,0.875,0.890625,0.90625,
0.9375,0.96875,1.),.UNSPECIFIED.);
#149=B_SPLINE_CURVE_WITH_KNOTS('',3,(#10879,#10880,#10881,#10882),
 .UNSPECIFIED.,.F.,.F.,(4,4),(0.,0.0132476892197009),.UNSPECIFIED.);
#150=B_SPLINE_CURVE_WITH_KNOTS('',3,(#10883,#10884,#10885,#10886,#10887,
#10888,#10889,#10890,#10891,#10892,#10893,#10894,#10895,#10896),
 .UNSPECIFIED.,.F.,.F.,(4,1,1,1,1,1,1,1,1,1,1,4),(0.,0.125,0.1875,0.21875,
0.25,0.28125,0.3125,0.375,0.5,0.625,0.75,1.),.UNSPECIFIED.);
#151=B_SPLINE_CURVE_WITH_KNOTS('',3,(#10961,#10962,#10963,#10964),
 .UNSPECIFIED.,.F.,.F.,(4,4),(5.65145684713072E-9,0.0132474966348023),
 .UNSPECIFIED.);
#152=B_SPLINE_CURVE_WITH_KNOTS('',3,(#10966,#10967,#10968,#10969,#10970,
#10971,#10972,#10973,#10974,#10975,#10976,#10977,#10978,#10979,#10980,#10981,
#10982,#10983,#10984,#10985,#10986,#10987,#10988,#10989,#10990,#10991,#10992,
#10993,#10994,#10995,#10996,#10997,#10998,#10999,#11000,#11001,#11002,#11003,
#11004,#11005,#11006,#11007,#11008,#11009,#11010,#11011,#11012,#11013,#11014,
#11015,#11016,#11017,#11018,#11019,#11020,#11021,#11022,#11023,#11024,#11025,
#11026,#11027,#11028),.UNSPECIFIED.,.F.,.F.,(4,1,1,1,1,1,1,1,1,1,1,1,1,
1,1,1,1,1,1,1,1,1,1,1,1,1,1,1,1,1,1,1,1,1,1,1,1,1,1,1,1,1,1,1,1,1,1,1,1,
1,1,1,1,1,1,1,1,1,1,1,4),(0.,0.0625,0.09375,0.109375,0.125,0.140625,0.15625,
0.1875,0.21875,0.234375,0.2421875,0.25,0.2578125,0.265625,0.28125,0.3125,
0.34375,0.359375,0.3671875,0.375,0.3828125,0.390625,0.40625,0.421875,0.4296875,
0.4375,0.4453125,0.453125,0.46875,0.484375,0.5,0.515625,0.53125,0.546875,
0.5546875,0.5625,0.5703125,0.578125,0.59375,0.609375,0.6171875,0.625,0.6328125,
0.640625,0.65625,0.6875,0.71875,0.734375,0.7421875,0.75,0.7578125,0.765625,
0.78125,0.8125,0.84375,0.859375,0.875,0.890625,0.90625,0.9375,1.),
 .UNSPECIFIED.);
#153=B_SPLINE_CURVE_WITH_KNOTS('',3,(#11030,#11031,#11032,#11033),
 .UNSPECIFIED.,.F.,.F.,(4,4),(0.,0.0132476892197077),.UNSPECIFIED.);
#154=B_SPLINE_CURVE_WITH_KNOTS('',3,(#11034,#11035,#11036,#11037,#11038,
#11039,#11040,#11041,#11042,#11043,#11044,#11045,#11046,#11047),
 .UNSPECIFIED.,.F.,.F.,(4,1,1,1,1,1,1,1,1,1,1,4),(0.,0.125,0.1875,0.21875,
0.25,0.28125,0.3125,0.375,0.5,0.625,0.75,1.),.UNSPECIFIED.);
#155=B_SPLINE_CURVE_WITH_KNOTS('',3,(#11049,#11050,#11051,#11052,#11053,
#11054,#11055,#11056,#11057,#11058,#11059,#11060,#11061,#11062,#11063,#11064,
#11065,#11066,#11067,#11068,#11069,#11070,#11071,#11072,#11073,#11074,#11075,
#11076,#11077,#11078,#11079,#11080,#11081,#11082,#11083,#11084,#11085,#11086,
#11087,#11088),.UNSPECIFIED.,.T.,.F.,(1,1,1,1,1,1,1,1,1,1,1,1,1,1,1,1,1,
1,1,1,1,1,1,1,1,1,1,1,1,1,1,1,1,1,1,1,1,1,1,1,1,1,1,1),(-0.00207194087774198,
-0.00138129391835402,-0.000690646958966042,4.21924947389494E-13,0.00138129391919787,
0.00276258783797381,0.00414388175674975,0.00552517567552569,0.00690646959430163,
0.00828776351307757,0.0110503513506295,0.0124316452694054,0.0138129391881813,
0.0151942331069573,0.0165755270257332,0.0179568209445092,0.0186474679038971,
0.0193381148632851,0.0200287618226731,0.0203740853023671,0.020719408782061,
0.021064732261755,0.021410055741449,0.022100702700837,0.022791349660225,
0.0234819966196129,0.0248632905383889,0.0262445844571648,0.0276258783759408,
0.0303884662134926,0.0331510540510445,0.0359136418885964,0.0372949358073723,
0.0386762297261483,0.0400575236449242,0.0407481706043122,0.0414388175637002,
0.0421294645230881,0.0428201114824761,0.0435107584418641,0.0442014054012521,
0.045582699320028,0.0469639932388039,0.0483452871575799),.UNSPECIFIED.);
#156=B_SPLINE_CURVE_WITH_KNOTS('',3,(#11091,#11092,#11093,#11094,#11095,
#11096,#11097,#11098,#11099,#11100,#11101,#11102,#11103,#11104,#11105,#11106,
#11107,#11108,#11109,#11110,#11111,#11112,#11113,#11114,#11115,#11116,#11117,
#11118,#11119,#11120,#11121,#11122,#11123,#11124,#11125,#11126,#11127,#11128,
#11129),.UNSPECIFIED.,.T.,.F.,(1,1,1,1,1,1,1,1,1,1,1,1,1,1,1,1,1,1,1,1,
1,1,1,1,1,1,1,1,1,1,1,1,1,1,1,1,1,1,1,1,1,1,1),(-0.00416165021138751,-0.00277443347401483,
-0.00138721673664215,7.30527224373305E-13,0.000693608369416866,0.0013872167381032,
0.00208082510678954,0.00277443347547588,0.00346804184416222,0.00416165021284856,
0.00554886695022124,0.00693608368759391,0.00832330042496659,0.0110977338997119,
0.0138721673744573,0.0166466008492027,0.0180338175865753,0.019421034323948,
0.0208082510613207,0.021501859430007,0.0221954677986934,0.0228890761673797,
0.0232358803517229,0.023582684536066,0.0239294887204092,0.0242762929047524,
0.0249699012734387,0.0256635096421251,0.0263571180108114,0.0277443347481841,
0.0291315514855568,0.0305187682229294,0.0319059849603021,0.0332932016976748,
0.0360676351724201,0.0388420686471655,0.0402292853845382,0.0416165021219108,
0.0430037188592835,0.0443909355966562,0.0450845439653425,0.0457781523340289,
0.0464717607027152),.UNSPECIFIED.);
#157=B_SPLINE_CURVE_WITH_KNOTS('',3,(#11132,#11133,#11134,#11135,#11136,
#11137,#11138,#11139,#11140,#11141,#11142,#11143,#11144,#11145,#11146,#11147,
#11148,#11149,#11150),.UNSPECIFIED.,.F.,.F.,(4,1,1,1,1,1,1,1,1,1,1,1,1,
1,1,1,4),(0.,0.125,0.1875,0.25,0.3125,0.375,0.40625,0.4375,0.5,0.5625,0.59375,
0.625,0.6875,0.75,0.8125,0.875,1.),.UNSPECIFIED.);
#158=B_SPLINE_CURVE_WITH_KNOTS('',3,(#11151,#11152,#11153,#11154,#11155,
#11156,#11157,#11158,#11159,#11160,#11161,#11162,#11163,#11164,#11165,#11166,
#11167,#11168,#11169,#11170,#11171),.UNSPECIFIED.,.F.,.F.,(4,1,1,1,1,1,
1,1,1,1,1,1,1,1,1,1,1,1,4),(0.,0.125,0.1875,0.25,0.28125,0.3125,0.375,0.40625,
0.4375,0.5,0.5625,0.59375,0.625,0.6875,0.71875,0.75,0.8125,0.875,1.),
 .UNSPECIFIED.);
#159=B_SPLINE_CURVE_WITH_KNOTS('',3,(#11172,#11173,#11174,#11175,#11176,
#11177,#11178,#11179,#11180,#11181,#11182,#11183,#11184,#11185,#11186,#11187,
#11188,#11189,#11190),.UNSPECIFIED.,.F.,.F.,(4,1,1,1,1,1,1,1,1,1,1,1,1,
1,1,1,4),(0.,0.125,0.1875,0.25,0.3125,0.375,0.40625,0.4375,0.5,0.5625,0.59375,
0.625,0.6875,0.75,0.8125,0.875,1.),.UNSPECIFIED.);
#160=B_SPLINE_CURVE_WITH_KNOTS('',3,(#11191,#11192,#11193,#11194,#11195,
#11196,#11197,#11198,#11199,#11200,#11201,#11202,#11203,#11204,#11205,#11206,
#11207,#11208,#11209,#11210,#11211),.UNSPECIFIED.,.F.,.F.,(4,1,1,1,1,1,
1,1,1,1,1,1,1,1,1,1,1,1,4),(0.,0.125,0.1875,0.25,0.28125,0.3125,0.375,0.40625,
0.4375,0.5,0.5625,0.59375,0.625,0.6875,0.71875,0.75,0.8125,0.875,1.),
 .UNSPECIFIED.);
#161=B_SPLINE_CURVE_WITH_KNOTS('',3,(#11220,#11221,#11222,#11223,#11224,
#11225,#11226,#11227,#11228,#11229,#11230,#11231,#11232,#11233,#11234,#11235,
#11236,#11237,#11238,#11239,#11240,#11241,#11242,#11243,#11244,#11245,#11246,
#11247,#11248,#11249,#11250,#11251,#11252,#11253,#11254,#11255,#11256,#11257,
#11258,#11259),.UNSPECIFIED.,.T.,.F.,(1,1,1,1,1,1,1,1,1,1,1,1,1,1,1,1,1,
1,1,1,1,1,1,1,1,1,1,1,1,1,1,1,1,1,1,1,1,1,1,1,1,1,1,1),(-0.0020719408777445,
-0.00138129391835567,-0.000690646958966853,4.21958797309454E-13,0.0013812939191996,
0.00276258783797724,0.00414388175675488,0.00552517567553252,0.00690646959431017,
0.00828776351308781,0.0110503513506431,0.0124316452694207,0.0138129391881984,
0.015194233106976,0.0165755270257537,0.0179568209445313,0.0186474679039201,
0.0193381148633089,0.0200287618226978,0.0203740853023922,0.0207194087820866,
0.021064732261781,0.0214100557414754,0.0221007027008642,0.022791349660253,
0.0234819966196419,0.0248632905384195,0.0262445844571971,0.0276258783759748,
0.0303884662135301,0.0331510540510854,0.0359136418886406,0.0372949358074183,
0.0386762297261959,0.0400575236449736,0.0407481706043624,0.0414388175637512,
0.04212946452314,0.0428201114825288,0.0435107584419177,0.0442014054013065,
0.0455826993200841,0.0469639932388618,0.0483452871576394),.UNSPECIFIED.);
#162=B_SPLINE_CURVE_WITH_KNOTS('',3,(#11262,#11263,#11264,#11265,#11266,
#11267,#11268,#11269,#11270,#11271,#11272,#11273,#11274,#11275,#11276,#11277,
#11278,#11279,#11280,#11281,#11282,#11283,#11284,#11285,#11286,#11287,#11288,
#11289,#11290,#11291,#11292,#11293,#11294,#11295,#11296,#11297,#11298,#11299,
#11300),.UNSPECIFIED.,.T.,.F.,(1,1,1,1,1,1,1,1,1,1,1,1,1,1,1,1,1,1,1,1,
1,1,1,1,1,1,1,1,1,1,1,1,1,1,1,1,1,1,1,1,1,1,1),(-0.00416165021135653,-0.00277443347399416,
-0.0013872167366318,7.30563941188696E-13,0.000693608369411746,0.00138721673809293,
0.00208082510677411,0.00277443347545529,0.00346804184413647,0.00416165021281765,
0.00554886695018002,0.00693608368754238,0.00832330042490474,0.0110977338996295,
0.0138721673743542,0.0166466008490789,0.0180338175864413,0.0194210343238036,
0.020808251061166,0.0215018594298472,0.0221954677985284,0.0228890761672096,
0.0232358803515502,0.0235826845358907,0.0239294887202313,0.0242762929045719,
0.0249699012732531,0.0256635096419343,0.0263571180106155,0.0277443347479778,
0.0291315514853402,0.0305187682227026,0.0319059849600649,0.0332932016974273,
0.036067635172152,0.0388420686468767,0.0402292853842391,0.0416165021216015,
0.0430037188589638,0.0443909355963262,0.0450845439650074,0.0457781523336886,
0.0464717607023697),.UNSPECIFIED.);
#163=B_SPLINE_CURVE_WITH_KNOTS('',3,(#11307,#11308,#11309,#11310,#11311,
#11312,#11313,#11314,#11315,#11316,#11317,#11318,#11319,#11320,#11321,#11322),
 .UNSPECIFIED.,.F.,.F.,(4,1,1,1,1,1,1,1,1,1,1,1,1,4),(0.,0.125,0.1875,0.25,
0.3125,0.375,0.4375,0.46875,0.5,0.53125,0.5625,0.625,0.75,1.),
 .UNSPECIFIED.);
#164=B_SPLINE_CURVE_WITH_KNOTS('',3,(#11326,#11327,#11328,#11329,#11330,
#11331,#11332,#11333,#11334,#11335,#11336,#11337,#11338,#11339,#11340,#11341,
#11342,#11343,#11344,#11345),.UNSPECIFIED.,.F.,.F.,(4,1,1,1,1,1,1,1,1,1,
1,1,1,1,1,1,1,4),(0.,0.125,0.25,0.3125,0.375,0.4375,0.46875,0.484375,0.5,
0.515625,0.53125,0.5625,0.625,0.75,0.78125,0.8125,0.875,1.),
 .UNSPECIFIED.);
#165=B_SPLINE_CURVE_WITH_KNOTS('',3,(#11347,#11348,#11349,#11350,#11351,
#11352,#11353),.UNSPECIFIED.,.F.,.F.,(4,1,1,1,4),(0.,0.00115859749129449,
0.00231719498258899,0.00347579247388348,0.00463438996517798),
 .UNSPECIFIED.);
#166=B_SPLINE_CURVE_WITH_KNOTS('',3,(#11394,#11395,#11396,#11397,#11398,
#11399,#11400,#11401,#11402,#11403,#11404,#11405,#11406,#11407,#11408,#11409),
 .UNSPECIFIED.,.F.,.F.,(4,1,1,1,1,1,1,1,1,1,1,1,1,4),(0.,0.125,0.1875,0.25,
0.3125,0.375,0.4375,0.46875,0.5,0.53125,0.5625,0.625,0.75,1.),
 .UNSPECIFIED.);
#167=B_SPLINE_CURVE_WITH_KNOTS('',3,(#11413,#11414,#11415,#11416,#11417,
#11418,#11419,#11420,#11421,#11422,#11423,#11424,#11425,#11426,#11427,#11428),
 .UNSPECIFIED.,.F.,.F.,(4,1,1,1,1,1,1,1,1,1,1,1,1,4),(0.,0.25,0.375,0.4375,
0.46875,0.5,0.53125,0.5625,0.625,0.6875,0.75,0.8125,0.875,1.),
 .UNSPECIFIED.);
#168=B_SPLINE_CURVE_WITH_KNOTS('',3,(#11430,#11431,#11432,#11433,#11434,
#11435,#11436),.UNSPECIFIED.,.F.,.F.,(4,1,1,1,4),(0.,0.00115841887974831,
0.00231683775949662,0.00347525663924493,0.00463367551899324),
 .UNSPECIFIED.);
#169=B_SPLINE_CURVE_WITH_KNOTS('',3,(#11481,#11482,#11483,#11484,#11485,
#11486,#11487,#11488,#11489,#11490,#11491,#11492,#11493,#11494,#11495,#11496,
#11497),.UNSPECIFIED.,.F.,.F.,(4,1,1,1,1,1,1,1,1,1,1,1,1,1,4),(0.,0.125,
0.1875,0.25,0.375,0.5,0.5625,0.59375,0.609375,0.625,0.65625,0.6875,0.75,
0.875,1.),.UNSPECIFIED.);
#170=B_SPLINE_CURVE_WITH_KNOTS('',3,(#11501,#11502,#11503,#11504,#11505,
#11506,#11507,#11508,#11509,#11510,#11511,#11512,#11513,#11514,#11515,#11516),
 .UNSPECIFIED.,.F.,.F.,(4,1,1,1,1,1,1,1,1,1,1,1,1,4),(0.,0.25,0.375,0.4375,
0.46875,0.5,0.53125,0.5625,0.625,0.6875,0.75,0.8125,0.875,1.),
 .UNSPECIFIED.);
#171=B_SPLINE_CURVE_WITH_KNOTS('',3,(#11518,#11519,#11520,#11521,#11522,
#11523,#11524),.UNSPECIFIED.,.F.,.F.,(4,1,1,1,4),(0.,0.00115841887974109,
0.00231683775948219,0.00347525663922328,0.00463367551896438),
 .UNSPECIFIED.);
#172=B_SPLINE_CURVE_WITH_KNOTS('',3,(#11569,#11570,#11571,#11572,#11573,
#11574,#11575,#11576,#11577,#11578,#11579,#11580,#11581,#11582,#11583,#11584),
 .UNSPECIFIED.,.F.,.F.,(4,1,1,1,1,1,1,1,1,1,1,1,1,4),(0.,0.125,0.1875,0.25,
0.3125,0.375,0.4375,0.46875,0.5,0.53125,0.5625,0.625,0.75,1.),
 .UNSPECIFIED.);
#173=B_SPLINE_CURVE_WITH_KNOTS('',3,(#11588,#11589,#11590,#11591,#11592,
#11593,#11594,#11595,#11596,#11597,#11598,#11599,#11600,#11601,#11602,#11603),
 .UNSPECIFIED.,.F.,.F.,(4,1,1,1,1,1,1,1,1,1,1,1,1,4),(0.,0.25,0.375,0.4375,
0.46875,0.5,0.53125,0.5625,0.625,0.6875,0.75,0.8125,0.875,1.),
 .UNSPECIFIED.);
#174=B_SPLINE_CURVE_WITH_KNOTS('',3,(#11605,#11606,#11607,#11608,#11609,
#11610,#11611),.UNSPECIFIED.,.F.,.F.,(4,1,1,1,4),(0.,0.00115841887973393,
0.00231683775946786,0.00347525663920179,0.00463367551893572),
 .UNSPECIFIED.);
#175=B_SPLINE_CURVE_WITH_KNOTS('',3,(#11659,#11660,#11661,#11662,#11663,
#11664,#11665,#11666,#11667,#11668,#11669),.UNSPECIFIED.,.F.,.F.,(4,1,1,
1,1,1,1,1,4),(3.43351829624623E-7,0.00164160685708439,0.00328287036233916,
0.00492413386759393,0.0065653973728487,0.00820666087810347,0.00984792438335824,
0.011489187888613,0.0131304513938678),.UNSPECIFIED.);
#176=B_SPLINE_CURVE_WITH_KNOTS('',3,(#11673,#11674,#11675,#11676,#11677,
#11678,#11679,#11680,#11681,#11682,#11683),.UNSPECIFIED.,.F.,.F.,(4,1,1,
1,1,1,1,1,4),(3.43351829535734E-7,0.00164160685708286,0.00328287036233618,
0.0049241338675895,0.00656539737284283,0.00820666087809615,0.00984792438334947,
0.0114891878886028,0.0131304513938561),.UNSPECIFIED.);
#177=B_SPLINE_CURVE_WITH_KNOTS('',3,(#11687,#11688,#11689,#11690,#11691,
#11692,#11693,#11694,#11695,#11696,#11697),.UNSPECIFIED.,.F.,.F.,(4,1,1,
1,1,1,1,1,4),(3.43351829624687E-7,0.00164160685708148,0.00328287036233334,
0.0049241338675852,0.00656539737283706,0.00820666087808892,0.00984792438334078,
0.0114891878885926,0.0131304513938445),.UNSPECIFIED.);
#178=B_SPLINE_CURVE_WITH_KNOTS('',3,(#11701,#11702,#11703,#11704,#11705,
#11706,#11707,#11708,#11709,#11710,#11711),.UNSPECIFIED.,.F.,.F.,(4,1,1,
1,1,1,1,1,4),(3.4335182954371E-7,0.00164160685708287,0.00328287036233619,
0.00492413386758951,0.00656539737284284,0.00820666087809616,0.00984792438334948,
0.0114891878886028,0.0131304513938561),.UNSPECIFIED.);
#179=B_SPLINE_CURVE_WITH_KNOTS('',3,(#11713,#11714,#11715,#11716,#11717),
 .UNSPECIFIED.,.F.,.F.,(4,1,4),(0.00257811824057815,0.00404082353840285,
0.00550352883622756),.UNSPECIFIED.);
#180=B_SPLINE_CURVE_WITH_KNOTS('',3,(#11720,#11721,#11722,#11723,#11724,
#11725,#11726,#11727,#11728,#11729,#11730,#11731,#11732),.UNSPECIFIED.,
 .F.,.F.,(4,1,1,1,1,1,1,1,1,1,4),(0.00550352883622756,0.00814372058943441,
0.0107839123426413,0.0134241040958481,0.0147441999724515,0.016064295849055,
0.0173843917256584,0.0187044876022618,0.0213446793554687,0.0239848711086755,
0.0266250628618824),.UNSPECIFIED.);
#181=B_SPLINE_CURVE_WITH_KNOTS('',3,(#11733,#11734,#11735,#11736,#11737),
 .UNSPECIFIED.,.F.,.F.,(4,1,4),(0.0136212611107717,0.0150837382931775,0.0165462154755833),
 .UNSPECIFIED.);
#182=B_SPLINE_CURVE_WITH_KNOTS('',3,(#11740,#11741,#11742,#11743,#11744,
#11745,#11746,#11747,#11748,#11749,#11750,#11751,#11752),.UNSPECIFIED.,
 .F.,.F.,(4,1,1,1,1,1,1,1,1,1,4),(0.0165462154755833,0.0191913686202056,
0.0218365217648278,0.0244816749094501,0.0258042514817612,0.0271268280540724,
0.0284494046263835,0.0297719811986947,0.0324171343433169,0.0350622874879392,
0.0377074406325615),.UNSPECIFIED.);
#183=B_SPLINE_CURVE_WITH_KNOTS('',3,(#11755,#11756,#11757,#11758,#11759),
 .UNSPECIFIED.,.F.,.F.,(4,1,4),(0.00754484747950232,0.00900448509913844,
0.0104641227187746),.UNSPECIFIED.);
#184=B_SPLINE_CURVE_WITH_KNOTS('',3,(#11762,#11763,#11764,#11765,#11766,
#11767,#11768,#11769,#11770,#11771,#11772,#11773,#11774),.UNSPECIFIED.,
 .F.,.F.,(4,1,1,1,1,1,1,1,1,1,4),(0.0104641227187746,0.0131017913886506,
0.0157394600585267,0.0183771287284028,0.0196959630633409,0.0210147973982789,
0.022333631733217,0.023652466068155,0.0262901347380311,0.0289278034079072,
0.0315654720777833),.UNSPECIFIED.);
#185=B_SPLINE_CURVE_WITH_KNOTS('',3,(#11775,#11776,#11777,#11778,#11779),
 .UNSPECIFIED.,.F.,.F.,(4,1,4),(0.0184894018939243,0.0199410902342591,0.021392778574594),
 .UNSPECIFIED.);
#186=B_SPLINE_CURVE_WITH_KNOTS('',3,(#11782,#11783,#11784,#11785,#11786,
#11787,#11788,#11789,#11790,#11791,#11792,#11793,#11794),.UNSPECIFIED.,
 .F.,.F.,(4,1,1,1,1,1,1,1,1,1,4),(0.021392778574594,0.0240230247249863,
0.0266532708753785,0.0292835170257707,0.0305986401009669,0.031913763176163,
0.0332288862513591,0.0345440093265552,0.0371742554769474,0.0398045016273397,
0.0424347477777319),.UNSPECIFIED.);
#187=B_SPLINE_CURVE_WITH_KNOTS('',3,(#11920,#11921,#11922,#11923,#11924,
#11925,#11926,#11927,#11928,#11929,#11930,#11931,#11932,#11933),
 .UNSPECIFIED.,.F.,.F.,(4,2,2,2,2,2,4),(-0.000591702727119367,0.,0.0343416810734748,
0.0684717795818389,0.128767527173825,0.186202634619464,0.242318332195906),
 .UNSPECIFIED.);
#188=B_SPLINE_CURVE_WITH_KNOTS('',3,(#11934,#11935,#11936,#11937,#11938,
#11939,#11940,#11941,#11942,#11943,#11944,#11945,#11946,#11947),
 .UNSPECIFIED.,.F.,.F.,(4,2,2,2,2,2,4),(-0.242445402929797,-0.241854831996257,
-0.207578838796621,-0.173514023452472,-0.113333607997323,-0.0560083609304944,
0.),.UNSPECIFIED.);
#189=B_SPLINE_CURVE_WITH_KNOTS('',3,(#11949,#11950,#11951,#11952,#11953,
#11954,#11955,#11956,#11957,#11958,#11959,#11960,#11961,#11962),
 .UNSPECIFIED.,.F.,.F.,(4,2,2,2,2,2,4),(-0.242445402929734,-0.241854831996184,
-0.207578838796607,-0.173514023452459,-0.113333607997319,-0.0560083609304938,
0.),.UNSPECIFIED.);
#190=B_SPLINE_CURVE_WITH_KNOTS('',3,(#11964,#11965,#11966,#11967,#11968,
#11969,#11970,#11971,#11972,#11973,#11974,#11975,#11976,#11977),
 .UNSPECIFIED.,.F.,.F.,(4,2,2,2,2,2,4),(-0.000591702727101592,0.,0.0343416810728944,
0.0684717795805691,0.128767527171332,0.186202634615811,0.242318332191124),
 .UNSPECIFIED.);
#191=B_SPLINE_CURVE_WITH_KNOTS('',3,(#12234,#12235,#12236,#12237),
 .UNSPECIFIED.,.F.,.F.,(4,4),(0.,0.00165816433410163),.UNSPECIFIED.);
#192=B_SPLINE_CURVE_WITH_KNOTS('',3,(#12241,#12242,#12243,#12244),
 .UNSPECIFIED.,.F.,.F.,(4,4),(3.77622575294257E-8,0.00165976940023346),
 .UNSPECIFIED.);
#193=B_SPLINE_CURVE_WITH_KNOTS('',3,(#12248,#12249,#12250,#12251),
 .UNSPECIFIED.,.F.,.F.,(4,4),(0.,0.00165820297377871),.UNSPECIFIED.);
#194=B_SPLINE_CURVE_WITH_KNOTS('',3,(#12255,#12256,#12257,#12258),
 .UNSPECIFIED.,.F.,.F.,(4,4),(0.,0.00165983291140361),.UNSPECIFIED.);
#195=B_SPLINE_CURVE_WITH_KNOTS('',3,(#12262,#12263,#12264,#12265),
 .UNSPECIFIED.,.F.,.F.,(4,4),(0.,0.00165816433410687),.UNSPECIFIED.);
#196=B_SPLINE_CURVE_WITH_KNOTS('',3,(#12269,#12270,#12271,#12272),
 .UNSPECIFIED.,.F.,.F.,(4,4),(3.7762257556615E-8,0.0016597694002386),
 .UNSPECIFIED.);
#197=B_SPLINE_CURVE_WITH_KNOTS('',3,(#12276,#12277,#12278,#12279),
 .UNSPECIFIED.,.F.,.F.,(4,4),(0.,0.00165816433410416),.UNSPECIFIED.);
#198=B_SPLINE_CURVE_WITH_KNOTS('',3,(#12283,#12284,#12285,#12286),
 .UNSPECIFIED.,.F.,.F.,(4,4),(3.77622575492059E-8,0.0016597694002359),
 .UNSPECIFIED.);
#199=B_SPLINE_CURVE_WITH_KNOTS('',3,(#12296,#12297,#12298,#12299,#12300,
#12301,#12302,#12303,#12304,#12305,#12306,#12307,#12308),.UNSPECIFIED.,
 .F.,.F.,(4,1,1,1,1,1,1,1,1,1,4),(0.,0.0856925151358989,0.171385030271798,
0.214231287839747,0.235654416623722,0.246365981015709,0.251721763211703,
0.257077545407697,0.278500674191671,0.299923802975646,0.342770060543595),
 .UNSPECIFIED.);
#200=B_SPLINE_CURVE_WITH_KNOTS('',3,(#12313,#12314,#12315,#12316,#12317,
#12318,#12319,#12320,#12321,#12322,#12323,#12324,#12325,#12326),
 .UNSPECIFIED.,.F.,.F.,(4,1,1,1,1,1,1,1,1,1,1,4),(0.658508481849979,0.701194921618732,
0.722538141503108,0.733209751445296,0.743881361387484,0.749217166358578,
0.754552971329672,0.765224581271861,0.786567801156237,0.829254240924989,
0.914627120462495,1.),.UNSPECIFIED.);
#201=B_SPLINE_CURVE_WITH_KNOTS('',3,(#12330,#12331,#12332,#12333,#12334,
#12335,#12336,#12337,#12338,#12339,#12340,#12341,#12342),.UNSPECIFIED.,
 .F.,.F.,(4,1,1,1,1,1,1,1,1,1,4),(0.,0.0856925151387552,0.17138503027751,
0.214231287846888,0.235654416631577,0.246365981023921,0.251721763220094,
0.257077545416266,0.278500674200955,0.299923802985643,0.342770060555021),
 .UNSPECIFIED.);
#202=B_SPLINE_CURVE_WITH_KNOTS('',3,(#12347,#12348,#12349,#12350,#12351,
#12352,#12353,#12354,#12355,#12356,#12357,#12358,#12359,#12360),
 .UNSPECIFIED.,.F.,.F.,(4,1,1,1,1,1,1,1,1,1,1,4),(0.658546127822061,0.701227861844303,
0.722568728855425,0.733239162360985,0.743909595866546,0.749244812619326,
0.754580029372106,0.765250462877667,0.786591329888788,0.829273063911031,
0.914636531955515,1.),.UNSPECIFIED.);
#203=B_SPLINE_CURVE_WITH_KNOTS('',3,(#12364,#12365,#12366,#12367,#12368,
#12369,#12370,#12371,#12372,#12373,#12374,#12375,#12376),.UNSPECIFIED.,
 .F.,.F.,(4,1,1,1,1,1,1,1,1,1,4),(0.,0.0856925151413849,0.17138503028277,
0.214231287853462,0.235654416638808,0.246365981031481,0.251721763227818,
0.257077545424155,0.278500674209501,0.299923802994847,0.342770060565539),
 .UNSPECIFIED.);
#204=B_SPLINE_CURVE_WITH_KNOTS('',3,(#12381,#12382,#12383,#12384,#12385,
#12386,#12387,#12388,#12389,#12390,#12391,#12392,#12393,#12394),
 .UNSPECIFIED.,.F.,.F.,(4,1,1,1,1,1,1,1,1,1,1,4),(0.658546127834129,0.701227861854863,
0.72256872886523,0.733239162370413,0.743909595875597,0.749244812628189,
0.75458002938078,0.765250462885964,0.786591329896331,0.829273063917064,
0.914636531958532,1.),.UNSPECIFIED.);
#205=B_SPLINE_CURVE_WITH_KNOTS('',3,(#12398,#12399,#12400,#12401,#12402,
#12403,#12404,#12405,#12406,#12407,#12408,#12409,#12410),.UNSPECIFIED.,
 .F.,.F.,(4,1,1,1,1,1,1,1,1,1,4),(0.,0.0856925151401685,0.171385030280337,
0.214231287850421,0.235654416635463,0.246365981027984,0.251721763224245,
0.257077545420505,0.278500674205548,0.29992380299059,0.342770060560674),
 .UNSPECIFIED.);
#206=B_SPLINE_CURVE_WITH_KNOTS('',3,(#12415,#12416,#12417,#12418,#12419,
#12420,#12421,#12422,#12423,#12424,#12425,#12426,#12427,#12428),
 .UNSPECIFIED.,.F.,.F.,(4,1,1,1,1,1,1,1,1,1,1,4),(0.658546127830908,0.701227861852044,
0.722568728862613,0.733239162367897,0.743909595873181,0.749244812625823,
0.754580029378465,0.765250462883749,0.786591329894317,0.829273063915454,
0.914636531957727,1.),.UNSPECIFIED.);
#207=B_SPLINE_CURVE_WITH_KNOTS('',3,(#12432,#12433,#12434,#12435,#12436,
#12437,#12438,#12439,#12440,#12441,#12442,#12443,#12444,#12445,#12446,#12447,
#12448,#12449,#12450),.UNSPECIFIED.,.F.,.F.,(4,1,1,1,1,1,1,1,1,1,1,1,1,
1,1,1,4),(0.,0.125,0.1875,0.25,0.3125,0.375,0.40625,0.4375,0.5,0.5625,0.59375,
0.625,0.6875,0.75,0.8125,0.875,1.),.UNSPECIFIED.);
#208=B_SPLINE_CURVE_WITH_KNOTS('',3,(#12451,#12452,#12453,#12454,#12455,
#12456,#12457,#12458,#12459,#12460,#12461,#12462,#12463,#12464,#12465,#12466,
#12467,#12468,#12469,#12470,#12471),.UNSPECIFIED.,.F.,.F.,(4,1,1,1,1,1,
1,1,1,1,1,1,1,1,1,1,1,1,4),(0.,0.125,0.1875,0.25,0.28125,0.3125,0.375,0.40625,
0.4375,0.5,0.5625,0.59375,0.625,0.6875,0.71875,0.75,0.8125,0.875,1.),
 .UNSPECIFIED.);
#209=B_SPLINE_CURVE_WITH_KNOTS('',3,(#12472,#12473,#12474,#12475,#12476,
#12477,#12478,#12479,#12480,#12481,#12482,#12483,#12484,#12485,#12486,#12487,
#12488,#12489,#12490),.UNSPECIFIED.,.F.,.F.,(4,1,1,1,1,1,1,1,1,1,1,1,1,
1,1,1,4),(0.,0.125,0.1875,0.25,0.3125,0.375,0.40625,0.4375,0.5,0.5625,0.59375,
0.625,0.6875,0.75,0.8125,0.875,1.),.UNSPECIFIED.);
#210=B_SPLINE_CURVE_WITH_KNOTS('',3,(#12491,#12492,#12493,#12494,#12495,
#12496,#12497,#12498,#12499,#12500,#12501,#12502,#12503,#12504,#12505,#12506,
#12507,#12508,#12509,#12510,#12511),.UNSPECIFIED.,.F.,.F.,(4,1,1,1,1,1,
1,1,1,1,1,1,1,1,1,1,1,1,4),(0.,0.125,0.1875,0.25,0.28125,0.3125,0.375,0.40625,
0.4375,0.5,0.5625,0.59375,0.625,0.6875,0.71875,0.75,0.8125,0.875,1.),
 .UNSPECIFIED.);
#211=B_SPLINE_CURVE_WITH_KNOTS('',3,(#12515,#12516,#12517,#12518,#12519,
#12520,#12521,#12522,#12523,#12524,#12525,#12526,#12527,#12528,#12529,#12530,
#12531,#12532,#12533,#12534,#12535,#12536,#12537,#12538,#12539,#12540,#12541,
#12542,#12543,#12544,#12545,#12546,#12547,#12548,#12549,#12550,#12551,#12552,
#12553,#12554,#12555,#12556,#12557,#12558,#12559,#12560,#12561,#12562,#12563,
#12564,#12565,#12566,#12567,#12568,#12569,#12570,#12571,#12572,#12573,#12574,
#12575,#12576,#12577),.UNSPECIFIED.,.F.,.F.,(4,1,1,1,1,1,1,1,1,1,1,1,1,
1,1,1,1,1,1,1,1,1,1,1,1,1,1,1,1,1,1,1,1,1,1,1,1,1,1,1,1,1,1,1,1,1,1,1,1,
1,1,1,1,1,1,1,1,1,1,1,4),(0.,0.0625,0.09375,0.109375,0.125,0.140625,0.15625,
0.1875,0.21875,0.234375,0.2421875,0.25,0.2578125,0.265625,0.28125,0.3125,
0.34375,0.359375,0.3671875,0.375,0.3828125,0.390625,0.40625,0.421875,0.4296875,
0.4375,0.4453125,0.453125,0.46875,0.484375,0.5,0.515625,0.53125,0.546875,
0.5546875,0.5625,0.5703125,0.578125,0.59375,0.609375,0.6171875,0.625,0.6328125,
0.640625,0.65625,0.6875,0.71875,0.734375,0.7421875,0.75,0.7578125,0.765625,
0.78125,0.8125,0.84375,0.859375,0.875,0.890625,0.90625,0.9375,1.),
 .UNSPECIFIED.);
#212=B_SPLINE_CURVE_WITH_KNOTS('',3,(#12581,#12582,#12583,#12584,#12585,
#12586,#12587,#12588,#12589,#12590,#12591,#12592,#12593,#12594,#12595,#12596,
#12597,#12598,#12599,#12600,#12601,#12602,#12603,#12604,#12605,#12606,#12607,
#12608,#12609,#12610,#12611,#12612,#12613,#12614,#12615,#12616,#12617,#12618,
#12619,#12620,#12621,#12622,#12623,#12624,#12625,#12626,#12627,#12628,#12629,
#12630,#12631,#12632,#12633,#12634,#12635,#12636,#12637,#12638,#12639,#12640,
#12641,#12642,#12643,#12644,#12645,#12646,#12647,#12648,#12649,#12650,#12651,
#12652,#12653,#12654,#12655,#12656,#12657,#12658,#12659,#12660,#12661,#12662,
#12663,#12664,#12665,#12666,#12667,#12668,#12669,#12670,#12671),
 .UNSPECIFIED.,.F.,.F.,(4,1,1,1,1,1,1,1,1,1,1,1,1,1,1,1,1,1,1,1,1,1,1,1,
1,1,1,1,1,1,1,1,1,1,1,1,1,1,1,1,1,1,1,1,1,1,1,1,1,1,1,1,1,1,1,1,1,1,1,1,
1,1,1,1,1,1,1,1,1,1,1,1,1,1,1,1,1,1,1,1,1,1,1,1,1,1,1,1,4),(0.,0.03125,
0.0625,0.09375,0.109375,0.125,0.140625,0.15625,0.171875,0.1796875,0.1875,
0.1953125,0.203125,0.21875,0.234375,0.2421875,0.24609375,0.25,0.25390625,
0.2578125,0.265625,0.28125,0.296875,0.3046875,0.30859375,0.3125,0.31640625,
0.3203125,0.328125,0.34375,0.359375,0.3671875,0.375,0.3828125,0.390625,
0.40625,0.421875,0.4296875,0.43359375,0.4375,0.44140625,0.4453125,0.453125,
0.46875,0.5,0.53125,0.546875,0.5546875,0.55859375,0.5625,0.56640625,0.5703125,
0.578125,0.59375,0.609375,0.6171875,0.62109375,0.625,0.62890625,0.6328125,
0.640625,0.6484375,0.65625,0.6640625,0.671875,0.6796875,0.6875,0.6953125,
0.703125,0.71875,0.734375,0.7421875,0.75,0.7578125,0.765625,0.78125,0.796875,
0.8046875,0.8125,0.8203125,0.828125,0.84375,0.859375,0.875,0.890625,0.90625,
0.9375,0.96875,1.),.UNSPECIFIED.);
#213=B_SPLINE_CURVE_WITH_KNOTS('',3,(#12675,#12676,#12677,#12678,#12679,
#12680,#12681,#12682,#12683,#12684,#12685,#12686,#12687,#12688,#12689,#12690,
#12691,#12692,#12693,#12694,#12695,#12696,#12697,#12698,#12699,#12700,#12701,
#12702,#12703,#12704,#12705,#12706,#12707,#12708,#12709,#12710,#12711,#12712,
#12713,#12714,#12715,#12716,#12717,#12718,#12719,#12720,#12721,#12722,#12723,
#12724,#12725,#12726,#12727,#12728,#12729,#12730,#12731,#12732,#12733,#12734,
#12735,#12736,#12737),.UNSPECIFIED.,.F.,.F.,(4,1,1,1,1,1,1,1,1,1,1,1,1,
1,1,1,1,1,1,1,1,1,1,1,1,1,1,1,1,1,1,1,1,1,1,1,1,1,1,1,1,1,1,1,1,1,1,1,1,
1,1,1,1,1,1,1,1,1,1,1,4),(0.,0.0625,0.09375,0.109375,0.125,0.140625,0.15625,
0.1875,0.21875,0.234375,0.2421875,0.25,0.2578125,0.265625,0.28125,0.3125,
0.34375,0.359375,0.3671875,0.375,0.3828125,0.390625,0.40625,0.421875,0.4296875,
0.4375,0.4453125,0.453125,0.46875,0.484375,0.5,0.515625,0.53125,0.546875,
0.5546875,0.5625,0.5703125,0.578125,0.59375,0.609375,0.6171875,0.625,0.6328125,
0.640625,0.65625,0.6875,0.71875,0.734375,0.7421875,0.75,0.7578125,0.765625,
0.78125,0.8125,0.84375,0.859375,0.875,0.890625,0.90625,0.9375,1.),
 .UNSPECIFIED.);
#214=B_SPLINE_CURVE_WITH_KNOTS('',3,(#12741,#12742,#12743,#12744,#12745,
#12746,#12747,#12748,#12749,#12750,#12751,#12752,#12753,#12754,#12755,#12756,
#12757,#12758,#12759,#12760,#12761,#12762,#12763,#12764,#12765,#12766,#12767,
#12768,#12769,#12770,#12771,#12772,#12773,#12774,#12775,#12776,#12777,#12778,
#12779,#12780,#12781,#12782,#12783,#12784,#12785,#12786,#12787,#12788,#12789,
#12790,#12791,#12792,#12793,#12794,#12795,#12796,#12797,#12798,#12799,#12800,
#12801,#12802,#12803,#12804,#12805,#12806,#12807,#12808,#12809,#12810,#12811,
#12812,#12813,#12814,#12815,#12816,#12817,#12818,#12819,#12820,#12821,#12822,
#12823,#12824,#12825,#12826,#12827,#12828,#12829,#12830,#12831),
 .UNSPECIFIED.,.F.,.F.,(4,1,1,1,1,1,1,1,1,1,1,1,1,1,1,1,1,1,1,1,1,1,1,1,
1,1,1,1,1,1,1,1,1,1,1,1,1,1,1,1,1,1,1,1,1,1,1,1,1,1,1,1,1,1,1,1,1,1,1,1,
1,1,1,1,1,1,1,1,1,1,1,1,1,1,1,1,1,1,1,1,1,1,1,1,1,1,1,1,4),(0.,0.03125,
0.0625,0.09375,0.109375,0.125,0.140625,0.15625,0.171875,0.1796875,0.1875,
0.1953125,0.203125,0.21875,0.234375,0.2421875,0.24609375,0.25,0.25390625,
0.2578125,0.265625,0.28125,0.296875,0.3046875,0.30859375,0.3125,0.31640625,
0.3203125,0.328125,0.34375,0.359375,0.3671875,0.375,0.3828125,0.390625,
0.40625,0.421875,0.4296875,0.43359375,0.4375,0.44140625,0.4453125,0.453125,
0.46875,0.5,0.53125,0.546875,0.5546875,0.55859375,0.5625,0.56640625,0.5703125,
0.578125,0.59375,0.609375,0.6171875,0.62109375,0.625,0.62890625,0.6328125,
0.640625,0.6484375,0.65625,0.6640625,0.671875,0.6796875,0.6875,0.6953125,
0.703125,0.71875,0.734375,0.7421875,0.75,0.7578125,0.765625,0.78125,0.796875,
0.8046875,0.8125,0.8203125,0.828125,0.84375,0.859375,0.875,0.890625,0.90625,
0.9375,0.96875,1.),.UNSPECIFIED.);
#215=B_SPLINE_CURVE_WITH_KNOTS('',3,(#12833,#12834,#12835,#12836,#12837,
#12838,#12839,#12840,#12841,#12842,#12843,#12844,#12845,#12846,#12847,#12848,
#12849,#12850,#12851,#12852,#12853,#12854,#12855,#12856,#12857,#12858,#12859,
#12860,#12861,#12862,#12863,#12864,#12865,#12866,#12867,#12868,#12869,#12870,
#12871),.UNSPECIFIED.,.T.,.F.,(1,1,1,1,1,1,1,1,1,1,1,1,1,1,1,1,1,1,1,1,
1,1,1,1,1,1,1,1,1,1,1,1,1,1,1,1,1,1,1,1,1,1,1),(-0.00280264332992662,-0.00140132164017196,
-0.000700660795294628,4.95827046170356E-11,0.000700660894460036,0.00140132173933737,
0.0021019825842147,0.00280264342909203,0.00420396511884669,0.00560528680860136,
0.00700660849835602,0.00840793018811068,0.01121057356762,0.0140132169471293,
0.015414538636884,0.0168158603266387,0.0182171820163933,0.019618503706148,
0.0210198253959026,0.02172048624078,0.0224211470856573,0.0231218079305346,
0.0234721383529733,0.023822468775412,0.0241727991978506,0.0245231296202893,
0.0252237904651666,0.025924451310044,0.0266251121549213,0.028026433844676,
0.0294277555344306,0.0308290772241853,0.0336317206036946,0.0364343639832039,
0.0392370073627133,0.0406383290524679,0.0420396507422226,0.0434409724319772,
0.0441416332768546,0.0448422941217319,0.0455429549666092,0.0462436158114866,
0.0469442766563639),.UNSPECIFIED.);
#216=B_SPLINE_CURVE_WITH_KNOTS('',3,(#12873,#12874,#12875,#12876,#12877,
#12878,#12879,#12880,#12881,#12882,#12883,#12884,#12885,#12886,#12887,#12888,
#12889,#12890,#12891,#12892,#12893,#12894,#12895,#12896,#12897,#12898,#12899,
#12900,#12901,#12902,#12903,#12904,#12905,#12906,#12907,#12908,#12909,#12910,
#12911,#12912),.UNSPECIFIED.,.T.,.F.,(1,1,1,1,1,1,1,1,1,1,1,1,1,1,1,1,1,
1,1,1,1,1,1,1,1,1,1,1,1,1,1,1,1,1,1,1,1,1,1,1,1,1,1,1),(-0.0020719408777253,
-0.00138129391834289,-0.000690646958960484,4.21924514129957E-13,0.00138129391918675,
0.00276258783795157,0.00414388175671639,0.00552517567548122,0.00690646959424604,
0.00828776351301086,0.0110503513505405,0.0124316452693053,0.0138129391880702,
0.015194233106835,0.0165755270255998,0.0179568209443646,0.018647467903747,
0.0193381148631294,0.0200287618225119,0.0203740853022031,0.0207194087818943,
0.0210647322615855,0.0214100557412767,0.0221007027006591,0.0227913496600415,
0.0234819966194239,0.0248632905381887,0.0262445844569536,0.0276258783757184,
0.030388466213248,0.0331510540507777,0.0359136418883073,0.0372949358070721,
0.038676229725837,0.0400575236446018,0.0407481706039842,0.0414388175633666,
0.042129464522749,0.0428201114821314,0.0435107584415138,0.0442014054008963,
0.0455826993196611,0.0469639932384259,0.0483452871571907),.UNSPECIFIED.);
#217=B_SPLINE_CURVE_WITH_KNOTS('',3,(#12916,#12917,#12918,#12919,#12920,
#12921,#12922,#12923,#12924,#12925,#12926,#12927,#12928,#12929,#12930,#12931,
#12932,#12933,#12934,#12935,#12936,#12937,#12938,#12939,#12940,#12941,#12942,
#12943,#12944,#12945,#12946,#12947,#12948,#12949,#12950,#12951,#12952,#12953,
#12954),.UNSPECIFIED.,.T.,.F.,(1,1,1,1,1,1,1,1,1,1,1,1,1,1,1,1,1,1,1,1,
1,1,1,1,1,1,1,1,1,1,1,1,1,1,1,1,1,1,1,1,1,1,1),(-0.00416165021138751,-0.00277443347401483,
-0.00138721673664215,7.30527224373305E-13,0.000693608369416866,0.0013872167381032,
0.00208082510678954,0.00277443347547588,0.00346804184416222,0.00416165021284856,
0.00554886695022124,0.00693608368759391,0.00832330042496659,0.0110977338997119,
0.0138721673744573,0.0166466008492027,0.0180338175865753,0.019421034323948,
0.0208082510613207,0.021501859430007,0.0221954677986934,0.0228890761673797,
0.0232358803517229,0.023582684536066,0.0239294887204092,0.0242762929047524,
0.0249699012734387,0.0256635096421251,0.0263571180108114,0.0277443347481841,
0.0291315514855568,0.0305187682229294,0.0319059849603021,0.0332932016976748,
0.0360676351724201,0.0388420686471655,0.0402292853845382,0.0416165021219108,
0.0430037188592835,0.0443909355966562,0.0450845439653425,0.0457781523340289,
0.0464717607027152),.UNSPECIFIED.);
#218=B_SPLINE_CURVE_WITH_KNOTS('',3,(#12956,#12957,#12958,#12959,#12960,
#12961,#12962,#12963,#12964,#12965,#12966,#12967,#12968,#12969,#12970,#12971,
#12972,#12973,#12974,#12975,#12976,#12977,#12978,#12979,#12980,#12981,#12982,
#12983,#12984,#12985,#12986,#12987,#12988,#12989,#12990,#12991,#12992,#12993,
#12994,#12995),.UNSPECIFIED.,.T.,.F.,(1,1,1,1,1,1,1,1,1,1,1,1,1,1,1,1,1,
1,1,1,1,1,1,1,1,1,1,1,1,1,1,1,1,1,1,1,1,1,1,1,1,1,1,1),(-0.00207194087774309,
-0.00138129391835475,-0.000690646958966409,4.21939426218067E-13,0.00138129391919863,
0.00276258783797532,0.00414388175675201,0.0055251756755287,0.00690646959430539,
0.00828776351308208,0.0110503513506355,0.0124316452694122,0.0138129391881888,
0.0151942331069655,0.0165755270257422,0.0179568209445189,0.0186474679039073,
0.0193381148632956,0.0200287618226839,0.0203740853023781,0.0207194087820723,
0.0210647322617665,0.0214100557414606,0.022100702700849,0.0227913496602373,
0.0234819966196257,0.0248632905384024,0.0262445844571791,0.0276258783759557,
0.0303884662135091,0.0331510540510625,0.0359136418886159,0.0372949358073926,
0.0386762297261693,0.040057523644946,0.0407481706043343,0.0414388175637226,
0.042129464523111,0.0428201114824993,0.0435107584418877,0.044201405401276,
0.0455826993200527,0.0469639932388294,0.0483452871576061),.UNSPECIFIED.);
#219=B_SPLINE_CURVE_WITH_KNOTS('',3,(#13000,#13001,#13002,#13003),
 .UNSPECIFIED.,.F.,.F.,(4,4),(5.65145684933486E-9,0.0132474966348176),
 .UNSPECIFIED.);
#220=B_SPLINE_CURVE_WITH_KNOTS('',3,(#13004,#13005,#13006,#13007),
 .UNSPECIFIED.,.F.,.F.,(4,4),(0.,0.013247689219723),.UNSPECIFIED.);
#221=B_SPLINE_CURVE_WITH_KNOTS('',3,(#13008,#13009,#13010,#13011),
 .UNSPECIFIED.,.F.,.F.,(4,4),(5.65145683073352E-9,0.0132474966348111),
 .UNSPECIFIED.);
#222=B_SPLINE_CURVE_WITH_KNOTS('',3,(#13012,#13013,#13014,#13015),
 .UNSPECIFIED.,.F.,.F.,(4,4),(0.,0.0132476892197164),.UNSPECIFIED.);
#223=B_SPLINE_CURVE_WITH_KNOTS('',3,(#13016,#13017,#13018,#13019),
 .UNSPECIFIED.,.F.,.F.,(4,4),(5.65145682951225E-9,0.01324749663482),
 .UNSPECIFIED.);
#224=B_SPLINE_CURVE_WITH_KNOTS('',3,(#13020,#13021,#13022,#13023),
 .UNSPECIFIED.,.F.,.F.,(4,4),(0.,0.0132476892197253),.UNSPECIFIED.);
#225=B_SPLINE_CURVE_WITH_KNOTS('',3,(#13024,#13025,#13026,#13027),
 .UNSPECIFIED.,.F.,.F.,(4,4),(5.65145683514179E-9,0.0132474966348177),
 .UNSPECIFIED.);
#226=B_SPLINE_CURVE_WITH_KNOTS('',3,(#13028,#13029,#13030,#13031),
 .UNSPECIFIED.,.F.,.F.,(4,4),(0.,0.013247689219723),.UNSPECIFIED.);
#227=B_SPLINE_CURVE_WITH_KNOTS('',3,(#13105,#13106,#13107,#13108,#13109,
#13110,#13111,#13112,#13113,#13114,#13115,#13116,#13117,#13118),
 .UNSPECIFIED.,.F.,.F.,(4,1,1,1,1,1,1,1,1,1,1,4),(0.,0.125,0.1875,0.21875,
0.25,0.28125,0.3125,0.375,0.5,0.625,0.75,1.),.UNSPECIFIED.);
#228=B_SPLINE_CURVE_WITH_KNOTS('',3,(#13189,#13190,#13191,#13192,#13193,
#13194,#13195,#13196,#13197,#13198,#13199,#13200,#13201,#13202),
 .UNSPECIFIED.,.F.,.F.,(4,1,1,1,1,1,1,1,1,1,1,4),(0.,0.125,0.1875,0.21875,
0.25,0.28125,0.3125,0.375,0.5,0.625,0.75,1.),.UNSPECIFIED.);
#229=B_SPLINE_CURVE_WITH_KNOTS('',3,(#13273,#13274,#13275,#13276,#13277,
#13278,#13279,#13280,#13281,#13282,#13283,#13284,#13285,#13286),
 .UNSPECIFIED.,.F.,.F.,(4,1,1,1,1,1,1,1,1,1,1,4),(0.,0.125,0.1875,0.21875,
0.25,0.28125,0.3125,0.375,0.5,0.625,0.75,1.),.UNSPECIFIED.);
#230=B_SPLINE_CURVE_WITH_KNOTS('',3,(#13357,#13358,#13359,#13360,#13361,
#13362,#13363,#13364,#13365,#13366,#13367,#13368,#13369,#13370),
 .UNSPECIFIED.,.F.,.F.,(4,1,1,1,1,1,1,1,1,1,1,4),(0.,0.125,0.1875,0.21875,
0.25,0.28125,0.3125,0.375,0.5,0.625,0.75,1.),.UNSPECIFIED.);
#231=B_SPLINE_CURVE_WITH_KNOTS('',3,(#13378,#13379,#13380,#13381,#13382,
#13383,#13384,#13385,#13386,#13387,#13388,#13389,#13390,#13391,#13392,#13393),
 .UNSPECIFIED.,.F.,.F.,(4,1,1,1,1,1,1,1,1,1,1,1,1,4),(0.,0.125,0.1875,0.25,
0.3125,0.375,0.4375,0.46875,0.5,0.53125,0.5625,0.625,0.75,1.),
 .UNSPECIFIED.);
#232=B_SPLINE_CURVE_WITH_KNOTS('',3,(#13397,#13398,#13399,#13400,#13401,
#13402,#13403,#13404,#13405,#13406,#13407,#13408,#13409,#13410,#13411,#13412,
#13413,#13414,#13415,#13416),.UNSPECIFIED.,.F.,.F.,(4,1,1,1,1,1,1,1,1,1,
1,1,1,1,1,1,1,4),(0.,0.125,0.25,0.3125,0.375,0.4375,0.46875,0.484375,0.5,
0.515625,0.53125,0.5625,0.625,0.75,0.78125,0.8125,0.875,1.),
 .UNSPECIFIED.);
#233=B_SPLINE_CURVE_WITH_KNOTS('',3,(#13418,#13419,#13420,#13421,#13422,
#13423,#13424),.UNSPECIFIED.,.F.,.F.,(4,1,1,1,4),(0.,0.00115859749138272,
0.00231719498276543,0.00347579247414815,0.00463438996553087),
 .UNSPECIFIED.);
#234=B_SPLINE_CURVE_WITH_KNOTS('',3,(#13465,#13466,#13467,#13468,#13469,
#13470,#13471,#13472,#13473,#13474,#13475,#13476,#13477,#13478,#13479,#13480),
 .UNSPECIFIED.,.F.,.F.,(4,1,1,1,1,1,1,1,1,1,1,1,1,4),(0.,0.125,0.1875,0.25,
0.3125,0.375,0.4375,0.46875,0.5,0.53125,0.5625,0.625,0.75,1.),
 .UNSPECIFIED.);
#235=B_SPLINE_CURVE_WITH_KNOTS('',3,(#13484,#13485,#13486,#13487,#13488,
#13489,#13490,#13491,#13492,#13493,#13494,#13495,#13496,#13497,#13498,#13499),
 .UNSPECIFIED.,.F.,.F.,(4,1,1,1,1,1,1,1,1,1,1,1,1,4),(0.,0.25,0.375,0.4375,
0.46875,0.5,0.53125,0.5625,0.625,0.6875,0.75,0.8125,0.875,1.),
 .UNSPECIFIED.);
#236=B_SPLINE_CURVE_WITH_KNOTS('',3,(#13501,#13502,#13503,#13504,#13505,
#13506,#13507),.UNSPECIFIED.,.F.,.F.,(4,1,1,1,4),(0.,0.00115841887978295,
0.0023168377595659,0.00347525663934886,0.00463367551913181),
 .UNSPECIFIED.);
#237=B_SPLINE_CURVE_WITH_KNOTS('',3,(#13552,#13553,#13554,#13555,#13556,
#13557,#13558,#13559,#13560,#13561,#13562,#13563,#13564,#13565,#13566,#13567,
#13568),.UNSPECIFIED.,.F.,.F.,(4,1,1,1,1,1,1,1,1,1,1,1,1,1,4),(0.,0.125,
0.1875,0.25,0.375,0.5,0.5625,0.59375,0.609375,0.625,0.65625,0.6875,0.75,
0.875,1.),.UNSPECIFIED.);
#238=B_SPLINE_CURVE_WITH_KNOTS('',3,(#13572,#13573,#13574,#13575,#13576,
#13577,#13578,#13579,#13580,#13581,#13582,#13583,#13584,#13585,#13586,#13587),
 .UNSPECIFIED.,.F.,.F.,(4,1,1,1,1,1,1,1,1,1,1,1,1,4),(0.,0.25,0.375,0.4375,
0.46875,0.5,0.53125,0.5625,0.625,0.6875,0.75,0.8125,0.875,1.),
 .UNSPECIFIED.);
#239=B_SPLINE_CURVE_WITH_KNOTS('',3,(#13589,#13590,#13591,#13592,#13593,
#13594,#13595),.UNSPECIFIED.,.F.,.F.,(4,1,1,1,4),(0.,0.00115841887983202,
0.00231683775966404,0.00347525663949606,0.00463367551932808),
 .UNSPECIFIED.);
#240=B_SPLINE_CURVE_WITH_KNOTS('',3,(#13640,#13641,#13642,#13643,#13644,
#13645,#13646,#13647,#13648,#13649,#13650,#13651,#13652,#13653,#13654,#13655),
 .UNSPECIFIED.,.F.,.F.,(4,1,1,1,1,1,1,1,1,1,1,1,1,4),(0.,0.125,0.1875,0.25,
0.3125,0.375,0.4375,0.46875,0.5,0.53125,0.5625,0.625,0.75,1.),
 .UNSPECIFIED.);
#241=B_SPLINE_CURVE_WITH_KNOTS('',3,(#13659,#13660,#13661,#13662,#13663,
#13664,#13665,#13666,#13667,#13668,#13669,#13670,#13671,#13672,#13673,#13674),
 .UNSPECIFIED.,.F.,.F.,(4,1,1,1,1,1,1,1,1,1,1,1,1,4),(0.,0.25,0.375,0.4375,
0.46875,0.5,0.53125,0.5625,0.625,0.6875,0.75,0.8125,0.875,1.),
 .UNSPECIFIED.);
#242=B_SPLINE_CURVE_WITH_KNOTS('',3,(#13676,#13677,#13678,#13679,#13680,
#13681,#13682),.UNSPECIFIED.,.F.,.F.,(4,1,1,1,4),(0.,0.00115841887987836,
0.00231683775975672,0.00347525663963509,0.00463367551951345),
 .UNSPECIFIED.);
#243=LINE('',#8822,#541);
#244=LINE('',#8825,#542);
#245=LINE('',#8829,#543);
#246=LINE('',#8836,#544);
#247=LINE('',#8838,#545);
#248=LINE('',#8845,#546);
#249=LINE('',#8847,#547);
#250=LINE('',#8849,#548);
#251=LINE('',#8854,#549);
#252=LINE('',#8856,#550);
#253=LINE('',#8861,#551);
#254=LINE('',#8863,#552);
#255=LINE('',#8865,#553);
#256=LINE('',#8874,#554);
#257=LINE('',#8876,#555);
#258=LINE('',#8878,#556);
#259=LINE('',#8880,#557);
#260=LINE('',#8881,#558);
#261=LINE('',#8883,#559);
#262=LINE('',#8884,#560);
#263=LINE('',#8896,#561);
#264=LINE('',#8899,#562);
#265=LINE('',#8900,#563);
#266=LINE('',#8901,#564);
#267=LINE('',#8903,#565);
#268=LINE('',#8905,#566);
#269=LINE('',#8907,#567);
#270=LINE('',#8909,#568);
#271=LINE('',#8911,#569);
#272=LINE('',#8913,#570);
#273=LINE('',#8925,#571);
#274=LINE('',#8928,#572);
#275=LINE('',#8929,#573);
#276=LINE('',#8930,#574);
#277=LINE('',#8932,#575);
#278=LINE('',#8934,#576);
#279=LINE('',#8936,#577);
#280=LINE('',#8938,#578);
#281=LINE('',#8940,#579);
#282=LINE('',#8942,#580);
#283=LINE('',#8948,#581);
#284=LINE('',#8951,#582);
#285=LINE('',#8953,#583);
#286=LINE('',#8964,#584);
#287=LINE('',#8966,#585);
#288=LINE('',#8973,#586);
#289=LINE('',#8975,#587);
#290=LINE('',#8977,#588);
#291=LINE('',#8979,#589);
#292=LINE('',#8985,#590);
#293=LINE('',#8988,#591);
#294=LINE('',#8992,#592);
#295=LINE('',#8994,#593);
#296=LINE('',#9005,#594);
#297=LINE('',#9007,#595);
#298=LINE('',#9012,#596);
#299=LINE('',#9014,#597);
#300=LINE('',#9016,#598);
#301=LINE('',#9035,#599);
#302=LINE('',#9039,#600);
#303=LINE('',#9043,#601);
#304=LINE('',#9047,#602);
#305=LINE('',#9051,#603);
#306=LINE('',#9054,#604);
#307=LINE('',#9071,#605);
#308=LINE('',#9073,#606);
#309=LINE('',#9079,#607);
#310=LINE('',#9086,#608);
#311=LINE('',#9088,#609);
#312=LINE('',#9091,#610);
#313=LINE('',#9093,#611);
#314=LINE('',#9095,#612);
#315=LINE('',#9097,#613);
#316=LINE('',#9100,#614);
#317=LINE('',#9102,#615);
#318=LINE('',#9106,#616);
#319=LINE('',#9111,#617);
#320=LINE('',#9113,#618);
#321=LINE('',#9115,#619);
#322=LINE('',#9120,#620);
#323=LINE('',#9122,#621);
#324=LINE('',#9124,#622);
#325=LINE('',#9129,#623);
#326=LINE('',#9131,#624);
#327=LINE('',#9133,#625);
#328=LINE('',#9146,#626);
#329=LINE('',#9159,#627);
#330=LINE('',#9169,#628);
#331=LINE('',#9171,#629);
#332=LINE('',#9176,#630);
#333=LINE('',#9182,#631);
#334=LINE('',#9185,#632);
#335=LINE('',#9188,#633);
#336=LINE('',#9190,#634);
#337=LINE('',#9194,#635);
#338=LINE('',#9196,#636);
#339=LINE('',#9198,#637);
#340=LINE('',#9202,#638);
#341=LINE('',#9204,#639);
#342=LINE('',#9225,#640);
#343=LINE('',#9227,#641);
#344=LINE('',#9229,#642);
#345=LINE('',#9232,#643);
#346=LINE('',#9236,#644);
#347=LINE('',#9238,#645);
#348=LINE('',#9240,#646);
#349=LINE('',#9243,#647);
#350=LINE('',#9244,#648);
#351=LINE('',#9246,#649);
#352=LINE('',#9249,#650);
#353=LINE('',#9250,#651);
#354=LINE('',#9267,#652);
#355=LINE('',#9269,#653);
#356=LINE('',#9271,#654);
#357=LINE('',#9272,#655);
#358=LINE('',#9274,#656);
#359=LINE('',#9276,#657);
#360=LINE('',#9279,#658);
#361=LINE('',#9280,#659);
#362=LINE('',#9281,#660);
#363=LINE('',#9283,#661);
#364=LINE('',#9286,#662);
#365=LINE('',#9291,#663);
#366=LINE('',#9294,#664);
#367=LINE('',#9295,#665);
#368=LINE('',#9297,#666);
#369=LINE('',#9300,#667);
#370=LINE('',#9301,#668);
#371=LINE('',#9318,#669);
#372=LINE('',#9320,#670);
#373=LINE('',#9322,#671);
#374=LINE('',#9323,#672);
#375=LINE('',#9325,#673);
#376=LINE('',#9327,#674);
#377=LINE('',#9330,#675);
#378=LINE('',#9331,#676);
#379=LINE('',#9332,#677);
#380=LINE('',#9334,#678);
#381=LINE('',#9337,#679);
#382=LINE('',#9345,#680);
#383=LINE('',#9346,#681);
#384=LINE('',#9355,#682);
#385=LINE('',#9357,#683);
#386=LINE('',#9359,#684);
#387=LINE('',#9361,#685);
#388=LINE('',#9363,#686);
#389=LINE('',#9365,#687);
#390=LINE('',#9367,#688);
#391=LINE('',#9369,#689);
#392=LINE('',#9372,#690);
#393=LINE('',#9374,#691);
#394=LINE('',#9376,#692);
#395=LINE('',#9377,#693);
#396=LINE('',#9379,#694);
#397=LINE('',#9381,#695);
#398=LINE('',#9382,#696);
#399=LINE('',#9383,#697);
#400=LINE('',#9388,#698);
#401=LINE('',#9389,#699);
#402=LINE('',#9391,#700);
#403=LINE('',#9393,#701);
#404=LINE('',#9395,#702);
#405=LINE('',#9396,#703);
#406=LINE('',#9399,#704);
#407=LINE('',#9400,#705);
#408=LINE('',#9402,#706);
#409=LINE('',#9404,#707);
#410=LINE('',#9406,#708);
#411=LINE('',#9407,#709);
#412=LINE('',#9410,#710);
#413=LINE('',#9411,#711);
#414=LINE('',#9413,#712);
#415=LINE('',#9415,#713);
#416=LINE('',#9418,#714);
#417=LINE('',#9419,#715);
#418=LINE('',#9421,#716);
#419=LINE('',#9439,#717);
#420=LINE('',#9444,#718);
#421=LINE('',#9456,#719);
#422=LINE('',#9463,#720);
#423=LINE('',#9465,#721);
#424=LINE('',#9537,#722);
#425=LINE('',#9551,#723);
#426=LINE('',#9552,#724);
#427=LINE('',#9791,#725);
#428=LINE('',#9795,#726);
#429=LINE('',#9799,#727);
#430=LINE('',#9855,#728);
#431=LINE('',#9857,#729);
#432=LINE('',#9859,#730);
#433=LINE('',#9861,#731);
#434=LINE('',#9863,#732);
#435=LINE('',#9865,#733);
#436=LINE('',#9868,#734);
#437=LINE('',#9870,#735);
#438=LINE('',#9872,#736);
#439=LINE('',#9919,#737);
#440=LINE('',#9922,#738);
#441=LINE('',#9924,#739);
#442=LINE('',#9926,#740);
#443=LINE('',#9933,#741);
#444=LINE('',#9937,#742);
#445=LINE('',#9977,#743);
#446=LINE('',#9981,#744);
#447=LINE('',#9983,#745);
#448=LINE('',#9984,#746);
#449=LINE('',#9986,#747);
#450=LINE('',#9987,#748);
#451=LINE('',#9993,#749);
#452=LINE('',#9997,#750);
#453=LINE('',#10001,#751);
#454=LINE('',#10039,#752);
#455=LINE('',#10041,#753);
#456=LINE('',#10043,#754);
#457=LINE('',#10045,#755);
#458=LINE('',#10047,#756);
#459=LINE('',#11801,#757);
#460=LINE('',#11806,#758);
#461=LINE('',#11810,#759);
#462=LINE('',#11814,#760);
#463=LINE('',#11816,#761);
#464=LINE('',#11818,#762);
#465=LINE('',#11820,#763);
#466=LINE('',#11824,#764);
#467=LINE('',#11881,#765);
#468=LINE('',#11885,#766);
#469=LINE('',#11890,#767);
#470=LINE('',#11891,#768);
#471=LINE('',#11893,#769);
#472=LINE('',#11895,#770);
#473=LINE('',#11897,#771);
#474=LINE('',#11902,#772);
#475=LINE('',#11908,#773);
#476=LINE('',#11912,#774);
#477=LINE('',#11916,#775);
#478=LINE('',#11918,#776);
#479=LINE('',#11983,#777);
#480=LINE('',#11987,#778);
#481=LINE('',#11989,#779);
#482=LINE('',#11990,#780);
#483=LINE('',#11992,#781);
#484=LINE('',#11994,#782);
#485=LINE('',#12009,#783);
#486=LINE('',#12013,#784);
#487=LINE('',#12015,#785);
#488=LINE('',#12018,#786);
#489=LINE('',#12019,#787);
#490=LINE('',#12021,#788);
#491=LINE('',#12024,#789);
#492=LINE('',#12025,#790);
#493=LINE('',#12036,#791);
#494=LINE('',#12040,#792);
#495=LINE('',#12044,#793);
#496=LINE('',#12048,#794);
#497=LINE('',#12050,#795);
#498=LINE('',#12052,#796);
#499=LINE('',#12054,#797);
#500=LINE('',#12055,#798);
#501=LINE('',#12064,#799);
#502=LINE('',#12069,#800);
#503=LINE('',#12073,#801);
#504=LINE('',#12077,#802);
#505=LINE('',#12081,#803);
#506=LINE('',#12083,#804);
#507=LINE('',#12085,#805);
#508=LINE('',#12087,#806);
#509=LINE('',#12091,#807);
#510=LINE('',#12093,#808);
#511=LINE('',#12095,#809);
#512=LINE('',#12102,#810);
#513=LINE('',#12106,#811);
#514=LINE('',#12110,#812);
#515=LINE('',#12127,#813);
#516=LINE('',#12129,#814);
#517=LINE('',#12131,#815);
#518=LINE('',#12133,#816);
#519=LINE('',#12135,#817);
#520=LINE('',#12137,#818);
#521=LINE('',#12139,#819);
#522=LINE('',#12143,#820);
#523=LINE('',#12160,#821);
#524=LINE('',#12164,#822);
#525=LINE('',#12166,#823);
#526=LINE('',#12168,#824);
#527=LINE('',#12170,#825);
#528=LINE('',#12172,#826);
#529=LINE('',#12174,#827);
#530=LINE('',#12176,#828);
#531=LINE('',#12178,#829);
#532=LINE('',#12179,#830);
#533=LINE('',#12181,#831);
#534=LINE('',#12182,#832);
#535=LINE('',#12184,#833);
#536=LINE('',#12186,#834);
#537=LINE('',#12188,#835);
#538=LINE('',#12190,#836);
#539=LINE('',#12203,#837);
#540=LINE('',#12205,#838);
#541=VECTOR('',#7103,1.);
#542=VECTOR('',#7104,1.);
#543=VECTOR('',#7109,1.);
#544=VECTOR('',#7114,1.);
#545=VECTOR('',#7115,1.);
#546=VECTOR('',#7122,1.);
#547=VECTOR('',#7123,1.);
#548=VECTOR('',#7124,1.);
#549=VECTOR('',#7129,1.);
#550=VECTOR('',#7130,1.);
#551=VECTOR('',#7135,1.);
#552=VECTOR('',#7136,1.);
#553=VECTOR('',#7137,1.);
#554=VECTOR('',#7146,1.);
#555=VECTOR('',#7147,1.);
#556=VECTOR('',#7148,1.);
#557=VECTOR('',#7151,1.);
#558=VECTOR('',#7152,1.);
#559=VECTOR('',#7155,1.);
#560=VECTOR('',#7156,1.);
#561=VECTOR('',#7169,1.);
#562=VECTOR('',#7170,1.);
#563=VECTOR('',#7171,1.);
#564=VECTOR('',#7172,1.);
#565=VECTOR('',#7173,1.);
#566=VECTOR('',#7174,1.);
#567=VECTOR('',#7175,1.);
#568=VECTOR('',#7176,1.);
#569=VECTOR('',#7177,1.);
#570=VECTOR('',#7178,1.);
#571=VECTOR('',#7191,1.);
#572=VECTOR('',#7192,1.);
#573=VECTOR('',#7193,1.);
#574=VECTOR('',#7194,1.);
#575=VECTOR('',#7195,1.);
#576=VECTOR('',#7196,1.);
#577=VECTOR('',#7197,1.);
#578=VECTOR('',#7198,1.);
#579=VECTOR('',#7199,1.);
#580=VECTOR('',#7200,1.);
#581=VECTOR('',#7207,1.);
#582=VECTOR('',#7208,1.);
#583=VECTOR('',#7209,1.);
#584=VECTOR('',#7214,1.);
#585=VECTOR('',#7215,1.);
#586=VECTOR('',#7222,1.);
#587=VECTOR('',#7223,1.);
#588=VECTOR('',#7224,1.);
#589=VECTOR('',#7225,1.);
#590=VECTOR('',#7232,1.);
#591=VECTOR('',#7233,1.);
#592=VECTOR('',#7236,1.);
#593=VECTOR('',#7237,1.);
#594=VECTOR('',#7242,1.);
#595=VECTOR('',#7245,1.);
#596=VECTOR('',#7248,1.);
#597=VECTOR('',#7249,1.);
#598=VECTOR('',#7250,1.);
#599=VECTOR('',#7259,1.);
#600=VECTOR('',#7264,1.);
#601=VECTOR('',#7267,1.);
#602=VECTOR('',#7272,1.);
#603=VECTOR('',#7277,1.);
#604=VECTOR('',#7278,1.);
#605=VECTOR('',#7285,1.);
#606=VECTOR('',#7286,1.);
#607=VECTOR('',#7289,1.);
#608=VECTOR('',#7292,1.);
#609=VECTOR('',#7295,1.);
#610=VECTOR('',#7296,1.);
#611=VECTOR('',#7297,1.);
#612=VECTOR('',#7298,1.);
#613=VECTOR('',#7301,1.);
#614=VECTOR('',#7302,1.);
#615=VECTOR('',#7303,1.);
#616=VECTOR('',#7306,1.);
#617=VECTOR('',#7311,1.);
#618=VECTOR('',#7312,1.);
#619=VECTOR('',#7315,1.);
#620=VECTOR('',#7318,1.);
#621=VECTOR('',#7319,1.);
#622=VECTOR('',#7320,1.);
#623=VECTOR('',#7325,1.);
#624=VECTOR('',#7326,1.);
#625=VECTOR('',#7329,1.);
#626=VECTOR('',#7336,1.);
#627=VECTOR('',#7343,1.);
#628=VECTOR('',#7344,1.);
#629=VECTOR('',#7347,1.);
#630=VECTOR('',#7354,1.);
#631=VECTOR('',#7361,1.);
#632=VECTOR('',#7362,1.);
#633=VECTOR('',#7365,1.);
#634=VECTOR('',#7366,1.);
#635=VECTOR('',#7369,1.);
#636=VECTOR('',#7372,1.);
#637=VECTOR('',#7373,1.);
#638=VECTOR('',#7376,1.);
#639=VECTOR('',#7377,1.);
#640=VECTOR('',#7398,1.);
#641=VECTOR('',#7399,1.);
#642=VECTOR('',#7402,1.);
#643=VECTOR('',#7403,1.);
#644=VECTOR('',#7408,1.);
#645=VECTOR('',#7411,1.);
#646=VECTOR('',#7414,1.);
#647=VECTOR('',#7415,1.);
#648=VECTOR('',#7416,1.);
#649=VECTOR('',#7419,1.);
#650=VECTOR('',#7420,1.);
#651=VECTOR('',#7421,1.);
#652=VECTOR('',#7444,1.);
#653=VECTOR('',#7445,1.);
#654=VECTOR('',#7446,1.);
#655=VECTOR('',#7447,1.);
#656=VECTOR('',#7448,1.);
#657=VECTOR('',#7449,1.);
#658=VECTOR('',#7454,1.);
#659=VECTOR('',#7455,1.);
#660=VECTOR('',#7456,1.);
#661=VECTOR('',#7459,1.);
#662=VECTOR('',#7464,1.);
#663=VECTOR('',#7473,1.);
#664=VECTOR('',#7474,1.);
#665=VECTOR('',#7475,1.);
#666=VECTOR('',#7478,1.);
#667=VECTOR('',#7479,1.);
#668=VECTOR('',#7480,1.);
#669=VECTOR('',#7503,1.);
#670=VECTOR('',#7504,1.);
#671=VECTOR('',#7505,1.);
#672=VECTOR('',#7506,1.);
#673=VECTOR('',#7507,1.);
#674=VECTOR('',#7508,1.);
#675=VECTOR('',#7513,1.);
#676=VECTOR('',#7514,1.);
#677=VECTOR('',#7515,1.);
#678=VECTOR('',#7518,1.);
#679=VECTOR('',#7523,1.);
#680=VECTOR('',#7538,1.);
#681=VECTOR('',#7539,1.);
#682=VECTOR('',#7552,1.);
#683=VECTOR('',#7553,1.);
#684=VECTOR('',#7554,1.);
#685=VECTOR('',#7555,1.);
#686=VECTOR('',#7556,1.);
#687=VECTOR('',#7557,1.);
#688=VECTOR('',#7558,1.);
#689=VECTOR('',#7561,1.);
#690=VECTOR('',#7562,1.);
#691=VECTOR('',#7563,1.);
#692=VECTOR('',#7564,1.);
#693=VECTOR('',#7565,1.);
#694=VECTOR('',#7566,1.);
#695=VECTOR('',#7569,1.);
#696=VECTOR('',#7570,1.);
#697=VECTOR('',#7571,1.);
#698=VECTOR('',#7576,1.);
#699=VECTOR('',#7577,1.);
#700=VECTOR('',#7580,1.);
#701=VECTOR('',#7581,1.);
#702=VECTOR('',#7582,1.);
#703=VECTOR('',#7583,1.);
#704=VECTOR('',#7584,1.);
#705=VECTOR('',#7585,1.);
#706=VECTOR('',#7588,1.);
#707=VECTOR('',#7589,1.);
#708=VECTOR('',#7590,1.);
#709=VECTOR('',#7591,1.);
#710=VECTOR('',#7592,1.);
#711=VECTOR('',#7593,1.);
#712=VECTOR('',#7596,1.);
#713=VECTOR('',#7599,1.);
#714=VECTOR('',#7604,1.);
#715=VECTOR('',#7605,1.);
#716=VECTOR('',#7608,1.);
#717=VECTOR('',#7609,1.);
#718=VECTOR('',#7614,1.);
#719=VECTOR('',#7615,1.);
#720=VECTOR('',#7624,1.);
#721=VECTOR('',#7627,1.);
#722=VECTOR('',#7652,1.);
#723=VECTOR('',#7675,1.);
#724=VECTOR('',#7676,1.);
#725=VECTOR('',#7827,1.);
#726=VECTOR('',#7830,1.);
#727=VECTOR('',#7833,1.);
#728=VECTOR('',#7852,1.);
#729=VECTOR('',#7853,1.);
#730=VECTOR('',#7854,1.);
#731=VECTOR('',#7857,1.);
#732=VECTOR('',#7860,1.);
#733=VECTOR('',#7863,1.);
#734=VECTOR('',#7864,1.);
#735=VECTOR('',#7865,1.);
#736=VECTOR('',#7866,1.);
#737=VECTOR('',#7867,1.);
#738=VECTOR('',#7868,1.);
#739=VECTOR('',#7869,1.);
#740=VECTOR('',#7870,1.);
#741=VECTOR('',#7877,1.);
#742=VECTOR('',#7880,1.);
#743=VECTOR('',#7901,1.);
#744=VECTOR('',#7904,1.);
#745=VECTOR('',#7907,1.);
#746=VECTOR('',#7908,1.);
#747=VECTOR('',#7911,1.);
#748=VECTOR('',#7912,1.);
#749=VECTOR('',#7919,1.);
#750=VECTOR('',#7922,1.);
#751=VECTOR('',#7925,1.);
#752=VECTOR('',#7932,1.);
#753=VECTOR('',#7933,1.);
#754=VECTOR('',#7934,1.);
#755=VECTOR('',#7937,1.);
#756=VECTOR('',#7940,1.);
#757=VECTOR('',#8169,1.);
#758=VECTOR('',#8172,1.);
#759=VECTOR('',#8177,1.);
#760=VECTOR('',#8180,1.);
#761=VECTOR('',#8183,1.);
#762=VECTOR('',#8184,1.);
#763=VECTOR('',#8187,1.);
#764=VECTOR('',#8192,1.);
#765=VECTOR('',#8285,1.);
#766=VECTOR('',#8288,1.);
#767=VECTOR('',#8293,1.);
#768=VECTOR('',#8294,1.);
#769=VECTOR('',#8297,1.);
#770=VECTOR('',#8298,1.);
#771=VECTOR('',#8301,1.);
#772=VECTOR('',#8304,1.);
#773=VECTOR('',#8309,1.);
#774=VECTOR('',#8312,1.);
#775=VECTOR('',#8317,1.);
#776=VECTOR('',#8320,1.);
#777=VECTOR('',#8333,1.);
#778=VECTOR('',#8336,1.);
#779=VECTOR('',#8339,1.);
#780=VECTOR('',#8340,1.);
#781=VECTOR('',#8343,1.);
#782=VECTOR('',#8346,1.);
#783=VECTOR('',#8365,1.);
#784=VECTOR('',#8368,1.);
#785=VECTOR('',#8371,1.);
#786=VECTOR('',#8372,1.);
#787=VECTOR('',#8373,1.);
#788=VECTOR('',#8376,1.);
#789=VECTOR('',#8377,1.);
#790=VECTOR('',#8378,1.);
#791=VECTOR('',#8393,1.);
#792=VECTOR('',#8396,1.);
#793=VECTOR('',#8399,1.);
#794=VECTOR('',#8402,1.);
#795=VECTOR('',#8405,1.);
#796=VECTOR('',#8408,1.);
#797=VECTOR('',#8411,1.);
#798=VECTOR('',#8412,1.);
#799=VECTOR('',#8427,1.);
#800=VECTOR('',#8430,1.);
#801=VECTOR('',#8433,1.);
#802=VECTOR('',#8436,1.);
#803=VECTOR('',#8441,1.);
#804=VECTOR('',#8442,1.);
#805=VECTOR('',#8443,1.);
#806=VECTOR('',#8446,1.);
#807=VECTOR('',#8451,1.);
#808=VECTOR('',#8452,1.);
#809=VECTOR('',#8455,1.);
#810=VECTOR('',#8464,1.);
#811=VECTOR('',#8467,1.);
#812=VECTOR('',#8472,1.);
#813=VECTOR('',#8489,1.);
#814=VECTOR('',#8490,1.);
#815=VECTOR('',#8491,1.);
#816=VECTOR('',#8492,1.);
#817=VECTOR('',#8493,1.);
#818=VECTOR('',#8494,1.);
#819=VECTOR('',#8495,1.);
#820=VECTOR('',#8498,1.);
#821=VECTOR('',#8515,1.);
#822=VECTOR('',#8518,1.);
#823=VECTOR('',#8519,1.);
#824=VECTOR('',#8520,1.);
#825=VECTOR('',#8521,1.);
#826=VECTOR('',#8522,1.);
#827=VECTOR('',#8523,1.);
#828=VECTOR('',#8524,1.);
#829=VECTOR('',#8527,1.);
#830=VECTOR('',#8528,1.);
#831=VECTOR('',#8531,1.);
#832=VECTOR('',#8532,1.);
#833=VECTOR('',#8535,1.);
#834=VECTOR('',#8536,1.);
#835=VECTOR('',#8539,1.);
#836=VECTOR('',#8540,1.);
#837=VECTOR('',#8561,1.);
#838=VECTOR('',#8564,1.);
#839=CONTEXT_DEPENDENT_SHAPE_REPRESENTATION(#871,#13756);
#840=CONTEXT_DEPENDENT_SHAPE_REPRESENTATION(#872,#13758);
#841=CONTEXT_DEPENDENT_SHAPE_REPRESENTATION(#873,#13760);
#842=CONTEXT_DEPENDENT_SHAPE_REPRESENTATION(#874,#13762);
#843=CONTEXT_DEPENDENT_SHAPE_REPRESENTATION(#875,#13763);
#844=CONTEXT_DEPENDENT_SHAPE_REPRESENTATION(#876,#13765);
#845=CONTEXT_DEPENDENT_SHAPE_REPRESENTATION(#877,#13767);
#846=CONTEXT_DEPENDENT_SHAPE_REPRESENTATION(#878,#13770);
#847=CONTEXT_DEPENDENT_SHAPE_REPRESENTATION(#879,#13772);
#848=CONTEXT_DEPENDENT_SHAPE_REPRESENTATION(#880,#13774);
#849=CONTEXT_DEPENDENT_SHAPE_REPRESENTATION(#881,#13775);
#850=CONTEXT_DEPENDENT_SHAPE_REPRESENTATION(#882,#13777);
#851=CONTEXT_DEPENDENT_SHAPE_REPRESENTATION(#883,#13778);
#852=CONTEXT_DEPENDENT_SHAPE_REPRESENTATION(#884,#13779);
#853=CONTEXT_DEPENDENT_SHAPE_REPRESENTATION(#885,#13780);
#854=CONTEXT_DEPENDENT_SHAPE_REPRESENTATION(#886,#13782);
#855=NEXT_ASSEMBLY_USAGE_OCCURRENCE('NAUO1','608ZZ_Ball_Bearing',
'608ZZ_Ball_Bearing',#13783,#13784,'');
#856=NEXT_ASSEMBLY_USAGE_OCCURRENCE('NAUO2','Part 1','Part 1',#13783,#13785,
'');
#857=NEXT_ASSEMBLY_USAGE_OCCURRENCE('NAUO3','Part 1','Part 1',#13783,#13786,
'');
#858=NEXT_ASSEMBLY_USAGE_OCCURRENCE('NAUO4','Part 1','Part 1',#13783,#13787,
'');
#859=NEXT_ASSEMBLY_USAGE_OCCURRENCE('NAUO5','608ZZ_Ball_Bearing',
'608ZZ_Ball_Bearing',#13783,#13784,'');
#860=NEXT_ASSEMBLY_USAGE_OCCURRENCE('NAUO6','Part 2','Part 2',#13783,#13788,
'');
#861=NEXT_ASSEMBLY_USAGE_OCCURRENCE('NAUO7','Part 1','Part 1',#13783,#13789,
'');
#862=NEXT_ASSEMBLY_USAGE_OCCURRENCE('NAUO8','?????','?????',#13790,#13791,
'');
#863=NEXT_ASSEMBLY_USAGE_OCCURRENCE('NAUO9','???','???',#13790,#13792,
'');
#864=NEXT_ASSEMBLY_USAGE_OCCURRENCE('NAUO10','?????? (1)','?????? (1)',
#13790,#13793,'');
#865=NEXT_ASSEMBLY_USAGE_OCCURRENCE('NAUO11','Swinging Motor <1>',
'Swinging Motor <1>',#13783,#13790,'');
#866=NEXT_ASSEMBLY_USAGE_OCCURRENCE('NAUO12','?????','?????',#13794,#13791,
'');
#867=NEXT_ASSEMBLY_USAGE_OCCURRENCE('NAUO13','?????? (1)','?????? (1)',
#13794,#13793,'');
#868=NEXT_ASSEMBLY_USAGE_OCCURRENCE('NAUO14','???','???',#13794,#13792,
'');
#869=NEXT_ASSEMBLY_USAGE_OCCURRENCE('NAUO15','Central Motor <1>',
'Central Motor <1>',#13783,#13794,'');
#870=NEXT_ASSEMBLY_USAGE_OCCURRENCE('NAUO16','Part 2','Part 2',#13783,#13795,
'');
#871=(
REPRESENTATION_RELATIONSHIP(' ',' ',#6297,#6296)
REPRESENTATION_RELATIONSHIP_WITH_TRANSFORMATION(#887)
SHAPE_REPRESENTATION_RELATIONSHIP()
);
#872=(
REPRESENTATION_RELATIONSHIP(' ',' ',#6298,#6296)
REPRESENTATION_RELATIONSHIP_WITH_TRANSFORMATION(#888)
SHAPE_REPRESENTATION_RELATIONSHIP()
);
#873=(
REPRESENTATION_RELATIONSHIP(' ',' ',#6299,#6296)
REPRESENTATION_RELATIONSHIP_WITH_TRANSFORMATION(#889)
SHAPE_REPRESENTATION_RELATIONSHIP()
);
#874=(
REPRESENTATION_RELATIONSHIP(' ',' ',#6300,#6296)
REPRESENTATION_RELATIONSHIP_WITH_TRANSFORMATION(#890)
SHAPE_REPRESENTATION_RELATIONSHIP()
);
#875=(
REPRESENTATION_RELATIONSHIP(' ',' ',#6297,#6296)
REPRESENTATION_RELATIONSHIP_WITH_TRANSFORMATION(#891)
SHAPE_REPRESENTATION_RELATIONSHIP()
);
#876=(
REPRESENTATION_RELATIONSHIP(' ',' ',#6301,#6296)
REPRESENTATION_RELATIONSHIP_WITH_TRANSFORMATION(#892)
SHAPE_REPRESENTATION_RELATIONSHIP()
);
#877=(
REPRESENTATION_RELATIONSHIP(' ',' ',#6302,#6296)
REPRESENTATION_RELATIONSHIP_WITH_TRANSFORMATION(#893)
SHAPE_REPRESENTATION_RELATIONSHIP()
);
#878=(
REPRESENTATION_RELATIONSHIP(' ',' ',#6304,#6303)
REPRESENTATION_RELATIONSHIP_WITH_TRANSFORMATION(#894)
SHAPE_REPRESENTATION_RELATIONSHIP()
);
#879=(
REPRESENTATION_RELATIONSHIP(' ',' ',#6305,#6303)
REPRESENTATION_RELATIONSHIP_WITH_TRANSFORMATION(#895)
SHAPE_REPRESENTATION_RELATIONSHIP()
);
#880=(
REPRESENTATION_RELATIONSHIP(' ',' ',#6306,#6303)
REPRESENTATION_RELATIONSHIP_WITH_TRANSFORMATION(#896)
SHAPE_REPRESENTATION_RELATIONSHIP()
);
#881=(
REPRESENTATION_RELATIONSHIP(' ',' ',#6303,#6296)
REPRESENTATION_RELATIONSHIP_WITH_TRANSFORMATION(#897)
SHAPE_REPRESENTATION_RELATIONSHIP()
);
#882=(
REPRESENTATION_RELATIONSHIP(' ',' ',#6304,#6307)
REPRESENTATION_RELATIONSHIP_WITH_TRANSFORMATION(#898)
SHAPE_REPRESENTATION_RELATIONSHIP()
);
#883=(
REPRESENTATION_RELATIONSHIP(' ',' ',#6306,#6307)
REPRESENTATION_RELATIONSHIP_WITH_TRANSFORMATION(#899)
SHAPE_REPRESENTATION_RELATIONSHIP()
);
#884=(
REPRESENTATION_RELATIONSHIP(' ',' ',#6305,#6307)
REPRESENTATION_RELATIONSHIP_WITH_TRANSFORMATION(#900)
SHAPE_REPRESENTATION_RELATIONSHIP()
);
#885=(
REPRESENTATION_RELATIONSHIP(' ',' ',#6307,#6296)
REPRESENTATION_RELATIONSHIP_WITH_TRANSFORMATION(#901)
SHAPE_REPRESENTATION_RELATIONSHIP()
);
#886=(
REPRESENTATION_RELATIONSHIP(' ',' ',#6308,#6296)
REPRESENTATION_RELATIONSHIP_WITH_TRANSFORMATION(#902)
SHAPE_REPRESENTATION_RELATIONSHIP()
);
#887=ITEM_DEFINED_TRANSFORMATION(' ',' ',#6309,#6338);
#888=ITEM_DEFINED_TRANSFORMATION(' ',' ',#6309,#6553);
#889=ITEM_DEFINED_TRANSFORMATION(' ',' ',#6309,#6610);
#890=ITEM_DEFINED_TRANSFORMATION(' ',' ',#6309,#6678);
#891=ITEM_DEFINED_TRANSFORMATION(' ',' ',#6309,#6679);
#892=ITEM_DEFINED_TRANSFORMATION(' ',' ',#6309,#6758);
#893=ITEM_DEFINED_TRANSFORMATION(' ',' ',#6309,#6822);
#894=ITEM_DEFINED_TRANSFORMATION(' ',' ',#6309,#6848);
#895=ITEM_DEFINED_TRANSFORMATION(' ',' ',#6309,#6876);
#896=ITEM_DEFINED_TRANSFORMATION(' ',' ',#6309,#6944);
#897=ITEM_DEFINED_TRANSFORMATION(' ',' ',#6309,#6945);
#898=ITEM_DEFINED_TRANSFORMATION(' ',' ',#6309,#6946);
#899=ITEM_DEFINED_TRANSFORMATION(' ',' ',#6309,#6947);
#900=ITEM_DEFINED_TRANSFORMATION(' ',' ',#6309,#6948);
#901=ITEM_DEFINED_TRANSFORMATION(' ',' ',#6309,#6949);
#902=ITEM_DEFINED_TRANSFORMATION(' ',' ',#6309,#7028);
#903=SHAPE_REPRESENTATION_RELATIONSHIP('','',#6297,#913);
#904=SHAPE_REPRESENTATION_RELATIONSHIP('','',#6298,#914);
#905=SHAPE_REPRESENTATION_RELATIONSHIP('','',#6299,#915);
#906=SHAPE_REPRESENTATION_RELATIONSHIP('','',#6300,#916);
#907=SHAPE_REPRESENTATION_RELATIONSHIP('','',#6301,#917);
#908=SHAPE_REPRESENTATION_RELATIONSHIP('','',#6302,#918);
#909=SHAPE_REPRESENTATION_RELATIONSHIP('','',#6304,#919);
#910=SHAPE_REPRESENTATION_RELATIONSHIP('','',#6305,#920);
#911=SHAPE_REPRESENTATION_RELATIONSHIP('','',#6306,#921);
#912=SHAPE_REPRESENTATION_RELATIONSHIP('','',#6308,#922);
#913=ADVANCED_BREP_SHAPE_REPRESENTATION('',(#6273),#13726);
#914=ADVANCED_BREP_SHAPE_REPRESENTATION('',(#6274),#13727);
#915=ADVANCED_BREP_SHAPE_REPRESENTATION('',(#6275),#13728);
#916=ADVANCED_BREP_SHAPE_REPRESENTATION('',(#6276),#13729);
#917=ADVANCED_BREP_SHAPE_REPRESENTATION('',(#6277),#13730);
#918=ADVANCED_BREP_SHAPE_REPRESENTATION('',(#6278),#13731);
#919=ADVANCED_BREP_SHAPE_REPRESENTATION('',(#6279),#13733);
#920=ADVANCED_BREP_SHAPE_REPRESENTATION('',(#6280),#13734);
#921=ADVANCED_BREP_SHAPE_REPRESENTATION('',(#6281),#13735);
#922=ADVANCED_BREP_SHAPE_REPRESENTATION('',(#6282),#13737);
#923=CYLINDRICAL_SURFACE('',#6317,0.004);
#924=CYLINDRICAL_SURFACE('',#6331,0.011);
#925=CYLINDRICAL_SURFACE('',#6339,0.00165);
#926=CYLINDRICAL_SURFACE('',#6342,0.00165);
#927=CYLINDRICAL_SURFACE('',#6361,0.05);
#928=CYLINDRICAL_SURFACE('',#6362,0.05);
#929=CYLINDRICAL_SURFACE('',#6391,0.05);
#930=CYLINDRICAL_SURFACE('',#6394,0.05);
#931=CYLINDRICAL_SURFACE('',#6405,0.06);
#932=CYLINDRICAL_SURFACE('',#6406,0.06);
#933=CYLINDRICAL_SURFACE('',#6416,0.05);
#934=CYLINDRICAL_SURFACE('',#6417,0.0147);
#935=CYLINDRICAL_SURFACE('',#6423,0.06);
#936=CYLINDRICAL_SURFACE('',#6425,0.06);
#937=CYLINDRICAL_SURFACE('',#6435,0.0112);
#938=CYLINDRICAL_SURFACE('',#6439,0.05);
#939=CYLINDRICAL_SURFACE('',#6450,0.0016);
#940=CYLINDRICAL_SURFACE('',#6452,0.0016);
#941=CYLINDRICAL_SURFACE('',#6454,0.005);
#942=CYLINDRICAL_SURFACE('',#6456,0.0015);
#943=CYLINDRICAL_SURFACE('',#6458,0.0025);
#944=CYLINDRICAL_SURFACE('',#6471,0.0016);
#945=CYLINDRICAL_SURFACE('',#6473,0.0016);
#946=CYLINDRICAL_SURFACE('',#6475,0.005);
#947=CYLINDRICAL_SURFACE('',#6477,0.0015);
#948=CYLINDRICAL_SURFACE('',#6479,0.0025);
#949=CYLINDRICAL_SURFACE('',#6490,0.006);
#950=CYLINDRICAL_SURFACE('',#6491,0.006);
#951=CYLINDRICAL_SURFACE('',#6496,0.007);
#952=CYLINDRICAL_SURFACE('',#6510,0.01425);
#953=CYLINDRICAL_SURFACE('',#6520,0.0112);
#954=CYLINDRICAL_SURFACE('',#6536,0.007);
#955=CYLINDRICAL_SURFACE('',#6537,0.0095);
#956=CYLINDRICAL_SURFACE('',#6540,0.0115);
#957=CYLINDRICAL_SURFACE('',#6546,0.004);
#958=CYLINDRICAL_SURFACE('',#6551,0.00165);
#959=CYLINDRICAL_SURFACE('',#6552,0.00165);
#960=CYLINDRICAL_SURFACE('',#6556,0.00395);
#961=CYLINDRICAL_SURFACE('',#6578,0.0035);
#962=CYLINDRICAL_SURFACE('',#6580,0.0035);
#963=CYLINDRICAL_SURFACE('',#6582,0.0035);
#964=CYLINDRICAL_SURFACE('',#6583,0.00165);
#965=CYLINDRICAL_SURFACE('',#6586,0.0035);
#966=CYLINDRICAL_SURFACE('',#6588,0.0035);
#967=CYLINDRICAL_SURFACE('',#6590,0.0035);
#968=CYLINDRICAL_SURFACE('',#6591,0.00165);
#969=CYLINDRICAL_SURFACE('',#6594,0.0035);
#970=CYLINDRICAL_SURFACE('',#6596,0.0035);
#971=CYLINDRICAL_SURFACE('',#6598,0.0035);
#972=CYLINDRICAL_SURFACE('',#6599,0.00165);
#973=CYLINDRICAL_SURFACE('',#6602,0.0035);
#974=CYLINDRICAL_SURFACE('',#6604,0.0035);
#975=CYLINDRICAL_SURFACE('',#6606,0.0035);
#976=CYLINDRICAL_SURFACE('',#6607,0.00165);
#977=CYLINDRICAL_SURFACE('',#6611,0.0385);
#978=CYLINDRICAL_SURFACE('',#6618,0.0385);
#979=CYLINDRICAL_SURFACE('',#6634,0.00395);
#980=CYLINDRICAL_SURFACE('',#6639,0.00395);
#981=CYLINDRICAL_SURFACE('',#6645,0.0027);
#982=CYLINDRICAL_SURFACE('',#6646,0.0027);
#983=CYLINDRICAL_SURFACE('',#6664,0.0015);
#984=CYLINDRICAL_SURFACE('',#6666,0.0015);
#985=CYLINDRICAL_SURFACE('',#6668,0.0015);
#986=CYLINDRICAL_SURFACE('',#6669,0.0015);
#987=CYLINDRICAL_SURFACE('',#6671,0.0015);
#988=CYLINDRICAL_SURFACE('',#6673,0.0015);
#989=CYLINDRICAL_SURFACE('',#6674,0.001);
#990=CYLINDRICAL_SURFACE('',#6675,0.001);
#991=CYLINDRICAL_SURFACE('',#6702,0.00165);
#992=CYLINDRICAL_SURFACE('',#6704,0.00165);
#993=CYLINDRICAL_SURFACE('',#6707,0.00165);
#994=CYLINDRICAL_SURFACE('',#6709,0.003);
#995=CYLINDRICAL_SURFACE('',#6711,0.003);
#996=CYLINDRICAL_SURFACE('',#6714,0.003);
#997=CYLINDRICAL_SURFACE('',#6716,0.003);
#998=CYLINDRICAL_SURFACE('',#6719,0.00165);
#999=CYLINDRICAL_SURFACE('',#6726,0.003);
#1000=CYLINDRICAL_SURFACE('',#6727,0.003);
#1001=CYLINDRICAL_SURFACE('',#6735,0.003);
#1002=CYLINDRICAL_SURFACE('',#6736,0.003);
#1003=CYLINDRICAL_SURFACE('',#6738,0.00165);
#1004=CYLINDRICAL_SURFACE('',#6740,0.0035);
#1005=CYLINDRICAL_SURFACE('',#6743,0.00165);
#1006=CYLINDRICAL_SURFACE('',#6745,0.0035);
#1007=CYLINDRICAL_SURFACE('',#6748,0.00165);
#1008=CYLINDRICAL_SURFACE('',#6750,0.0035);
#1009=CYLINDRICAL_SURFACE('',#6753,0.00165);
#1010=CYLINDRICAL_SURFACE('',#6755,0.0035);
#1011=CYLINDRICAL_SURFACE('',#6767,0.00547618577804637);
#1012=CYLINDRICAL_SURFACE('',#6773,0.00275);
#1013=CYLINDRICAL_SURFACE('',#6776,0.00275);
#1014=CYLINDRICAL_SURFACE('',#6790,0.0035);
#1015=CYLINDRICAL_SURFACE('',#6792,0.0035);
#1016=CYLINDRICAL_SURFACE('',#6794,0.0035);
#1017=CYLINDRICAL_SURFACE('',#6795,0.00165);
#1018=CYLINDRICAL_SURFACE('',#6798,0.0035);
#1019=CYLINDRICAL_SURFACE('',#6800,0.0035);
#1020=CYLINDRICAL_SURFACE('',#6802,0.0035);
#1021=CYLINDRICAL_SURFACE('',#6803,0.00165);
#1022=CYLINDRICAL_SURFACE('',#6806,0.0035);
#1023=CYLINDRICAL_SURFACE('',#6808,0.0035);
#1024=CYLINDRICAL_SURFACE('',#6810,0.0035);
#1025=CYLINDRICAL_SURFACE('',#6811,0.00165);
#1026=CYLINDRICAL_SURFACE('',#6814,0.0035);
#1027=CYLINDRICAL_SURFACE('',#6816,0.0035);
#1028=CYLINDRICAL_SURFACE('',#6818,0.0035);
#1029=CYLINDRICAL_SURFACE('',#6819,0.00165);
#1030=CYLINDRICAL_SURFACE('',#6826,0.0101);
#1031=CYLINDRICAL_SURFACE('',#6834,0.0101);
#1032=CYLINDRICAL_SURFACE('',#6837,0.0015);
#1033=CYLINDRICAL_SURFACE('',#6839,0.0015);
#1034=CYLINDRICAL_SURFACE('',#6844,0.0075);
#1035=CYLINDRICAL_SURFACE('',#6846,0.0075);
#1036=CYLINDRICAL_SURFACE('',#6852,0.00375);
#1037=CYLINDRICAL_SURFACE('',#6861,0.0025);
#1038=CYLINDRICAL_SURFACE('',#6864,0.0025);
#1039=CYLINDRICAL_SURFACE('',#6884,0.0005);
#1040=CYLINDRICAL_SURFACE('',#6887,0.0005);
#1041=CYLINDRICAL_SURFACE('',#6889,0.0015);
#1042=CYLINDRICAL_SURFACE('',#6913,0.006);
#1043=CYLINDRICAL_SURFACE('',#6914,0.006);
#1044=CYLINDRICAL_SURFACE('',#6917,0.000915914314055335);
#1045=CYLINDRICAL_SURFACE('',#6918,0.00375);
#1046=CYLINDRICAL_SURFACE('',#6919,0.000915914314055335);
#1047=CYLINDRICAL_SURFACE('',#6922,0.00204561462145994);
#1048=CYLINDRICAL_SURFACE('',#6925,0.00199999995529652);
#1049=CYLINDRICAL_SURFACE('',#6926,0.0005);
#1050=CYLINDRICAL_SURFACE('',#6928,0.0005);
#1051=CYLINDRICAL_SURFACE('',#6940,0.01115);
#1052=CYLINDRICAL_SURFACE('',#6941,0.01115);
#1053=CYLINDRICAL_SURFACE('',#6942,0.0016);
#1054=CYLINDRICAL_SURFACE('',#6943,0.0016);
#1055=CYLINDRICAL_SURFACE('',#6964,0.003);
#1056=CYLINDRICAL_SURFACE('',#6967,0.003);
#1057=CYLINDRICAL_SURFACE('',#6970,0.003);
#1058=CYLINDRICAL_SURFACE('',#6973,0.003);
#1059=CYLINDRICAL_SURFACE('',#6988,0.00165);
#1060=CYLINDRICAL_SURFACE('',#6990,0.003);
#1061=CYLINDRICAL_SURFACE('',#6993,0.00165);
#1062=CYLINDRICAL_SURFACE('',#6995,0.003);
#1063=CYLINDRICAL_SURFACE('',#6998,0.00165);
#1064=CYLINDRICAL_SURFACE('',#7000,0.003);
#1065=CYLINDRICAL_SURFACE('',#7003,0.00165);
#1066=CYLINDRICAL_SURFACE('',#7005,0.003);
#1067=CYLINDRICAL_SURFACE('',#7008,0.00165);
#1068=CYLINDRICAL_SURFACE('',#7010,0.0035);
#1069=CYLINDRICAL_SURFACE('',#7013,0.00165);
#1070=CYLINDRICAL_SURFACE('',#7015,0.0035);
#1071=CYLINDRICAL_SURFACE('',#7018,0.00165);
#1072=CYLINDRICAL_SURFACE('',#7020,0.0035);
#1073=CYLINDRICAL_SURFACE('',#7023,0.00165);
#1074=CYLINDRICAL_SURFACE('',#7025,0.0035);
#1075=OVER_RIDING_STYLED_ITEM('',(#6197),#5812,#6186);
#1076=OVER_RIDING_STYLED_ITEM('',(#6198),#5819,#6186);
#1077=PLANE('',#6313);
#1078=PLANE('',#6315);
#1079=PLANE('',#6321);
#1080=PLANE('',#6323);
#1081=PLANE('',#6329);
#1082=PLANE('',#6337);
#1083=PLANE('',#6345);
#1084=PLANE('',#6347);
#1085=PLANE('',#6350);
#1086=PLANE('',#6353);
#1087=PLANE('',#6355);
#1088=PLANE('',#6358);
#1089=PLANE('',#6363);
#1090=PLANE('',#6369);
#1091=PLANE('',#6375);
#1092=PLANE('',#6381);
#1093=PLANE('',#6383);
#1094=PLANE('',#6389);
#1095=PLANE('',#6395);
#1096=PLANE('',#6398);
#1097=PLANE('',#6401);
#1098=PLANE('',#6403);
#1099=PLANE('',#6407);
#1100=PLANE('',#6408);
#1101=PLANE('',#6410);
#1102=PLANE('',#6412);
#1103=PLANE('',#6414);
#1104=PLANE('',#6429);
#1105=PLANE('',#6432);
#1106=PLANE('',#6442);
#1107=PLANE('',#6444);
#1108=PLANE('',#6446);
#1109=PLANE('',#6447);
#1110=PLANE('',#6448);
#1111=PLANE('',#6449);
#1112=PLANE('',#6460);
#1113=PLANE('',#6461);
#1114=PLANE('',#6462);
#1115=PLANE('',#6463);
#1116=PLANE('',#6465);
#1117=PLANE('',#6467);
#1118=PLANE('',#6468);
#1119=PLANE('',#6469);
#1120=PLANE('',#6470);
#1121=PLANE('',#6481);
#1122=PLANE('',#6482);
#1123=PLANE('',#6483);
#1124=PLANE('',#6484);
#1125=PLANE('',#6486);
#1126=PLANE('',#6488);
#1127=PLANE('',#6489);
#1128=PLANE('',#6492);
#1129=PLANE('',#6493);
#1130=PLANE('',#6494);
#1131=PLANE('',#6498);
#1132=PLANE('',#6499);
#1133=PLANE('',#6500);
#1134=PLANE('',#6501);
#1135=PLANE('',#6504);
#1136=PLANE('',#6505);
#1137=PLANE('',#6506);
#1138=PLANE('',#6507);
#1139=PLANE('',#6508);
#1140=PLANE('',#6509);
#1141=PLANE('',#6516);
#1142=PLANE('',#6517);
#1143=PLANE('',#6518);
#1144=PLANE('',#6522);
#1145=PLANE('',#6524);
#1146=PLANE('',#6525);
#1147=PLANE('',#6526);
#1148=PLANE('',#6528);
#1149=PLANE('',#6529);
#1150=PLANE('',#6530);
#1151=PLANE('',#6532);
#1152=PLANE('',#6533);
#1153=PLANE('',#6534);
#1154=PLANE('',#6535);
#1155=PLANE('',#6543);
#1156=PLANE('',#6544);
#1157=PLANE('',#6548);
#1158=PLANE('',#6549);
#1159=PLANE('',#6550);
#1160=PLANE('',#6554);
#1161=PLANE('',#6569);
#1162=PLANE('',#6585);
#1163=PLANE('',#6593);
#1164=PLANE('',#6601);
#1165=PLANE('',#6609);
#1166=PLANE('',#6614);
#1167=PLANE('',#6626);
#1168=PLANE('',#6627);
#1169=PLANE('',#6628);
#1170=PLANE('',#6629);
#1171=PLANE('',#6630);
#1172=PLANE('',#6637);
#1173=PLANE('',#6642);
#1174=PLANE('',#6647);
#1175=PLANE('',#6648);
#1176=PLANE('',#6654);
#1177=PLANE('',#6655);
#1178=PLANE('',#6656);
#1179=PLANE('',#6657);
#1180=PLANE('',#6680);
#1181=PLANE('',#6694);
#1182=PLANE('',#6698);
#1183=PLANE('',#6722);
#1184=PLANE('',#6724);
#1185=PLANE('',#6733);
#1186=PLANE('',#6742);
#1187=PLANE('',#6747);
#1188=PLANE('',#6752);
#1189=PLANE('',#6757);
#1190=PLANE('',#6770);
#1191=PLANE('',#6775);
#1192=PLANE('',#6778);
#1193=PLANE('',#6779);
#1194=PLANE('',#6781);
#1195=PLANE('',#6797);
#1196=PLANE('',#6805);
#1197=PLANE('',#6813);
#1198=PLANE('',#6821);
#1199=PLANE('',#6823);
#1200=PLANE('',#6828);
#1201=PLANE('',#6829);
#1202=PLANE('',#6836);
#1203=PLANE('',#6841);
#1204=PLANE('',#6845);
#1205=PLANE('',#6847);
#1206=PLANE('',#6849);
#1207=PLANE('',#6854);
#1208=PLANE('',#6857);
#1209=PLANE('',#6858);
#1210=PLANE('',#6859);
#1211=PLANE('',#6869);
#1212=PLANE('',#6870);
#1213=PLANE('',#6871);
#1214=PLANE('',#6872);
#1215=PLANE('',#6873);
#1216=PLANE('',#6874);
#1217=PLANE('',#6875);
#1218=PLANE('',#6877);
#1219=PLANE('',#6883);
#1220=PLANE('',#6886);
#1221=PLANE('',#6891);
#1222=PLANE('',#6894);
#1223=PLANE('',#6895);
#1224=PLANE('',#6904);
#1225=PLANE('',#6915);
#1226=PLANE('',#6916);
#1227=PLANE('',#6920);
#1228=PLANE('',#6923);
#1229=PLANE('',#6927);
#1230=PLANE('',#6929);
#1231=PLANE('',#6931);
#1232=PLANE('',#6933);
#1233=PLANE('',#6935);
#1234=PLANE('',#6937);
#1235=PLANE('',#6950);
#1236=PLANE('',#6983);
#1237=PLANE('',#6992);
#1238=PLANE('',#6997);
#1239=PLANE('',#7002);
#1240=PLANE('',#7007);
#1241=PLANE('',#7012);
#1242=PLANE('',#7017);
#1243=PLANE('',#7022);
#1244=PLANE('',#7027);
#1245=ORIENTED_EDGE('',*,*,#2887,.T.);
#1246=ORIENTED_EDGE('',*,*,#2888,.F.);
#1247=ORIENTED_EDGE('',*,*,#2888,.T.);
#1248=ORIENTED_EDGE('',*,*,#2889,.F.);
#1249=ORIENTED_EDGE('',*,*,#2890,.T.);
#1250=ORIENTED_EDGE('',*,*,#2887,.F.);
#1251=ORIENTED_EDGE('',*,*,#2889,.T.);
#1252=ORIENTED_EDGE('',*,*,#2891,.F.);
#1253=ORIENTED_EDGE('',*,*,#2892,.T.);
#1254=ORIENTED_EDGE('',*,*,#2890,.F.);
#1255=ORIENTED_EDGE('',*,*,#2891,.T.);
#1256=ORIENTED_EDGE('',*,*,#2893,.F.);
#1257=ORIENTED_EDGE('',*,*,#2892,.F.);
#1258=ORIENTED_EDGE('',*,*,#2894,.T.);
#1259=ORIENTED_EDGE('',*,*,#2895,.F.);
#1260=ORIENTED_EDGE('',*,*,#2893,.T.);
#1261=ORIENTED_EDGE('',*,*,#2894,.F.);
#1262=ORIENTED_EDGE('',*,*,#2896,.T.);
#1263=ORIENTED_EDGE('',*,*,#2897,.F.);
#1264=ORIENTED_EDGE('',*,*,#2895,.T.);
#1265=ORIENTED_EDGE('',*,*,#2898,.T.);
#1266=ORIENTED_EDGE('',*,*,#2896,.F.);
#1267=ORIENTED_EDGE('',*,*,#2899,.F.);
#1268=ORIENTED_EDGE('',*,*,#2897,.T.);
#1269=ORIENTED_EDGE('',*,*,#2898,.F.);
#1270=ORIENTED_EDGE('',*,*,#2900,.T.);
#1271=ORIENTED_EDGE('',*,*,#2899,.T.);
#1272=ORIENTED_EDGE('',*,*,#2900,.F.);
#1273=ORIENTED_EDGE('',*,*,#2901,.F.);
#1274=ORIENTED_EDGE('',*,*,#2902,.T.);
#1275=ORIENTED_EDGE('',*,*,#2903,.F.);
#1276=ORIENTED_EDGE('',*,*,#2904,.T.);
#1277=ORIENTED_EDGE('',*,*,#2905,.T.);
#1278=ORIENTED_EDGE('',*,*,#2906,.T.);
#1279=ORIENTED_EDGE('',*,*,#2907,.T.);
#1280=ORIENTED_EDGE('',*,*,#2908,.F.);
#1281=ORIENTED_EDGE('',*,*,#2909,.T.);
#1282=ORIENTED_EDGE('',*,*,#2910,.F.);
#1283=ORIENTED_EDGE('',*,*,#2911,.F.);
#1284=ORIENTED_EDGE('',*,*,#2912,.T.);
#1285=ORIENTED_EDGE('',*,*,#2913,.F.);
#1286=ORIENTED_EDGE('',*,*,#2914,.T.);
#1287=ORIENTED_EDGE('',*,*,#2915,.F.);
#1288=ORIENTED_EDGE('',*,*,#2916,.T.);
#1289=ORIENTED_EDGE('',*,*,#2917,.T.);
#1290=ORIENTED_EDGE('',*,*,#2918,.F.);
#1291=ORIENTED_EDGE('',*,*,#2919,.T.);
#1292=ORIENTED_EDGE('',*,*,#2920,.T.);
#1293=ORIENTED_EDGE('',*,*,#2921,.F.);
#1294=ORIENTED_EDGE('',*,*,#2922,.F.);
#1295=ORIENTED_EDGE('',*,*,#2923,.T.);
#1296=ORIENTED_EDGE('',*,*,#2924,.T.);
#1297=ORIENTED_EDGE('',*,*,#2925,.T.);
#1298=ORIENTED_EDGE('',*,*,#2926,.F.);
#1299=ORIENTED_EDGE('',*,*,#2927,.T.);
#1300=ORIENTED_EDGE('',*,*,#2928,.F.);
#1301=ORIENTED_EDGE('',*,*,#2929,.T.);
#1302=ORIENTED_EDGE('',*,*,#2930,.F.);
#1303=ORIENTED_EDGE('',*,*,#2910,.T.);
#1304=ORIENTED_EDGE('',*,*,#2931,.T.);
#1305=ORIENTED_EDGE('',*,*,#2925,.F.);
#1306=ORIENTED_EDGE('',*,*,#2932,.F.);
#1307=ORIENTED_EDGE('',*,*,#2927,.F.);
#1308=ORIENTED_EDGE('',*,*,#2933,.T.);
#1309=ORIENTED_EDGE('',*,*,#2913,.T.);
#1310=ORIENTED_EDGE('',*,*,#2934,.T.);
#1311=ORIENTED_EDGE('',*,*,#2935,.F.);
#1312=ORIENTED_EDGE('',*,*,#2936,.F.);
#1313=ORIENTED_EDGE('',*,*,#2937,.F.);
#1314=ORIENTED_EDGE('',*,*,#2938,.F.);
#1315=ORIENTED_EDGE('',*,*,#2939,.F.);
#1316=ORIENTED_EDGE('',*,*,#2940,.T.);
#1317=ORIENTED_EDGE('',*,*,#2941,.T.);
#1318=ORIENTED_EDGE('',*,*,#2930,.T.);
#1319=ORIENTED_EDGE('',*,*,#2942,.T.);
#1320=ORIENTED_EDGE('',*,*,#2915,.T.);
#1321=ORIENTED_EDGE('',*,*,#2943,.T.);
#1322=ORIENTED_EDGE('',*,*,#2944,.T.);
#1323=ORIENTED_EDGE('',*,*,#2945,.F.);
#1324=ORIENTED_EDGE('',*,*,#2946,.T.);
#1325=ORIENTED_EDGE('',*,*,#2947,.T.);
#1326=ORIENTED_EDGE('',*,*,#2948,.T.);
#1327=ORIENTED_EDGE('',*,*,#2949,.T.);
#1328=ORIENTED_EDGE('',*,*,#2950,.T.);
#1329=ORIENTED_EDGE('',*,*,#2951,.T.);
#1330=ORIENTED_EDGE('',*,*,#2952,.T.);
#1331=ORIENTED_EDGE('',*,*,#2953,.T.);
#1332=ORIENTED_EDGE('',*,*,#2954,.T.);
#1333=ORIENTED_EDGE('',*,*,#2955,.T.);
#1334=ORIENTED_EDGE('',*,*,#2956,.T.);
#1335=ORIENTED_EDGE('',*,*,#2908,.T.);
#1336=ORIENTED_EDGE('',*,*,#2957,.T.);
#1337=ORIENTED_EDGE('',*,*,#2922,.T.);
#1338=ORIENTED_EDGE('',*,*,#2958,.T.);
#1339=ORIENTED_EDGE('',*,*,#2959,.T.);
#1340=ORIENTED_EDGE('',*,*,#2960,.F.);
#1341=ORIENTED_EDGE('',*,*,#2961,.T.);
#1342=ORIENTED_EDGE('',*,*,#2962,.F.);
#1343=ORIENTED_EDGE('',*,*,#2963,.T.);
#1344=ORIENTED_EDGE('',*,*,#2964,.T.);
#1345=ORIENTED_EDGE('',*,*,#2965,.T.);
#1346=ORIENTED_EDGE('',*,*,#2966,.T.);
#1347=ORIENTED_EDGE('',*,*,#2967,.F.);
#1348=ORIENTED_EDGE('',*,*,#2968,.T.);
#1349=ORIENTED_EDGE('',*,*,#2969,.T.);
#1350=ORIENTED_EDGE('',*,*,#2970,.T.);
#1351=ORIENTED_EDGE('',*,*,#2971,.F.);
#1352=ORIENTED_EDGE('',*,*,#2972,.T.);
#1353=ORIENTED_EDGE('',*,*,#2973,.T.);
#1354=ORIENTED_EDGE('',*,*,#2974,.T.);
#1355=ORIENTED_EDGE('',*,*,#2975,.T.);
#1356=ORIENTED_EDGE('',*,*,#2976,.F.);
#1357=ORIENTED_EDGE('',*,*,#2977,.T.);
#1358=ORIENTED_EDGE('',*,*,#2978,.T.);
#1359=ORIENTED_EDGE('',*,*,#2979,.T.);
#1360=ORIENTED_EDGE('',*,*,#2980,.T.);
#1361=ORIENTED_EDGE('',*,*,#2981,.F.);
#1362=ORIENTED_EDGE('',*,*,#2982,.F.);
#1363=ORIENTED_EDGE('',*,*,#2983,.T.);
#1364=ORIENTED_EDGE('',*,*,#2984,.T.);
#1365=ORIENTED_EDGE('',*,*,#2985,.F.);
#1366=ORIENTED_EDGE('',*,*,#2986,.T.);
#1367=ORIENTED_EDGE('',*,*,#2987,.T.);
#1368=ORIENTED_EDGE('',*,*,#2988,.T.);
#1369=ORIENTED_EDGE('',*,*,#2989,.T.);
#1370=ORIENTED_EDGE('',*,*,#2990,.T.);
#1371=ORIENTED_EDGE('',*,*,#2991,.T.);
#1372=ORIENTED_EDGE('',*,*,#2992,.F.);
#1373=ORIENTED_EDGE('',*,*,#2993,.T.);
#1374=ORIENTED_EDGE('',*,*,#2994,.F.);
#1375=ORIENTED_EDGE('',*,*,#2995,.F.);
#1376=ORIENTED_EDGE('',*,*,#2996,.T.);
#1377=ORIENTED_EDGE('',*,*,#2985,.T.);
#1378=ORIENTED_EDGE('',*,*,#2997,.T.);
#1379=ORIENTED_EDGE('',*,*,#2975,.F.);
#1380=ORIENTED_EDGE('',*,*,#2998,.T.);
#1381=ORIENTED_EDGE('',*,*,#2947,.F.);
#1382=ORIENTED_EDGE('',*,*,#2999,.T.);
#1383=ORIENTED_EDGE('',*,*,#2993,.F.);
#1384=ORIENTED_EDGE('',*,*,#3000,.T.);
#1385=ORIENTED_EDGE('',*,*,#2976,.T.);
#1386=ORIENTED_EDGE('',*,*,#3001,.T.);
#1387=ORIENTED_EDGE('',*,*,#3002,.F.);
#1388=ORIENTED_EDGE('',*,*,#3003,.F.);
#1389=ORIENTED_EDGE('',*,*,#3004,.F.);
#1390=ORIENTED_EDGE('',*,*,#3005,.F.);
#1391=ORIENTED_EDGE('',*,*,#2968,.F.);
#1392=ORIENTED_EDGE('',*,*,#3006,.F.);
#1393=ORIENTED_EDGE('',*,*,#3007,.F.);
#1394=ORIENTED_EDGE('',*,*,#3008,.F.);
#1395=ORIENTED_EDGE('',*,*,#2978,.F.);
#1396=ORIENTED_EDGE('',*,*,#3009,.F.);
#1397=ORIENTED_EDGE('',*,*,#3010,.T.);
#1398=ORIENTED_EDGE('',*,*,#3011,.T.);
#1399=ORIENTED_EDGE('',*,*,#3012,.T.);
#1400=ORIENTED_EDGE('',*,*,#3013,.F.);
#1401=ORIENTED_EDGE('',*,*,#3014,.T.);
#1402=ORIENTED_EDGE('',*,*,#3015,.T.);
#1403=ORIENTED_EDGE('',*,*,#3016,.T.);
#1404=ORIENTED_EDGE('',*,*,#3012,.F.);
#1405=ORIENTED_EDGE('',*,*,#3017,.T.);
#1406=ORIENTED_EDGE('',*,*,#3013,.T.);
#1407=ORIENTED_EDGE('',*,*,#3018,.F.);
#1408=ORIENTED_EDGE('',*,*,#2971,.T.);
#1409=ORIENTED_EDGE('',*,*,#3019,.T.);
#1410=ORIENTED_EDGE('',*,*,#2989,.F.);
#1411=ORIENTED_EDGE('',*,*,#3020,.T.);
#1412=ORIENTED_EDGE('',*,*,#3021,.F.);
#1413=ORIENTED_EDGE('',*,*,#3022,.T.);
#1414=ORIENTED_EDGE('',*,*,#3023,.T.);
#1415=ORIENTED_EDGE('',*,*,#3024,.F.);
#1416=ORIENTED_EDGE('',*,*,#3025,.T.);
#1417=ORIENTED_EDGE('',*,*,#3026,.T.);
#1418=ORIENTED_EDGE('',*,*,#3027,.T.);
#1419=ORIENTED_EDGE('',*,*,#3028,.F.);
#1420=ORIENTED_EDGE('',*,*,#3029,.T.);
#1421=ORIENTED_EDGE('',*,*,#3030,.T.);
#1422=ORIENTED_EDGE('',*,*,#3031,.T.);
#1423=ORIENTED_EDGE('',*,*,#3032,.T.);
#1424=ORIENTED_EDGE('',*,*,#3033,.F.);
#1425=ORIENTED_EDGE('',*,*,#3034,.T.);
#1426=ORIENTED_EDGE('',*,*,#3035,.F.);
#1427=ORIENTED_EDGE('',*,*,#3036,.F.);
#1428=ORIENTED_EDGE('',*,*,#3037,.F.);
#1429=ORIENTED_EDGE('',*,*,#3038,.F.);
#1430=ORIENTED_EDGE('',*,*,#3039,.F.);
#1431=ORIENTED_EDGE('',*,*,#3040,.F.);
#1432=ORIENTED_EDGE('',*,*,#3034,.F.);
#1433=ORIENTED_EDGE('',*,*,#3041,.T.);
#1434=ORIENTED_EDGE('',*,*,#3028,.T.);
#1435=ORIENTED_EDGE('',*,*,#3042,.T.);
#1436=ORIENTED_EDGE('',*,*,#3043,.F.);
#1437=ORIENTED_EDGE('',*,*,#3044,.T.);
#1438=ORIENTED_EDGE('',*,*,#3045,.T.);
#1439=ORIENTED_EDGE('',*,*,#3046,.T.);
#1440=ORIENTED_EDGE('',*,*,#3040,.T.);
#1441=ORIENTED_EDGE('',*,*,#3047,.F.);
#1442=ORIENTED_EDGE('',*,*,#3048,.F.);
#1443=ORIENTED_EDGE('',*,*,#3037,.T.);
#1444=ORIENTED_EDGE('',*,*,#3049,.T.);
#1445=ORIENTED_EDGE('',*,*,#3050,.T.);
#1446=ORIENTED_EDGE('',*,*,#3051,.T.);
#1447=ORIENTED_EDGE('',*,*,#3052,.T.);
#1448=ORIENTED_EDGE('',*,*,#3030,.F.);
#1449=ORIENTED_EDGE('',*,*,#3053,.T.);
#1450=ORIENTED_EDGE('',*,*,#3038,.T.);
#1451=ORIENTED_EDGE('',*,*,#3046,.F.);
#1452=ORIENTED_EDGE('',*,*,#3054,.T.);
#1453=ORIENTED_EDGE('',*,*,#3051,.F.);
#1454=ORIENTED_EDGE('',*,*,#3055,.T.);
#1455=ORIENTED_EDGE('',*,*,#3056,.T.);
#1456=ORIENTED_EDGE('',*,*,#3057,.F.);
#1457=ORIENTED_EDGE('',*,*,#3058,.T.);
#1458=ORIENTED_EDGE('',*,*,#2903,.T.);
#1459=ORIENTED_EDGE('',*,*,#2901,.T.);
#1460=ORIENTED_EDGE('',*,*,#3059,.T.);
#1461=ORIENTED_EDGE('',*,*,#3060,.T.);
#1462=ORIENTED_EDGE('',*,*,#3057,.T.);
#1463=ORIENTED_EDGE('',*,*,#3061,.T.);
#1464=ORIENTED_EDGE('',*,*,#3062,.T.);
#1465=ORIENTED_EDGE('',*,*,#3063,.T.);
#1466=ORIENTED_EDGE('',*,*,#3064,.F.);
#1467=ORIENTED_EDGE('',*,*,#3065,.T.);
#1468=ORIENTED_EDGE('',*,*,#2904,.F.);
#1469=ORIENTED_EDGE('',*,*,#2902,.F.);
#1470=ORIENTED_EDGE('',*,*,#3055,.F.);
#1471=ORIENTED_EDGE('',*,*,#3050,.F.);
#1472=ORIENTED_EDGE('',*,*,#3066,.F.);
#1473=ORIENTED_EDGE('',*,*,#3067,.F.);
#1474=ORIENTED_EDGE('',*,*,#3068,.T.);
#1475=ORIENTED_EDGE('',*,*,#3069,.T.);
#1476=ORIENTED_EDGE('',*,*,#3070,.T.);
#1477=ORIENTED_EDGE('',*,*,#3071,.T.);
#1478=ORIENTED_EDGE('',*,*,#3072,.F.);
#1479=ORIENTED_EDGE('',*,*,#3035,.T.);
#1480=ORIENTED_EDGE('',*,*,#3042,.F.);
#1481=ORIENTED_EDGE('',*,*,#3027,.F.);
#1482=ORIENTED_EDGE('',*,*,#3073,.F.);
#1483=ORIENTED_EDGE('',*,*,#3065,.F.);
#1484=ORIENTED_EDGE('',*,*,#3074,.F.);
#1485=ORIENTED_EDGE('',*,*,#3067,.T.);
#1486=ORIENTED_EDGE('',*,*,#3075,.T.);
#1487=ORIENTED_EDGE('',*,*,#3068,.F.);
#1488=ORIENTED_EDGE('',*,*,#3074,.T.);
#1489=ORIENTED_EDGE('',*,*,#3064,.T.);
#1490=ORIENTED_EDGE('',*,*,#3076,.T.);
#1491=ORIENTED_EDGE('',*,*,#2962,.T.);
#1492=ORIENTED_EDGE('',*,*,#3077,.T.);
#1493=ORIENTED_EDGE('',*,*,#3078,.T.);
#1494=ORIENTED_EDGE('',*,*,#3079,.T.);
#1495=ORIENTED_EDGE('',*,*,#3080,.T.);
#1496=ORIENTED_EDGE('',*,*,#3081,.T.);
#1497=ORIENTED_EDGE('',*,*,#3082,.T.);
#1498=ORIENTED_EDGE('',*,*,#3083,.F.);
#1499=ORIENTED_EDGE('',*,*,#2924,.F.);
#1500=ORIENTED_EDGE('',*,*,#3084,.T.);
#1501=ORIENTED_EDGE('',*,*,#2911,.T.);
#1502=ORIENTED_EDGE('',*,*,#2932,.T.);
#1503=ORIENTED_EDGE('',*,*,#2917,.F.);
#1504=ORIENTED_EDGE('',*,*,#3085,.T.);
#1505=ORIENTED_EDGE('',*,*,#2928,.T.);
#1506=ORIENTED_EDGE('',*,*,#2934,.F.);
#1507=ORIENTED_EDGE('',*,*,#3086,.T.);
#1508=ORIENTED_EDGE('',*,*,#3087,.F.);
#1509=ORIENTED_EDGE('',*,*,#2949,.F.);
#1510=ORIENTED_EDGE('',*,*,#3088,.T.);
#1511=ORIENTED_EDGE('',*,*,#3089,.F.);
#1512=ORIENTED_EDGE('',*,*,#3090,.F.);
#1513=ORIENTED_EDGE('',*,*,#2945,.T.);
#1514=ORIENTED_EDGE('',*,*,#3091,.T.);
#1515=ORIENTED_EDGE('',*,*,#2938,.T.);
#1516=ORIENTED_EDGE('',*,*,#3092,.F.);
#1517=ORIENTED_EDGE('',*,*,#2937,.T.);
#1518=ORIENTED_EDGE('',*,*,#3093,.F.);
#1519=ORIENTED_EDGE('',*,*,#2936,.T.);
#1520=ORIENTED_EDGE('',*,*,#3094,.F.);
#1521=ORIENTED_EDGE('',*,*,#2935,.T.);
#1522=ORIENTED_EDGE('',*,*,#3095,.F.);
#1523=ORIENTED_EDGE('',*,*,#2939,.T.);
#1524=ORIENTED_EDGE('',*,*,#3096,.F.);
#1525=ORIENTED_EDGE('',*,*,#3097,.T.);
#1526=ORIENTED_EDGE('',*,*,#3098,.T.);
#1527=ORIENTED_EDGE('',*,*,#3099,.T.);
#1528=ORIENTED_EDGE('',*,*,#3086,.F.);
#1529=ORIENTED_EDGE('',*,*,#3100,.T.);
#1530=ORIENTED_EDGE('',*,*,#3101,.T.);
#1531=ORIENTED_EDGE('',*,*,#3102,.T.);
#1532=ORIENTED_EDGE('',*,*,#3089,.T.);
#1533=ORIENTED_EDGE('',*,*,#3094,.T.);
#1534=ORIENTED_EDGE('',*,*,#3093,.T.);
#1535=ORIENTED_EDGE('',*,*,#3092,.T.);
#1536=ORIENTED_EDGE('',*,*,#3096,.T.);
#1537=ORIENTED_EDGE('',*,*,#3095,.T.);
#1538=ORIENTED_EDGE('',*,*,#2916,.F.);
#1539=ORIENTED_EDGE('',*,*,#2942,.F.);
#1540=ORIENTED_EDGE('',*,*,#2929,.F.);
#1541=ORIENTED_EDGE('',*,*,#3085,.F.);
#1542=ORIENTED_EDGE('',*,*,#2973,.F.);
#1543=ORIENTED_EDGE('',*,*,#3103,.T.);
#1544=ORIENTED_EDGE('',*,*,#2987,.F.);
#1545=ORIENTED_EDGE('',*,*,#3104,.T.);
#1546=ORIENTED_EDGE('',*,*,#3101,.F.);
#1547=ORIENTED_EDGE('',*,*,#3105,.T.);
#1548=ORIENTED_EDGE('',*,*,#3080,.F.);
#1549=ORIENTED_EDGE('',*,*,#3106,.T.);
#1550=ORIENTED_EDGE('',*,*,#3097,.F.);
#1551=ORIENTED_EDGE('',*,*,#3091,.F.);
#1552=ORIENTED_EDGE('',*,*,#2944,.F.);
#1553=ORIENTED_EDGE('',*,*,#3107,.F.);
#1554=ORIENTED_EDGE('',*,*,#3099,.F.);
#1555=ORIENTED_EDGE('',*,*,#3108,.T.);
#1556=ORIENTED_EDGE('',*,*,#3081,.F.);
#1557=ORIENTED_EDGE('',*,*,#3109,.F.);
#1558=ORIENTED_EDGE('',*,*,#2940,.F.);
#1559=ORIENTED_EDGE('',*,*,#3087,.T.);
#1560=ORIENTED_EDGE('',*,*,#2998,.F.);
#1561=ORIENTED_EDGE('',*,*,#2974,.F.);
#1562=ORIENTED_EDGE('',*,*,#3105,.F.);
#1563=ORIENTED_EDGE('',*,*,#3100,.F.);
#1564=ORIENTED_EDGE('',*,*,#3088,.F.);
#1565=ORIENTED_EDGE('',*,*,#2948,.F.);
#1566=ORIENTED_EDGE('',*,*,#2946,.F.);
#1567=ORIENTED_EDGE('',*,*,#3090,.T.);
#1568=ORIENTED_EDGE('',*,*,#3102,.F.);
#1569=ORIENTED_EDGE('',*,*,#3104,.F.);
#1570=ORIENTED_EDGE('',*,*,#2986,.F.);
#1571=ORIENTED_EDGE('',*,*,#2999,.F.);
#1572=ORIENTED_EDGE('',*,*,#3110,.T.);
#1573=ORIENTED_EDGE('',*,*,#3111,.F.);
#1574=ORIENTED_EDGE('',*,*,#2964,.F.);
#1575=ORIENTED_EDGE('',*,*,#3112,.T.);
#1576=ORIENTED_EDGE('',*,*,#3113,.F.);
#1577=ORIENTED_EDGE('',*,*,#3114,.F.);
#1578=ORIENTED_EDGE('',*,*,#2960,.T.);
#1579=ORIENTED_EDGE('',*,*,#3115,.T.);
#1580=ORIENTED_EDGE('',*,*,#2953,.F.);
#1581=ORIENTED_EDGE('',*,*,#3116,.T.);
#1582=ORIENTED_EDGE('',*,*,#2952,.F.);
#1583=ORIENTED_EDGE('',*,*,#3117,.T.);
#1584=ORIENTED_EDGE('',*,*,#2951,.F.);
#1585=ORIENTED_EDGE('',*,*,#3118,.T.);
#1586=ORIENTED_EDGE('',*,*,#2950,.F.);
#1587=ORIENTED_EDGE('',*,*,#3119,.T.);
#1588=ORIENTED_EDGE('',*,*,#2954,.F.);
#1589=ORIENTED_EDGE('',*,*,#3120,.T.);
#1590=ORIENTED_EDGE('',*,*,#3121,.T.);
#1591=ORIENTED_EDGE('',*,*,#3122,.T.);
#1592=ORIENTED_EDGE('',*,*,#3123,.T.);
#1593=ORIENTED_EDGE('',*,*,#3110,.F.);
#1594=ORIENTED_EDGE('',*,*,#3124,.T.);
#1595=ORIENTED_EDGE('',*,*,#3125,.T.);
#1596=ORIENTED_EDGE('',*,*,#3126,.T.);
#1597=ORIENTED_EDGE('',*,*,#3113,.T.);
#1598=ORIENTED_EDGE('',*,*,#3119,.F.);
#1599=ORIENTED_EDGE('',*,*,#3120,.F.);
#1600=ORIENTED_EDGE('',*,*,#3116,.F.);
#1601=ORIENTED_EDGE('',*,*,#3117,.F.);
#1602=ORIENTED_EDGE('',*,*,#3118,.F.);
#1603=ORIENTED_EDGE('',*,*,#2912,.F.);
#1604=ORIENTED_EDGE('',*,*,#3084,.F.);
#1605=ORIENTED_EDGE('',*,*,#2923,.F.);
#1606=ORIENTED_EDGE('',*,*,#2957,.F.);
#1607=ORIENTED_EDGE('',*,*,#3062,.F.);
#1608=ORIENTED_EDGE('',*,*,#3127,.T.);
#1609=ORIENTED_EDGE('',*,*,#3070,.F.);
#1610=ORIENTED_EDGE('',*,*,#3128,.T.);
#1611=ORIENTED_EDGE('',*,*,#3125,.F.);
#1612=ORIENTED_EDGE('',*,*,#3129,.T.);
#1613=ORIENTED_EDGE('',*,*,#3123,.F.);
#1614=ORIENTED_EDGE('',*,*,#3130,.T.);
#1615=ORIENTED_EDGE('',*,*,#2905,.F.);
#1616=ORIENTED_EDGE('',*,*,#3131,.F.);
#1617=ORIENTED_EDGE('',*,*,#2955,.F.);
#1618=ORIENTED_EDGE('',*,*,#3111,.T.);
#1619=ORIENTED_EDGE('',*,*,#2920,.F.);
#1620=ORIENTED_EDGE('',*,*,#3132,.T.);
#1621=ORIENTED_EDGE('',*,*,#3121,.F.);
#1622=ORIENTED_EDGE('',*,*,#3115,.F.);
#1623=ORIENTED_EDGE('',*,*,#2959,.F.);
#1624=ORIENTED_EDGE('',*,*,#3133,.F.);
#1625=ORIENTED_EDGE('',*,*,#2961,.F.);
#1626=ORIENTED_EDGE('',*,*,#3114,.T.);
#1627=ORIENTED_EDGE('',*,*,#3126,.F.);
#1628=ORIENTED_EDGE('',*,*,#3128,.F.);
#1629=ORIENTED_EDGE('',*,*,#3069,.F.);
#1630=ORIENTED_EDGE('',*,*,#3077,.F.);
#1631=ORIENTED_EDGE('',*,*,#3076,.F.);
#1632=ORIENTED_EDGE('',*,*,#3063,.F.);
#1633=ORIENTED_EDGE('',*,*,#3129,.F.);
#1634=ORIENTED_EDGE('',*,*,#3124,.F.);
#1635=ORIENTED_EDGE('',*,*,#3112,.F.);
#1636=ORIENTED_EDGE('',*,*,#2963,.F.);
#1637=ORIENTED_EDGE('',*,*,#2988,.F.);
#1638=ORIENTED_EDGE('',*,*,#3103,.F.);
#1639=ORIENTED_EDGE('',*,*,#2972,.F.);
#1640=ORIENTED_EDGE('',*,*,#3020,.F.);
#1641=ORIENTED_EDGE('',*,*,#3071,.F.);
#1642=ORIENTED_EDGE('',*,*,#3127,.F.);
#1643=ORIENTED_EDGE('',*,*,#3061,.F.);
#1644=ORIENTED_EDGE('',*,*,#3056,.F.);
#1645=ORIENTED_EDGE('',*,*,#3072,.T.);
#1646=ORIENTED_EDGE('',*,*,#3066,.T.);
#1647=ORIENTED_EDGE('',*,*,#3049,.F.);
#1648=ORIENTED_EDGE('',*,*,#3036,.T.);
#1649=ORIENTED_EDGE('',*,*,#3059,.F.);
#1650=ORIENTED_EDGE('',*,*,#3073,.T.);
#1651=ORIENTED_EDGE('',*,*,#3026,.F.);
#1652=ORIENTED_EDGE('',*,*,#3134,.T.);
#1653=ORIENTED_EDGE('',*,*,#3044,.F.);
#1654=ORIENTED_EDGE('',*,*,#3135,.T.);
#1655=ORIENTED_EDGE('',*,*,#3136,.T.);
#1656=ORIENTED_EDGE('',*,*,#3075,.F.);
#1657=ORIENTED_EDGE('',*,*,#3137,.T.);
#1658=ORIENTED_EDGE('',*,*,#3136,.F.);
#1659=ORIENTED_EDGE('',*,*,#3043,.T.);
#1660=ORIENTED_EDGE('',*,*,#3137,.F.);
#1661=ORIENTED_EDGE('',*,*,#3016,.F.);
#1662=ORIENTED_EDGE('',*,*,#3138,.T.);
#1663=ORIENTED_EDGE('',*,*,#3139,.T.);
#1664=ORIENTED_EDGE('',*,*,#3140,.T.);
#1665=ORIENTED_EDGE('',*,*,#3141,.T.);
#1666=ORIENTED_EDGE('',*,*,#3142,.F.);
#1667=ORIENTED_EDGE('',*,*,#3143,.T.);
#1668=ORIENTED_EDGE('',*,*,#3144,.T.);
#1669=ORIENTED_EDGE('',*,*,#3009,.T.);
#1670=ORIENTED_EDGE('',*,*,#3018,.T.);
#1671=ORIENTED_EDGE('',*,*,#3145,.T.);
#1672=ORIENTED_EDGE('',*,*,#3146,.T.);
#1673=ORIENTED_EDGE('',*,*,#3147,.F.);
#1674=ORIENTED_EDGE('',*,*,#3148,.F.);
#1675=ORIENTED_EDGE('',*,*,#3047,.T.);
#1676=ORIENTED_EDGE('',*,*,#3039,.T.);
#1677=ORIENTED_EDGE('',*,*,#3053,.F.);
#1678=ORIENTED_EDGE('',*,*,#3032,.F.);
#1679=ORIENTED_EDGE('',*,*,#3149,.T.);
#1680=ORIENTED_EDGE('',*,*,#3150,.F.);
#1681=ORIENTED_EDGE('',*,*,#3150,.T.);
#1682=ORIENTED_EDGE('',*,*,#3151,.T.);
#1683=ORIENTED_EDGE('',*,*,#3029,.F.);
#1684=ORIENTED_EDGE('',*,*,#3041,.F.);
#1685=ORIENTED_EDGE('',*,*,#3033,.T.);
#1686=ORIENTED_EDGE('',*,*,#3048,.T.);
#1687=ORIENTED_EDGE('',*,*,#3148,.T.);
#1688=ORIENTED_EDGE('',*,*,#3152,.T.);
#1689=ORIENTED_EDGE('',*,*,#3139,.F.);
#1690=ORIENTED_EDGE('',*,*,#3153,.T.);
#1691=ORIENTED_EDGE('',*,*,#3154,.F.);
#1692=ORIENTED_EDGE('',*,*,#2994,.T.);
#1693=ORIENTED_EDGE('',*,*,#3001,.F.);
#1694=ORIENTED_EDGE('',*,*,#2980,.F.);
#1695=ORIENTED_EDGE('',*,*,#3155,.F.);
#1696=ORIENTED_EDGE('',*,*,#3156,.T.);
#1697=ORIENTED_EDGE('',*,*,#3143,.F.);
#1698=ORIENTED_EDGE('',*,*,#3157,.F.);
#1699=ORIENTED_EDGE('',*,*,#3158,.F.);
#1700=ORIENTED_EDGE('',*,*,#3159,.T.);
#1701=ORIENTED_EDGE('',*,*,#3160,.T.);
#1702=ORIENTED_EDGE('',*,*,#3022,.F.);
#1703=ORIENTED_EDGE('',*,*,#3161,.F.);
#1704=ORIENTED_EDGE('',*,*,#3162,.T.);
#1705=ORIENTED_EDGE('',*,*,#3145,.F.);
#1706=ORIENTED_EDGE('',*,*,#3157,.T.);
#1707=ORIENTED_EDGE('',*,*,#3142,.T.);
#1708=ORIENTED_EDGE('',*,*,#3163,.T.);
#1709=ORIENTED_EDGE('',*,*,#3147,.T.);
#1710=ORIENTED_EDGE('',*,*,#3164,.T.);
#1711=ORIENTED_EDGE('',*,*,#3165,.T.);
#1712=ORIENTED_EDGE('',*,*,#3166,.T.);
#1713=ORIENTED_EDGE('',*,*,#3140,.F.);
#1714=ORIENTED_EDGE('',*,*,#3152,.F.);
#1715=ORIENTED_EDGE('',*,*,#3167,.F.);
#1716=ORIENTED_EDGE('',*,*,#3168,.T.);
#1717=ORIENTED_EDGE('',*,*,#3024,.T.);
#1718=ORIENTED_EDGE('',*,*,#3169,.F.);
#1719=ORIENTED_EDGE('',*,*,#3169,.T.);
#1720=ORIENTED_EDGE('',*,*,#3023,.F.);
#1721=ORIENTED_EDGE('',*,*,#3160,.F.);
#1722=ORIENTED_EDGE('',*,*,#3170,.T.);
#1723=ORIENTED_EDGE('',*,*,#3158,.T.);
#1724=ORIENTED_EDGE('',*,*,#3021,.T.);
#1725=ORIENTED_EDGE('',*,*,#3168,.F.);
#1726=ORIENTED_EDGE('',*,*,#3171,.F.);
#1727=ORIENTED_EDGE('',*,*,#3159,.F.);
#1728=ORIENTED_EDGE('',*,*,#3171,.T.);
#1729=ORIENTED_EDGE('',*,*,#3167,.T.);
#1730=ORIENTED_EDGE('',*,*,#3170,.F.);
#1731=ORIENTED_EDGE('',*,*,#3165,.F.);
#1732=ORIENTED_EDGE('',*,*,#3172,.T.);
#1733=ORIENTED_EDGE('',*,*,#3161,.T.);
#1734=ORIENTED_EDGE('',*,*,#3173,.T.);
#1735=ORIENTED_EDGE('',*,*,#3154,.T.);
#1736=ORIENTED_EDGE('',*,*,#3174,.T.);
#1737=ORIENTED_EDGE('',*,*,#3175,.T.);
#1738=ORIENTED_EDGE('',*,*,#3176,.T.);
#1739=ORIENTED_EDGE('',*,*,#3155,.T.);
#1740=ORIENTED_EDGE('',*,*,#2979,.F.);
#1741=ORIENTED_EDGE('',*,*,#3008,.T.);
#1742=ORIENTED_EDGE('',*,*,#3177,.F.);
#1743=ORIENTED_EDGE('',*,*,#3178,.T.);
#1744=ORIENTED_EDGE('',*,*,#3179,.T.);
#1745=ORIENTED_EDGE('',*,*,#3180,.T.);
#1746=ORIENTED_EDGE('',*,*,#3181,.T.);
#1747=ORIENTED_EDGE('',*,*,#3004,.T.);
#1748=ORIENTED_EDGE('',*,*,#3182,.F.);
#1749=ORIENTED_EDGE('',*,*,#3183,.T.);
#1750=ORIENTED_EDGE('',*,*,#2995,.T.);
#1751=ORIENTED_EDGE('',*,*,#3184,.T.);
#1752=ORIENTED_EDGE('',*,*,#3182,.T.);
#1753=ORIENTED_EDGE('',*,*,#3003,.T.);
#1754=ORIENTED_EDGE('',*,*,#3185,.T.);
#1755=ORIENTED_EDGE('',*,*,#3177,.T.);
#1756=ORIENTED_EDGE('',*,*,#3007,.T.);
#1757=ORIENTED_EDGE('',*,*,#3186,.T.);
#1758=ORIENTED_EDGE('',*,*,#3187,.T.);
#1759=ORIENTED_EDGE('',*,*,#3184,.F.);
#1760=ORIENTED_EDGE('',*,*,#3188,.T.);
#1761=ORIENTED_EDGE('',*,*,#3187,.F.);
#1762=ORIENTED_EDGE('',*,*,#3189,.T.);
#1763=ORIENTED_EDGE('',*,*,#3188,.F.);
#1764=ORIENTED_EDGE('',*,*,#3156,.F.);
#1765=ORIENTED_EDGE('',*,*,#3176,.F.);
#1766=ORIENTED_EDGE('',*,*,#3190,.F.);
#1767=ORIENTED_EDGE('',*,*,#3010,.F.);
#1768=ORIENTED_EDGE('',*,*,#3144,.F.);
#1769=ORIENTED_EDGE('',*,*,#3190,.T.);
#1770=ORIENTED_EDGE('',*,*,#3175,.F.);
#1771=ORIENTED_EDGE('',*,*,#3191,.F.);
#1772=ORIENTED_EDGE('',*,*,#3014,.F.);
#1773=ORIENTED_EDGE('',*,*,#3017,.F.);
#1774=ORIENTED_EDGE('',*,*,#3011,.F.);
#1775=ORIENTED_EDGE('',*,*,#3138,.F.);
#1776=ORIENTED_EDGE('',*,*,#3015,.F.);
#1777=ORIENTED_EDGE('',*,*,#3191,.T.);
#1778=ORIENTED_EDGE('',*,*,#3174,.F.);
#1779=ORIENTED_EDGE('',*,*,#3153,.F.);
#1780=ORIENTED_EDGE('',*,*,#3192,.F.);
#1781=ORIENTED_EDGE('',*,*,#2996,.F.);
#1782=ORIENTED_EDGE('',*,*,#3183,.F.);
#1783=ORIENTED_EDGE('',*,*,#3185,.F.);
#1784=ORIENTED_EDGE('',*,*,#3005,.T.);
#1785=ORIENTED_EDGE('',*,*,#3181,.F.);
#1786=ORIENTED_EDGE('',*,*,#3193,.F.);
#1787=ORIENTED_EDGE('',*,*,#2969,.F.);
#1788=ORIENTED_EDGE('',*,*,#3193,.T.);
#1789=ORIENTED_EDGE('',*,*,#3180,.F.);
#1790=ORIENTED_EDGE('',*,*,#3194,.F.);
#1791=ORIENTED_EDGE('',*,*,#2990,.F.);
#1792=ORIENTED_EDGE('',*,*,#3019,.F.);
#1793=ORIENTED_EDGE('',*,*,#2970,.F.);
#1794=ORIENTED_EDGE('',*,*,#3179,.F.);
#1795=ORIENTED_EDGE('',*,*,#3195,.F.);
#1796=ORIENTED_EDGE('',*,*,#2991,.F.);
#1797=ORIENTED_EDGE('',*,*,#3194,.T.);
#1798=ORIENTED_EDGE('',*,*,#3196,.F.);
#1799=ORIENTED_EDGE('',*,*,#2983,.F.);
#1800=ORIENTED_EDGE('',*,*,#3195,.T.);
#1801=ORIENTED_EDGE('',*,*,#3178,.F.);
#1802=ORIENTED_EDGE('',*,*,#3186,.F.);
#1803=ORIENTED_EDGE('',*,*,#3162,.F.);
#1804=ORIENTED_EDGE('',*,*,#3172,.F.);
#1805=ORIENTED_EDGE('',*,*,#3164,.F.);
#1806=ORIENTED_EDGE('',*,*,#3146,.F.);
#1807=ORIENTED_EDGE('',*,*,#3163,.F.);
#1808=ORIENTED_EDGE('',*,*,#3141,.F.);
#1809=ORIENTED_EDGE('',*,*,#3166,.F.);
#1810=ORIENTED_EDGE('',*,*,#3173,.F.);
#1811=ORIENTED_EDGE('',*,*,#3054,.F.);
#1812=ORIENTED_EDGE('',*,*,#3045,.F.);
#1813=ORIENTED_EDGE('',*,*,#3134,.F.);
#1814=ORIENTED_EDGE('',*,*,#3025,.F.);
#1815=ORIENTED_EDGE('',*,*,#3151,.F.);
#1816=ORIENTED_EDGE('',*,*,#3149,.F.);
#1817=ORIENTED_EDGE('',*,*,#3031,.F.);
#1818=ORIENTED_EDGE('',*,*,#3135,.F.);
#1819=ORIENTED_EDGE('',*,*,#3052,.F.);
#1820=ORIENTED_EDGE('',*,*,#3058,.F.);
#1821=ORIENTED_EDGE('',*,*,#3060,.F.);
#1822=ORIENTED_EDGE('',*,*,#3189,.F.);
#1823=ORIENTED_EDGE('',*,*,#3002,.T.);
#1824=ORIENTED_EDGE('',*,*,#2967,.T.);
#1825=ORIENTED_EDGE('',*,*,#2997,.F.);
#1826=ORIENTED_EDGE('',*,*,#2984,.F.);
#1827=ORIENTED_EDGE('',*,*,#3196,.T.);
#1828=ORIENTED_EDGE('',*,*,#3006,.T.);
#1829=ORIENTED_EDGE('',*,*,#2977,.F.);
#1830=ORIENTED_EDGE('',*,*,#3000,.F.);
#1831=ORIENTED_EDGE('',*,*,#2992,.T.);
#1832=ORIENTED_EDGE('',*,*,#3192,.T.);
#1833=ORIENTED_EDGE('',*,*,#3197,.F.);
#1834=ORIENTED_EDGE('',*,*,#3198,.T.);
#1835=ORIENTED_EDGE('',*,*,#2943,.F.);
#1836=ORIENTED_EDGE('',*,*,#2914,.F.);
#1837=ORIENTED_EDGE('',*,*,#2933,.F.);
#1838=ORIENTED_EDGE('',*,*,#2926,.T.);
#1839=ORIENTED_EDGE('',*,*,#2941,.F.);
#1840=ORIENTED_EDGE('',*,*,#3109,.T.);
#1841=ORIENTED_EDGE('',*,*,#3083,.T.);
#1842=ORIENTED_EDGE('',*,*,#3199,.T.);
#1843=ORIENTED_EDGE('',*,*,#3078,.F.);
#1844=ORIENTED_EDGE('',*,*,#3107,.T.);
#1845=ORIENTED_EDGE('',*,*,#2956,.F.);
#1846=ORIENTED_EDGE('',*,*,#3131,.T.);
#1847=ORIENTED_EDGE('',*,*,#2907,.F.);
#1848=ORIENTED_EDGE('',*,*,#3200,.T.);
#1849=ORIENTED_EDGE('',*,*,#2918,.T.);
#1850=ORIENTED_EDGE('',*,*,#3133,.T.);
#1851=ORIENTED_EDGE('',*,*,#2958,.F.);
#1852=ORIENTED_EDGE('',*,*,#2921,.T.);
#1853=ORIENTED_EDGE('',*,*,#2931,.F.);
#1854=ORIENTED_EDGE('',*,*,#2909,.F.);
#1855=ORIENTED_EDGE('',*,*,#3201,.F.);
#1856=ORIENTED_EDGE('',*,*,#3202,.T.);
#1857=ORIENTED_EDGE('',*,*,#3198,.F.);
#1858=ORIENTED_EDGE('',*,*,#3201,.T.);
#1859=ORIENTED_EDGE('',*,*,#3202,.F.);
#1860=ORIENTED_EDGE('',*,*,#3203,.T.);
#1861=ORIENTED_EDGE('',*,*,#3203,.F.);
#1862=ORIENTED_EDGE('',*,*,#3204,.T.);
#1863=ORIENTED_EDGE('',*,*,#3197,.T.);
#1864=ORIENTED_EDGE('',*,*,#3204,.F.);
#1865=ORIENTED_EDGE('',*,*,#2919,.F.);
#1866=ORIENTED_EDGE('',*,*,#3200,.F.);
#1867=ORIENTED_EDGE('',*,*,#2906,.F.);
#1868=ORIENTED_EDGE('',*,*,#3130,.F.);
#1869=ORIENTED_EDGE('',*,*,#3122,.F.);
#1870=ORIENTED_EDGE('',*,*,#3132,.F.);
#1871=ORIENTED_EDGE('',*,*,#3079,.F.);
#1872=ORIENTED_EDGE('',*,*,#3199,.F.);
#1873=ORIENTED_EDGE('',*,*,#3082,.F.);
#1874=ORIENTED_EDGE('',*,*,#3108,.F.);
#1875=ORIENTED_EDGE('',*,*,#3098,.F.);
#1876=ORIENTED_EDGE('',*,*,#3106,.F.);
#1877=ORIENTED_EDGE('',*,*,#2982,.T.);
#1878=ORIENTED_EDGE('',*,*,#2966,.F.);
#1879=ORIENTED_EDGE('',*,*,#2981,.T.);
#1880=ORIENTED_EDGE('',*,*,#2965,.F.);
#1881=ORIENTED_EDGE('',*,*,#3205,.T.);
#1882=ORIENTED_EDGE('',*,*,#3206,.T.);
#1883=ORIENTED_EDGE('',*,*,#3207,.T.);
#1884=ORIENTED_EDGE('',*,*,#3206,.F.);
#1885=ORIENTED_EDGE('',*,*,#3205,.F.);
#1886=ORIENTED_EDGE('',*,*,#3208,.T.);
#1887=ORIENTED_EDGE('',*,*,#3209,.T.);
#1888=ORIENTED_EDGE('',*,*,#3210,.T.);
#1889=ORIENTED_EDGE('',*,*,#3211,.T.);
#1890=ORIENTED_EDGE('',*,*,#3212,.T.);
#1891=ORIENTED_EDGE('',*,*,#3213,.T.);
#1892=ORIENTED_EDGE('',*,*,#3214,.T.);
#1893=ORIENTED_EDGE('',*,*,#3215,.T.);
#1894=ORIENTED_EDGE('',*,*,#3216,.T.);
#1895=ORIENTED_EDGE('',*,*,#3217,.F.);
#1896=ORIENTED_EDGE('',*,*,#3218,.F.);
#1897=ORIENTED_EDGE('',*,*,#3219,.F.);
#1898=ORIENTED_EDGE('',*,*,#3220,.F.);
#1899=ORIENTED_EDGE('',*,*,#3221,.F.);
#1900=ORIENTED_EDGE('',*,*,#3222,.F.);
#1901=ORIENTED_EDGE('',*,*,#3223,.F.);
#1902=ORIENTED_EDGE('',*,*,#3224,.F.);
#1903=ORIENTED_EDGE('',*,*,#3225,.F.);
#1904=ORIENTED_EDGE('',*,*,#3208,.F.);
#1905=ORIENTED_EDGE('',*,*,#3207,.F.);
#1906=ORIENTED_EDGE('',*,*,#3211,.F.);
#1907=ORIENTED_EDGE('',*,*,#3226,.F.);
#1908=ORIENTED_EDGE('',*,*,#3209,.F.);
#1909=ORIENTED_EDGE('',*,*,#3227,.F.);
#1910=ORIENTED_EDGE('',*,*,#3215,.F.);
#1911=ORIENTED_EDGE('',*,*,#3228,.F.);
#1912=ORIENTED_EDGE('',*,*,#3213,.F.);
#1913=ORIENTED_EDGE('',*,*,#3229,.F.);
#1914=ORIENTED_EDGE('',*,*,#3221,.T.);
#1915=ORIENTED_EDGE('',*,*,#3230,.T.);
#1916=ORIENTED_EDGE('',*,*,#3231,.T.);
#1917=ORIENTED_EDGE('',*,*,#3232,.T.);
#1918=ORIENTED_EDGE('',*,*,#3233,.T.);
#1919=ORIENTED_EDGE('',*,*,#3234,.F.);
#1920=ORIENTED_EDGE('',*,*,#3220,.T.);
#1921=ORIENTED_EDGE('',*,*,#3235,.F.);
#1922=ORIENTED_EDGE('',*,*,#3219,.T.);
#1923=ORIENTED_EDGE('',*,*,#3212,.F.);
#1924=ORIENTED_EDGE('',*,*,#3229,.T.);
#1925=ORIENTED_EDGE('',*,*,#3236,.T.);
#1926=ORIENTED_EDGE('',*,*,#3230,.F.);
#1927=ORIENTED_EDGE('',*,*,#3235,.T.);
#1928=ORIENTED_EDGE('',*,*,#3234,.T.);
#1929=ORIENTED_EDGE('',*,*,#3236,.F.);
#1930=ORIENTED_EDGE('',*,*,#3237,.F.);
#1931=ORIENTED_EDGE('',*,*,#3223,.T.);
#1932=ORIENTED_EDGE('',*,*,#3238,.F.);
#1933=ORIENTED_EDGE('',*,*,#3222,.T.);
#1934=ORIENTED_EDGE('',*,*,#3214,.F.);
#1935=ORIENTED_EDGE('',*,*,#3228,.T.);
#1936=ORIENTED_EDGE('',*,*,#3239,.T.);
#1937=ORIENTED_EDGE('',*,*,#3231,.F.);
#1938=ORIENTED_EDGE('',*,*,#3238,.T.);
#1939=ORIENTED_EDGE('',*,*,#3237,.T.);
#1940=ORIENTED_EDGE('',*,*,#3239,.F.);
#1941=ORIENTED_EDGE('',*,*,#3240,.F.);
#1942=ORIENTED_EDGE('',*,*,#3218,.T.);
#1943=ORIENTED_EDGE('',*,*,#3241,.F.);
#1944=ORIENTED_EDGE('',*,*,#3217,.T.);
#1945=ORIENTED_EDGE('',*,*,#3216,.F.);
#1946=ORIENTED_EDGE('',*,*,#3227,.T.);
#1947=ORIENTED_EDGE('',*,*,#3242,.T.);
#1948=ORIENTED_EDGE('',*,*,#3232,.F.);
#1949=ORIENTED_EDGE('',*,*,#3241,.T.);
#1950=ORIENTED_EDGE('',*,*,#3240,.T.);
#1951=ORIENTED_EDGE('',*,*,#3242,.F.);
#1952=ORIENTED_EDGE('',*,*,#3243,.F.);
#1953=ORIENTED_EDGE('',*,*,#3225,.T.);
#1954=ORIENTED_EDGE('',*,*,#3244,.F.);
#1955=ORIENTED_EDGE('',*,*,#3224,.T.);
#1956=ORIENTED_EDGE('',*,*,#3210,.F.);
#1957=ORIENTED_EDGE('',*,*,#3226,.T.);
#1958=ORIENTED_EDGE('',*,*,#3245,.T.);
#1959=ORIENTED_EDGE('',*,*,#3233,.F.);
#1960=ORIENTED_EDGE('',*,*,#3244,.T.);
#1961=ORIENTED_EDGE('',*,*,#3243,.T.);
#1962=ORIENTED_EDGE('',*,*,#3245,.F.);
#1963=ORIENTED_EDGE('',*,*,#3246,.T.);
#1964=ORIENTED_EDGE('',*,*,#3247,.T.);
#1965=ORIENTED_EDGE('',*,*,#3248,.T.);
#1966=ORIENTED_EDGE('',*,*,#3249,.T.);
#1967=ORIENTED_EDGE('',*,*,#3250,.T.);
#1968=ORIENTED_EDGE('',*,*,#3251,.T.);
#1969=ORIENTED_EDGE('',*,*,#3252,.T.);
#1970=ORIENTED_EDGE('',*,*,#3253,.F.);
#1971=ORIENTED_EDGE('',*,*,#3254,.T.);
#1972=ORIENTED_EDGE('',*,*,#3255,.T.);
#1973=ORIENTED_EDGE('',*,*,#3256,.T.);
#1974=ORIENTED_EDGE('',*,*,#3257,.T.);
#1975=ORIENTED_EDGE('',*,*,#3258,.F.);
#1976=ORIENTED_EDGE('',*,*,#3259,.T.);
#1977=ORIENTED_EDGE('',*,*,#3258,.T.);
#1978=ORIENTED_EDGE('',*,*,#3260,.T.);
#1979=ORIENTED_EDGE('',*,*,#3246,.F.);
#1980=ORIENTED_EDGE('',*,*,#3261,.T.);
#1981=ORIENTED_EDGE('',*,*,#3262,.F.);
#1982=ORIENTED_EDGE('',*,*,#3263,.T.);
#1983=ORIENTED_EDGE('',*,*,#3264,.T.);
#1984=ORIENTED_EDGE('',*,*,#3254,.F.);
#1985=ORIENTED_EDGE('',*,*,#3265,.F.);
#1986=ORIENTED_EDGE('',*,*,#3266,.T.);
#1987=ORIENTED_EDGE('',*,*,#3267,.T.);
#1988=ORIENTED_EDGE('',*,*,#3263,.F.);
#1989=ORIENTED_EDGE('',*,*,#3267,.F.);
#1990=ORIENTED_EDGE('',*,*,#3268,.T.);
#1991=ORIENTED_EDGE('',*,*,#3255,.F.);
#1992=ORIENTED_EDGE('',*,*,#3264,.F.);
#1993=ORIENTED_EDGE('',*,*,#3253,.T.);
#1994=ORIENTED_EDGE('',*,*,#3269,.T.);
#1995=ORIENTED_EDGE('',*,*,#3265,.T.);
#1996=ORIENTED_EDGE('',*,*,#3262,.T.);
#1997=ORIENTED_EDGE('',*,*,#3270,.T.);
#1998=ORIENTED_EDGE('',*,*,#3271,.T.);
#1999=ORIENTED_EDGE('',*,*,#3272,.T.);
#2000=ORIENTED_EDGE('',*,*,#3273,.T.);
#2001=ORIENTED_EDGE('',*,*,#3248,.F.);
#2002=ORIENTED_EDGE('',*,*,#3274,.T.);
#2003=ORIENTED_EDGE('',*,*,#3256,.F.);
#2004=ORIENTED_EDGE('',*,*,#3275,.T.);
#2005=ORIENTED_EDGE('',*,*,#3276,.T.);
#2006=ORIENTED_EDGE('',*,*,#3277,.T.);
#2007=ORIENTED_EDGE('',*,*,#3278,.T.);
#2008=ORIENTED_EDGE('',*,*,#3279,.T.);
#2009=ORIENTED_EDGE('',*,*,#3280,.T.);
#2010=ORIENTED_EDGE('',*,*,#3281,.F.);
#2011=ORIENTED_EDGE('',*,*,#3282,.T.);
#2012=ORIENTED_EDGE('',*,*,#3283,.F.);
#2013=ORIENTED_EDGE('',*,*,#3284,.F.);
#2014=ORIENTED_EDGE('',*,*,#3285,.T.);
#2015=ORIENTED_EDGE('',*,*,#3286,.T.);
#2016=ORIENTED_EDGE('',*,*,#3287,.T.);
#2017=ORIENTED_EDGE('',*,*,#3288,.T.);
#2018=ORIENTED_EDGE('',*,*,#3289,.T.);
#2019=ORIENTED_EDGE('',*,*,#3290,.T.);
#2020=ORIENTED_EDGE('',*,*,#3291,.T.);
#2021=ORIENTED_EDGE('',*,*,#3292,.T.);
#2022=ORIENTED_EDGE('',*,*,#3293,.F.);
#2023=ORIENTED_EDGE('',*,*,#3294,.T.);
#2024=ORIENTED_EDGE('',*,*,#3295,.T.);
#2025=ORIENTED_EDGE('',*,*,#3281,.T.);
#2026=ORIENTED_EDGE('',*,*,#3296,.F.);
#2027=ORIENTED_EDGE('',*,*,#3294,.F.);
#2028=ORIENTED_EDGE('',*,*,#3297,.T.);
#2029=ORIENTED_EDGE('',*,*,#3292,.F.);
#2030=ORIENTED_EDGE('',*,*,#3298,.T.);
#2031=ORIENTED_EDGE('',*,*,#3283,.T.);
#2032=ORIENTED_EDGE('',*,*,#3299,.F.);
#2033=ORIENTED_EDGE('',*,*,#3284,.T.);
#2034=ORIENTED_EDGE('',*,*,#3298,.F.);
#2035=ORIENTED_EDGE('',*,*,#3295,.F.);
#2036=ORIENTED_EDGE('',*,*,#3296,.T.);
#2037=ORIENTED_EDGE('',*,*,#3300,.T.);
#2038=ORIENTED_EDGE('',*,*,#3301,.T.);
#2039=ORIENTED_EDGE('',*,*,#3302,.T.);
#2040=ORIENTED_EDGE('',*,*,#3303,.F.);
#2041=ORIENTED_EDGE('',*,*,#3304,.F.);
#2042=ORIENTED_EDGE('',*,*,#3305,.T.);
#2043=ORIENTED_EDGE('',*,*,#3306,.T.);
#2044=ORIENTED_EDGE('',*,*,#3304,.T.);
#2045=ORIENTED_EDGE('',*,*,#3307,.F.);
#2046=ORIENTED_EDGE('',*,*,#3308,.F.);
#2047=ORIENTED_EDGE('',*,*,#3309,.F.);
#2048=ORIENTED_EDGE('',*,*,#3310,.T.);
#2049=ORIENTED_EDGE('',*,*,#3311,.T.);
#2050=ORIENTED_EDGE('',*,*,#3308,.T.);
#2051=ORIENTED_EDGE('',*,*,#3303,.T.);
#2052=ORIENTED_EDGE('',*,*,#3312,.T.);
#2053=ORIENTED_EDGE('',*,*,#3309,.T.);
#2054=ORIENTED_EDGE('',*,*,#3307,.T.);
#2055=ORIENTED_EDGE('',*,*,#3311,.F.);
#2056=ORIENTED_EDGE('',*,*,#3313,.T.);
#2057=ORIENTED_EDGE('',*,*,#3305,.F.);
#2058=ORIENTED_EDGE('',*,*,#3306,.F.);
#2059=ORIENTED_EDGE('',*,*,#3282,.F.);
#2060=ORIENTED_EDGE('',*,*,#3297,.F.);
#2061=ORIENTED_EDGE('',*,*,#3293,.T.);
#2062=ORIENTED_EDGE('',*,*,#3299,.T.);
#2063=ORIENTED_EDGE('',*,*,#3314,.F.);
#2064=ORIENTED_EDGE('',*,*,#3290,.F.);
#2065=ORIENTED_EDGE('',*,*,#3315,.F.);
#2066=ORIENTED_EDGE('',*,*,#3257,.F.);
#2067=ORIENTED_EDGE('',*,*,#3274,.F.);
#2068=ORIENTED_EDGE('',*,*,#3247,.F.);
#2069=ORIENTED_EDGE('',*,*,#3315,.T.);
#2070=ORIENTED_EDGE('',*,*,#3291,.F.);
#2071=ORIENTED_EDGE('',*,*,#3314,.T.);
#2072=ORIENTED_EDGE('',*,*,#3260,.F.);
#2073=ORIENTED_EDGE('',*,*,#3316,.F.);
#2074=ORIENTED_EDGE('',*,*,#3286,.F.);
#2075=ORIENTED_EDGE('',*,*,#3317,.F.);
#2076=ORIENTED_EDGE('',*,*,#3249,.F.);
#2077=ORIENTED_EDGE('',*,*,#3275,.F.);
#2078=ORIENTED_EDGE('',*,*,#3259,.F.);
#2079=ORIENTED_EDGE('',*,*,#3317,.T.);
#2080=ORIENTED_EDGE('',*,*,#3287,.F.);
#2081=ORIENTED_EDGE('',*,*,#3316,.T.);
#2082=ORIENTED_EDGE('',*,*,#3261,.F.);
#2083=ORIENTED_EDGE('',*,*,#3300,.F.);
#2084=ORIENTED_EDGE('',*,*,#3313,.F.);
#2085=ORIENTED_EDGE('',*,*,#3318,.F.);
#2086=ORIENTED_EDGE('',*,*,#3278,.F.);
#2087=ORIENTED_EDGE('',*,*,#3319,.T.);
#2088=ORIENTED_EDGE('',*,*,#3318,.T.);
#2089=ORIENTED_EDGE('',*,*,#3310,.F.);
#2090=ORIENTED_EDGE('',*,*,#3320,.F.);
#2091=ORIENTED_EDGE('',*,*,#3279,.F.);
#2092=ORIENTED_EDGE('',*,*,#3320,.T.);
#2093=ORIENTED_EDGE('',*,*,#3312,.F.);
#2094=ORIENTED_EDGE('',*,*,#3302,.F.);
#2095=ORIENTED_EDGE('',*,*,#3321,.T.);
#2096=ORIENTED_EDGE('',*,*,#3276,.F.);
#2097=ORIENTED_EDGE('',*,*,#3250,.F.);
#2098=ORIENTED_EDGE('',*,*,#3268,.F.);
#2099=ORIENTED_EDGE('',*,*,#3322,.F.);
#2100=ORIENTED_EDGE('',*,*,#3271,.F.);
#2101=ORIENTED_EDGE('',*,*,#3323,.T.);
#2102=ORIENTED_EDGE('',*,*,#3252,.F.);
#2103=ORIENTED_EDGE('',*,*,#3324,.T.);
#2104=ORIENTED_EDGE('',*,*,#3273,.F.);
#2105=ORIENTED_EDGE('',*,*,#3325,.F.);
#2106=ORIENTED_EDGE('',*,*,#3269,.F.);
#2107=ORIENTED_EDGE('',*,*,#3322,.T.);
#2108=ORIENTED_EDGE('',*,*,#3266,.F.);
#2109=ORIENTED_EDGE('',*,*,#3325,.T.);
#2110=ORIENTED_EDGE('',*,*,#3272,.F.);
#2111=ORIENTED_EDGE('',*,*,#3319,.F.);
#2112=ORIENTED_EDGE('',*,*,#3277,.F.);
#2113=ORIENTED_EDGE('',*,*,#3321,.F.);
#2114=ORIENTED_EDGE('',*,*,#3301,.F.);
#2115=ORIENTED_EDGE('',*,*,#3324,.F.);
#2116=ORIENTED_EDGE('',*,*,#3251,.F.);
#2117=ORIENTED_EDGE('',*,*,#3323,.F.);
#2118=ORIENTED_EDGE('',*,*,#3270,.F.);
#2119=ORIENTED_EDGE('',*,*,#3285,.F.);
#2120=ORIENTED_EDGE('',*,*,#3280,.F.);
#2121=ORIENTED_EDGE('',*,*,#3288,.F.);
#2122=ORIENTED_EDGE('',*,*,#3289,.F.);
#2123=ORIENTED_EDGE('',*,*,#3326,.F.);
#2124=ORIENTED_EDGE('',*,*,#3327,.T.);
#2125=ORIENTED_EDGE('',*,*,#3328,.T.);
#2126=ORIENTED_EDGE('',*,*,#3329,.T.);
#2127=ORIENTED_EDGE('',*,*,#3330,.T.);
#2128=ORIENTED_EDGE('',*,*,#3331,.T.);
#2129=ORIENTED_EDGE('',*,*,#3332,.T.);
#2130=ORIENTED_EDGE('',*,*,#3333,.T.);
#2131=ORIENTED_EDGE('',*,*,#3334,.T.);
#2132=ORIENTED_EDGE('',*,*,#3335,.T.);
#2133=ORIENTED_EDGE('',*,*,#3336,.T.);
#2134=ORIENTED_EDGE('',*,*,#3337,.T.);
#2135=ORIENTED_EDGE('',*,*,#3338,.T.);
#2136=ORIENTED_EDGE('',*,*,#3339,.T.);
#2137=ORIENTED_EDGE('',*,*,#3340,.T.);
#2138=ORIENTED_EDGE('',*,*,#3341,.T.);
#2139=ORIENTED_EDGE('',*,*,#3342,.T.);
#2140=ORIENTED_EDGE('',*,*,#3343,.F.);
#2141=ORIENTED_EDGE('',*,*,#3344,.F.);
#2142=ORIENTED_EDGE('',*,*,#3345,.F.);
#2143=ORIENTED_EDGE('',*,*,#3346,.F.);
#2144=ORIENTED_EDGE('',*,*,#3347,.T.);
#2145=ORIENTED_EDGE('',*,*,#3348,.F.);
#2146=ORIENTED_EDGE('',*,*,#3349,.F.);
#2147=ORIENTED_EDGE('',*,*,#3350,.T.);
#2148=ORIENTED_EDGE('',*,*,#3351,.F.);
#2149=ORIENTED_EDGE('',*,*,#3352,.F.);
#2150=ORIENTED_EDGE('',*,*,#3350,.F.);
#2151=ORIENTED_EDGE('',*,*,#3353,.T.);
#2152=ORIENTED_EDGE('',*,*,#3354,.F.);
#2153=ORIENTED_EDGE('',*,*,#3355,.T.);
#2154=ORIENTED_EDGE('',*,*,#3347,.F.);
#2155=ORIENTED_EDGE('',*,*,#3356,.T.);
#2156=ORIENTED_EDGE('',*,*,#3357,.T.);
#2157=ORIENTED_EDGE('',*,*,#3351,.T.);
#2158=ORIENTED_EDGE('',*,*,#3358,.T.);
#2159=ORIENTED_EDGE('',*,*,#3359,.F.);
#2160=ORIENTED_EDGE('',*,*,#3360,.T.);
#2161=ORIENTED_EDGE('',*,*,#3361,.T.);
#2162=ORIENTED_EDGE('',*,*,#3362,.T.);
#2163=ORIENTED_EDGE('',*,*,#3363,.F.);
#2164=ORIENTED_EDGE('',*,*,#3364,.T.);
#2165=ORIENTED_EDGE('',*,*,#3348,.T.);
#2166=ORIENTED_EDGE('',*,*,#3365,.T.);
#2167=ORIENTED_EDGE('',*,*,#3366,.F.);
#2168=ORIENTED_EDGE('',*,*,#3367,.T.);
#2169=ORIENTED_EDGE('',*,*,#3368,.T.);
#2170=ORIENTED_EDGE('',*,*,#3369,.T.);
#2171=ORIENTED_EDGE('',*,*,#3370,.F.);
#2172=ORIENTED_EDGE('',*,*,#3371,.F.);
#2173=ORIENTED_EDGE('',*,*,#3372,.T.);
#2174=ORIENTED_EDGE('',*,*,#3354,.T.);
#2175=ORIENTED_EDGE('',*,*,#3361,.F.);
#2176=ORIENTED_EDGE('',*,*,#3373,.F.);
#2177=ORIENTED_EDGE('',*,*,#3371,.T.);
#2178=ORIENTED_EDGE('',*,*,#3368,.F.);
#2179=ORIENTED_EDGE('',*,*,#3374,.F.);
#2180=ORIENTED_EDGE('',*,*,#3375,.F.);
#2181=ORIENTED_EDGE('',*,*,#3376,.F.);
#2182=ORIENTED_EDGE('',*,*,#3377,.F.);
#2183=ORIENTED_EDGE('',*,*,#3365,.F.);
#2184=ORIENTED_EDGE('',*,*,#3378,.F.);
#2185=ORIENTED_EDGE('',*,*,#3364,.F.);
#2186=ORIENTED_EDGE('',*,*,#3379,.F.);
#2187=ORIENTED_EDGE('',*,*,#3380,.F.);
#2188=ORIENTED_EDGE('',*,*,#3381,.F.);
#2189=ORIENTED_EDGE('',*,*,#3362,.F.);
#2190=ORIENTED_EDGE('',*,*,#3382,.F.);
#2191=ORIENTED_EDGE('',*,*,#3360,.F.);
#2192=ORIENTED_EDGE('',*,*,#3383,.F.);
#2193=ORIENTED_EDGE('',*,*,#3384,.F.);
#2194=ORIENTED_EDGE('',*,*,#3385,.F.);
#2195=ORIENTED_EDGE('',*,*,#3358,.F.);
#2196=ORIENTED_EDGE('',*,*,#3386,.F.);
#2197=ORIENTED_EDGE('',*,*,#3357,.F.);
#2198=ORIENTED_EDGE('',*,*,#3387,.F.);
#2199=ORIENTED_EDGE('',*,*,#3388,.F.);
#2200=ORIENTED_EDGE('',*,*,#3389,.F.);
#2201=ORIENTED_EDGE('',*,*,#3369,.F.);
#2202=ORIENTED_EDGE('',*,*,#3390,.F.);
#2203=ORIENTED_EDGE('',*,*,#3367,.F.);
#2204=ORIENTED_EDGE('',*,*,#3378,.T.);
#2205=ORIENTED_EDGE('',*,*,#3349,.T.);
#2206=ORIENTED_EDGE('',*,*,#3391,.F.);
#2207=ORIENTED_EDGE('',*,*,#3386,.T.);
#2208=ORIENTED_EDGE('',*,*,#3352,.T.);
#2209=ORIENTED_EDGE('',*,*,#3392,.F.);
#2210=ORIENTED_EDGE('',*,*,#3331,.F.);
#2211=ORIENTED_EDGE('',*,*,#3393,.T.);
#2212=ORIENTED_EDGE('',*,*,#3327,.F.);
#2213=ORIENTED_EDGE('',*,*,#3394,.T.);
#2214=ORIENTED_EDGE('',*,*,#3339,.F.);
#2215=ORIENTED_EDGE('',*,*,#3395,.T.);
#2216=ORIENTED_EDGE('',*,*,#3335,.F.);
#2217=ORIENTED_EDGE('',*,*,#3396,.T.);
#2218=ORIENTED_EDGE('',*,*,#3397,.T.);
#2219=ORIENTED_EDGE('',*,*,#3388,.T.);
#2220=ORIENTED_EDGE('',*,*,#3398,.T.);
#2221=ORIENTED_EDGE('',*,*,#3384,.T.);
#2222=ORIENTED_EDGE('',*,*,#3399,.T.);
#2223=ORIENTED_EDGE('',*,*,#3380,.T.);
#2224=ORIENTED_EDGE('',*,*,#3400,.T.);
#2225=ORIENTED_EDGE('',*,*,#3376,.T.);
#2226=ORIENTED_EDGE('',*,*,#3372,.F.);
#2227=ORIENTED_EDGE('',*,*,#3398,.F.);
#2228=ORIENTED_EDGE('',*,*,#3387,.T.);
#2229=ORIENTED_EDGE('',*,*,#3370,.T.);
#2230=ORIENTED_EDGE('',*,*,#3389,.T.);
#2231=ORIENTED_EDGE('',*,*,#3397,.F.);
#2232=ORIENTED_EDGE('',*,*,#3375,.T.);
#2233=ORIENTED_EDGE('',*,*,#3366,.T.);
#2234=ORIENTED_EDGE('',*,*,#3377,.T.);
#2235=ORIENTED_EDGE('',*,*,#3400,.F.);
#2236=ORIENTED_EDGE('',*,*,#3379,.T.);
#2237=ORIENTED_EDGE('',*,*,#3363,.T.);
#2238=ORIENTED_EDGE('',*,*,#3381,.T.);
#2239=ORIENTED_EDGE('',*,*,#3399,.F.);
#2240=ORIENTED_EDGE('',*,*,#3383,.T.);
#2241=ORIENTED_EDGE('',*,*,#3359,.T.);
#2242=ORIENTED_EDGE('',*,*,#3385,.T.);
#2243=ORIENTED_EDGE('',*,*,#3356,.F.);
#2244=ORIENTED_EDGE('',*,*,#3355,.F.);
#2245=ORIENTED_EDGE('',*,*,#3353,.F.);
#2246=ORIENTED_EDGE('',*,*,#3401,.T.);
#2247=ORIENTED_EDGE('',*,*,#3382,.T.);
#2248=ORIENTED_EDGE('',*,*,#3373,.T.);
#2249=ORIENTED_EDGE('',*,*,#3402,.F.);
#2250=ORIENTED_EDGE('',*,*,#3390,.T.);
#2251=ORIENTED_EDGE('',*,*,#3374,.T.);
#2252=ORIENTED_EDGE('',*,*,#3403,.F.);
#2253=ORIENTED_EDGE('',*,*,#3346,.T.);
#2254=ORIENTED_EDGE('',*,*,#3403,.T.);
#2255=ORIENTED_EDGE('',*,*,#3402,.T.);
#2256=ORIENTED_EDGE('',*,*,#3401,.F.);
#2257=ORIENTED_EDGE('',*,*,#3392,.T.);
#2258=ORIENTED_EDGE('',*,*,#3391,.T.);
#2259=ORIENTED_EDGE('',*,*,#3345,.T.);
#2260=ORIENTED_EDGE('',*,*,#3404,.F.);
#2261=ORIENTED_EDGE('',*,*,#3333,.F.);
#2262=ORIENTED_EDGE('',*,*,#3405,.T.);
#2263=ORIENTED_EDGE('',*,*,#3406,.T.);
#2264=ORIENTED_EDGE('',*,*,#3407,.T.);
#2265=ORIENTED_EDGE('',*,*,#3404,.T.);
#2266=ORIENTED_EDGE('',*,*,#3406,.F.);
#2267=ORIENTED_EDGE('',*,*,#3408,.T.);
#2268=ORIENTED_EDGE('',*,*,#3332,.F.);
#2269=ORIENTED_EDGE('',*,*,#3396,.F.);
#2270=ORIENTED_EDGE('',*,*,#3334,.F.);
#2271=ORIENTED_EDGE('',*,*,#3407,.F.);
#2272=ORIENTED_EDGE('',*,*,#3408,.F.);
#2273=ORIENTED_EDGE('',*,*,#3405,.F.);
#2274=ORIENTED_EDGE('',*,*,#3344,.T.);
#2275=ORIENTED_EDGE('',*,*,#3409,.F.);
#2276=ORIENTED_EDGE('',*,*,#3337,.F.);
#2277=ORIENTED_EDGE('',*,*,#3410,.T.);
#2278=ORIENTED_EDGE('',*,*,#3411,.T.);
#2279=ORIENTED_EDGE('',*,*,#3412,.T.);
#2280=ORIENTED_EDGE('',*,*,#3409,.T.);
#2281=ORIENTED_EDGE('',*,*,#3411,.F.);
#2282=ORIENTED_EDGE('',*,*,#3413,.T.);
#2283=ORIENTED_EDGE('',*,*,#3336,.F.);
#2284=ORIENTED_EDGE('',*,*,#3395,.F.);
#2285=ORIENTED_EDGE('',*,*,#3338,.F.);
#2286=ORIENTED_EDGE('',*,*,#3412,.F.);
#2287=ORIENTED_EDGE('',*,*,#3413,.F.);
#2288=ORIENTED_EDGE('',*,*,#3410,.F.);
#2289=ORIENTED_EDGE('',*,*,#3343,.T.);
#2290=ORIENTED_EDGE('',*,*,#3414,.F.);
#2291=ORIENTED_EDGE('',*,*,#3341,.F.);
#2292=ORIENTED_EDGE('',*,*,#3415,.T.);
#2293=ORIENTED_EDGE('',*,*,#3416,.T.);
#2294=ORIENTED_EDGE('',*,*,#3417,.T.);
#2295=ORIENTED_EDGE('',*,*,#3414,.T.);
#2296=ORIENTED_EDGE('',*,*,#3416,.F.);
#2297=ORIENTED_EDGE('',*,*,#3418,.T.);
#2298=ORIENTED_EDGE('',*,*,#3340,.F.);
#2299=ORIENTED_EDGE('',*,*,#3394,.F.);
#2300=ORIENTED_EDGE('',*,*,#3342,.F.);
#2301=ORIENTED_EDGE('',*,*,#3417,.F.);
#2302=ORIENTED_EDGE('',*,*,#3418,.F.);
#2303=ORIENTED_EDGE('',*,*,#3415,.F.);
#2304=ORIENTED_EDGE('',*,*,#3326,.T.);
#2305=ORIENTED_EDGE('',*,*,#3419,.F.);
#2306=ORIENTED_EDGE('',*,*,#3329,.F.);
#2307=ORIENTED_EDGE('',*,*,#3420,.T.);
#2308=ORIENTED_EDGE('',*,*,#3421,.T.);
#2309=ORIENTED_EDGE('',*,*,#3422,.T.);
#2310=ORIENTED_EDGE('',*,*,#3419,.T.);
#2311=ORIENTED_EDGE('',*,*,#3421,.F.);
#2312=ORIENTED_EDGE('',*,*,#3423,.T.);
#2313=ORIENTED_EDGE('',*,*,#3328,.F.);
#2314=ORIENTED_EDGE('',*,*,#3393,.F.);
#2315=ORIENTED_EDGE('',*,*,#3330,.F.);
#2316=ORIENTED_EDGE('',*,*,#3422,.F.);
#2317=ORIENTED_EDGE('',*,*,#3423,.F.);
#2318=ORIENTED_EDGE('',*,*,#3420,.F.);
#2319=ORIENTED_EDGE('',*,*,#3424,.T.);
#2320=ORIENTED_EDGE('',*,*,#3425,.T.);
#2321=ORIENTED_EDGE('',*,*,#3426,.T.);
#2322=ORIENTED_EDGE('',*,*,#3427,.T.);
#2323=ORIENTED_EDGE('',*,*,#3428,.T.);
#2324=ORIENTED_EDGE('',*,*,#3429,.T.);
#2325=ORIENTED_EDGE('',*,*,#3430,.T.);
#2326=ORIENTED_EDGE('',*,*,#3431,.T.);
#2327=ORIENTED_EDGE('',*,*,#3432,.T.);
#2328=ORIENTED_EDGE('',*,*,#3433,.F.);
#2329=ORIENTED_EDGE('',*,*,#3434,.F.);
#2330=ORIENTED_EDGE('',*,*,#3435,.F.);
#2331=ORIENTED_EDGE('',*,*,#3436,.F.);
#2332=ORIENTED_EDGE('',*,*,#3437,.F.);
#2333=ORIENTED_EDGE('',*,*,#3438,.F.);
#2334=ORIENTED_EDGE('',*,*,#3439,.F.);
#2335=ORIENTED_EDGE('',*,*,#3440,.F.);
#2336=ORIENTED_EDGE('',*,*,#3441,.F.);
#2337=ORIENTED_EDGE('',*,*,#3442,.T.);
#2338=ORIENTED_EDGE('',*,*,#3443,.F.);
#2339=ORIENTED_EDGE('',*,*,#3444,.F.);
#2340=ORIENTED_EDGE('',*,*,#3445,.F.);
#2341=ORIENTED_EDGE('',*,*,#3446,.T.);
#2342=ORIENTED_EDGE('',*,*,#3447,.F.);
#2343=ORIENTED_EDGE('',*,*,#3443,.T.);
#2344=ORIENTED_EDGE('',*,*,#3445,.T.);
#2345=ORIENTED_EDGE('',*,*,#3448,.F.);
#2346=ORIENTED_EDGE('',*,*,#3449,.F.);
#2347=ORIENTED_EDGE('',*,*,#3450,.T.);
#2348=ORIENTED_EDGE('',*,*,#3444,.T.);
#2349=ORIENTED_EDGE('',*,*,#3451,.F.);
#2350=ORIENTED_EDGE('',*,*,#3452,.F.);
#2351=ORIENTED_EDGE('',*,*,#3448,.T.);
#2352=ORIENTED_EDGE('',*,*,#3447,.T.);
#2353=ORIENTED_EDGE('',*,*,#3453,.F.);
#2354=ORIENTED_EDGE('',*,*,#3454,.F.);
#2355=ORIENTED_EDGE('',*,*,#3451,.T.);
#2356=ORIENTED_EDGE('',*,*,#3446,.F.);
#2357=ORIENTED_EDGE('',*,*,#3450,.F.);
#2358=ORIENTED_EDGE('',*,*,#3455,.T.);
#2359=ORIENTED_EDGE('',*,*,#3453,.T.);
#2360=ORIENTED_EDGE('',*,*,#3449,.T.);
#2361=ORIENTED_EDGE('',*,*,#3452,.T.);
#2362=ORIENTED_EDGE('',*,*,#3454,.T.);
#2363=ORIENTED_EDGE('',*,*,#3455,.F.);
#2364=ORIENTED_EDGE('',*,*,#3424,.F.);
#2365=ORIENTED_EDGE('',*,*,#3442,.F.);
#2366=ORIENTED_EDGE('',*,*,#3427,.F.);
#2367=ORIENTED_EDGE('',*,*,#3456,.F.);
#2368=ORIENTED_EDGE('',*,*,#3425,.F.);
#2369=ORIENTED_EDGE('',*,*,#3457,.F.);
#2370=ORIENTED_EDGE('',*,*,#3431,.F.);
#2371=ORIENTED_EDGE('',*,*,#3458,.F.);
#2372=ORIENTED_EDGE('',*,*,#3429,.F.);
#2373=ORIENTED_EDGE('',*,*,#3459,.F.);
#2374=ORIENTED_EDGE('',*,*,#3437,.T.);
#2375=ORIENTED_EDGE('',*,*,#3460,.T.);
#2376=ORIENTED_EDGE('',*,*,#3461,.T.);
#2377=ORIENTED_EDGE('',*,*,#3462,.T.);
#2378=ORIENTED_EDGE('',*,*,#3463,.T.);
#2379=ORIENTED_EDGE('',*,*,#3464,.F.);
#2380=ORIENTED_EDGE('',*,*,#3436,.T.);
#2381=ORIENTED_EDGE('',*,*,#3465,.F.);
#2382=ORIENTED_EDGE('',*,*,#3435,.T.);
#2383=ORIENTED_EDGE('',*,*,#3428,.F.);
#2384=ORIENTED_EDGE('',*,*,#3459,.T.);
#2385=ORIENTED_EDGE('',*,*,#3466,.T.);
#2386=ORIENTED_EDGE('',*,*,#3460,.F.);
#2387=ORIENTED_EDGE('',*,*,#3465,.T.);
#2388=ORIENTED_EDGE('',*,*,#3464,.T.);
#2389=ORIENTED_EDGE('',*,*,#3466,.F.);
#2390=ORIENTED_EDGE('',*,*,#3467,.F.);
#2391=ORIENTED_EDGE('',*,*,#3439,.T.);
#2392=ORIENTED_EDGE('',*,*,#3468,.F.);
#2393=ORIENTED_EDGE('',*,*,#3438,.T.);
#2394=ORIENTED_EDGE('',*,*,#3430,.F.);
#2395=ORIENTED_EDGE('',*,*,#3458,.T.);
#2396=ORIENTED_EDGE('',*,*,#3469,.T.);
#2397=ORIENTED_EDGE('',*,*,#3461,.F.);
#2398=ORIENTED_EDGE('',*,*,#3468,.T.);
#2399=ORIENTED_EDGE('',*,*,#3467,.T.);
#2400=ORIENTED_EDGE('',*,*,#3469,.F.);
#2401=ORIENTED_EDGE('',*,*,#3470,.F.);
#2402=ORIENTED_EDGE('',*,*,#3434,.T.);
#2403=ORIENTED_EDGE('',*,*,#3471,.F.);
#2404=ORIENTED_EDGE('',*,*,#3433,.T.);
#2405=ORIENTED_EDGE('',*,*,#3432,.F.);
#2406=ORIENTED_EDGE('',*,*,#3457,.T.);
#2407=ORIENTED_EDGE('',*,*,#3472,.T.);
#2408=ORIENTED_EDGE('',*,*,#3462,.F.);
#2409=ORIENTED_EDGE('',*,*,#3471,.T.);
#2410=ORIENTED_EDGE('',*,*,#3470,.T.);
#2411=ORIENTED_EDGE('',*,*,#3472,.F.);
#2412=ORIENTED_EDGE('',*,*,#3473,.F.);
#2413=ORIENTED_EDGE('',*,*,#3441,.T.);
#2414=ORIENTED_EDGE('',*,*,#3474,.F.);
#2415=ORIENTED_EDGE('',*,*,#3440,.T.);
#2416=ORIENTED_EDGE('',*,*,#3426,.F.);
#2417=ORIENTED_EDGE('',*,*,#3456,.T.);
#2418=ORIENTED_EDGE('',*,*,#3475,.T.);
#2419=ORIENTED_EDGE('',*,*,#3463,.F.);
#2420=ORIENTED_EDGE('',*,*,#3474,.T.);
#2421=ORIENTED_EDGE('',*,*,#3473,.T.);
#2422=ORIENTED_EDGE('',*,*,#3475,.F.);
#2423=ORIENTED_EDGE('',*,*,#3476,.F.);
#2424=ORIENTED_EDGE('',*,*,#3477,.T.);
#2425=ORIENTED_EDGE('',*,*,#3478,.F.);
#2426=ORIENTED_EDGE('',*,*,#3479,.F.);
#2427=ORIENTED_EDGE('',*,*,#3480,.F.);
#2428=ORIENTED_EDGE('',*,*,#3481,.F.);
#2429=ORIENTED_EDGE('',*,*,#3476,.T.);
#2430=ORIENTED_EDGE('',*,*,#3482,.T.);
#2431=ORIENTED_EDGE('',*,*,#3483,.F.);
#2432=ORIENTED_EDGE('',*,*,#3482,.F.);
#2433=ORIENTED_EDGE('',*,*,#3479,.T.);
#2434=ORIENTED_EDGE('',*,*,#3484,.T.);
#2435=ORIENTED_EDGE('',*,*,#3485,.T.);
#2436=ORIENTED_EDGE('',*,*,#3486,.T.);
#2437=ORIENTED_EDGE('',*,*,#3487,.T.);
#2438=ORIENTED_EDGE('',*,*,#3488,.T.);
#2439=ORIENTED_EDGE('',*,*,#3489,.F.);
#2440=ORIENTED_EDGE('',*,*,#3490,.F.);
#2441=ORIENTED_EDGE('',*,*,#3491,.F.);
#2442=ORIENTED_EDGE('',*,*,#3492,.F.);
#2443=ORIENTED_EDGE('',*,*,#3493,.F.);
#2444=ORIENTED_EDGE('',*,*,#3484,.F.);
#2445=ORIENTED_EDGE('',*,*,#3478,.T.);
#2446=ORIENTED_EDGE('',*,*,#3494,.T.);
#2447=ORIENTED_EDGE('',*,*,#3495,.F.);
#2448=ORIENTED_EDGE('',*,*,#3494,.F.);
#2449=ORIENTED_EDGE('',*,*,#3477,.F.);
#2450=ORIENTED_EDGE('',*,*,#3481,.T.);
#2451=ORIENTED_EDGE('',*,*,#3495,.T.);
#2452=ORIENTED_EDGE('',*,*,#3496,.F.);
#2453=ORIENTED_EDGE('',*,*,#3490,.T.);
#2454=ORIENTED_EDGE('',*,*,#3497,.T.);
#2455=ORIENTED_EDGE('',*,*,#3491,.T.);
#2456=ORIENTED_EDGE('',*,*,#3496,.T.);
#2457=ORIENTED_EDGE('',*,*,#3480,.T.);
#2458=ORIENTED_EDGE('',*,*,#3498,.F.);
#2459=ORIENTED_EDGE('',*,*,#3492,.T.);
#2460=ORIENTED_EDGE('',*,*,#3498,.T.);
#2461=ORIENTED_EDGE('',*,*,#3483,.T.);
#2462=ORIENTED_EDGE('',*,*,#3499,.F.);
#2463=ORIENTED_EDGE('',*,*,#3489,.T.);
#2464=ORIENTED_EDGE('',*,*,#3499,.T.);
#2465=ORIENTED_EDGE('',*,*,#3493,.T.);
#2466=ORIENTED_EDGE('',*,*,#3497,.F.);
#2467=ORIENTED_EDGE('',*,*,#3500,.T.);
#2468=ORIENTED_EDGE('',*,*,#3501,.T.);
#2469=ORIENTED_EDGE('',*,*,#3502,.T.);
#2470=ORIENTED_EDGE('',*,*,#3503,.T.);
#2471=ORIENTED_EDGE('',*,*,#3488,.F.);
#2472=ORIENTED_EDGE('',*,*,#3504,.T.);
#2473=ORIENTED_EDGE('',*,*,#3500,.F.);
#2474=ORIENTED_EDGE('',*,*,#3505,.F.);
#2475=ORIENTED_EDGE('',*,*,#3487,.F.);
#2476=ORIENTED_EDGE('',*,*,#3506,.T.);
#2477=ORIENTED_EDGE('',*,*,#3501,.F.);
#2478=ORIENTED_EDGE('',*,*,#3504,.F.);
#2479=ORIENTED_EDGE('',*,*,#3486,.F.);
#2480=ORIENTED_EDGE('',*,*,#3507,.T.);
#2481=ORIENTED_EDGE('',*,*,#3502,.F.);
#2482=ORIENTED_EDGE('',*,*,#3506,.F.);
#2483=ORIENTED_EDGE('',*,*,#3485,.F.);
#2484=ORIENTED_EDGE('',*,*,#3505,.T.);
#2485=ORIENTED_EDGE('',*,*,#3503,.F.);
#2486=ORIENTED_EDGE('',*,*,#3507,.F.);
#2487=ORIENTED_EDGE('',*,*,#3508,.T.);
#2488=ORIENTED_EDGE('',*,*,#3509,.T.);
#2489=ORIENTED_EDGE('',*,*,#3510,.F.);
#2490=ORIENTED_EDGE('',*,*,#3509,.F.);
#2491=ORIENTED_EDGE('',*,*,#3511,.T.);
#2492=ORIENTED_EDGE('',*,*,#3512,.T.);
#2493=ORIENTED_EDGE('',*,*,#3513,.T.);
#2494=ORIENTED_EDGE('',*,*,#3514,.T.);
#2495=ORIENTED_EDGE('',*,*,#3515,.T.);
#2496=ORIENTED_EDGE('',*,*,#3516,.T.);
#2497=ORIENTED_EDGE('',*,*,#3514,.F.);
#2498=ORIENTED_EDGE('',*,*,#3517,.F.);
#2499=ORIENTED_EDGE('',*,*,#3518,.T.);
#2500=ORIENTED_EDGE('',*,*,#3519,.T.);
#2501=ORIENTED_EDGE('',*,*,#3512,.F.);
#2502=ORIENTED_EDGE('',*,*,#3520,.F.);
#2503=ORIENTED_EDGE('',*,*,#3521,.T.);
#2504=ORIENTED_EDGE('',*,*,#3510,.T.);
#2505=ORIENTED_EDGE('',*,*,#3521,.F.);
#2506=ORIENTED_EDGE('',*,*,#3522,.T.);
#2507=ORIENTED_EDGE('',*,*,#3517,.T.);
#2508=ORIENTED_EDGE('',*,*,#3513,.F.);
#2509=ORIENTED_EDGE('',*,*,#3519,.F.);
#2510=ORIENTED_EDGE('',*,*,#3523,.T.);
#2511=ORIENTED_EDGE('',*,*,#3520,.T.);
#2512=ORIENTED_EDGE('',*,*,#3511,.F.);
#2513=ORIENTED_EDGE('',*,*,#3516,.F.);
#2514=ORIENTED_EDGE('',*,*,#3508,.F.);
#2515=ORIENTED_EDGE('',*,*,#3524,.F.);
#2516=ORIENTED_EDGE('',*,*,#3525,.T.);
#2517=ORIENTED_EDGE('',*,*,#3526,.T.);
#2518=ORIENTED_EDGE('',*,*,#3527,.F.);
#2519=ORIENTED_EDGE('',*,*,#3528,.F.);
#2520=ORIENTED_EDGE('',*,*,#3529,.T.);
#2521=ORIENTED_EDGE('',*,*,#3530,.T.);
#2522=ORIENTED_EDGE('',*,*,#3531,.F.);
#2523=ORIENTED_EDGE('',*,*,#3532,.T.);
#2524=ORIENTED_EDGE('',*,*,#3524,.T.);
#2525=ORIENTED_EDGE('',*,*,#3533,.T.);
#2526=ORIENTED_EDGE('',*,*,#3528,.T.);
#2527=ORIENTED_EDGE('',*,*,#3526,.F.);
#2528=ORIENTED_EDGE('',*,*,#3534,.F.);
#2529=ORIENTED_EDGE('',*,*,#3530,.F.);
#2530=ORIENTED_EDGE('',*,*,#3535,.F.);
#2531=ORIENTED_EDGE('',*,*,#3532,.F.);
#2532=ORIENTED_EDGE('',*,*,#3531,.T.);
#2533=ORIENTED_EDGE('',*,*,#3534,.T.);
#2534=ORIENTED_EDGE('',*,*,#3525,.F.);
#2535=ORIENTED_EDGE('',*,*,#3515,.F.);
#2536=ORIENTED_EDGE('',*,*,#3522,.F.);
#2537=ORIENTED_EDGE('',*,*,#3518,.F.);
#2538=ORIENTED_EDGE('',*,*,#3523,.F.);
#2539=ORIENTED_EDGE('',*,*,#3533,.F.);
#2540=ORIENTED_EDGE('',*,*,#3527,.T.);
#2541=ORIENTED_EDGE('',*,*,#3535,.T.);
#2542=ORIENTED_EDGE('',*,*,#3529,.F.);
#2543=ORIENTED_EDGE('',*,*,#3536,.F.);
#2544=ORIENTED_EDGE('',*,*,#3537,.T.);
#2545=ORIENTED_EDGE('',*,*,#3538,.F.);
#2546=ORIENTED_EDGE('',*,*,#3539,.T.);
#2547=ORIENTED_EDGE('',*,*,#3540,.F.);
#2548=ORIENTED_EDGE('',*,*,#3541,.T.);
#2549=ORIENTED_EDGE('',*,*,#3542,.F.);
#2550=ORIENTED_EDGE('',*,*,#3543,.T.);
#2551=ORIENTED_EDGE('',*,*,#3544,.F.);
#2552=ORIENTED_EDGE('',*,*,#3545,.F.);
#2553=ORIENTED_EDGE('',*,*,#3543,.F.);
#2554=ORIENTED_EDGE('',*,*,#3546,.T.);
#2555=ORIENTED_EDGE('',*,*,#3547,.F.);
#2556=ORIENTED_EDGE('',*,*,#3542,.T.);
#2557=ORIENTED_EDGE('',*,*,#3548,.T.);
#2558=ORIENTED_EDGE('',*,*,#3549,.F.);
#2559=ORIENTED_EDGE('',*,*,#3546,.F.);
#2560=ORIENTED_EDGE('',*,*,#3541,.F.);
#2561=ORIENTED_EDGE('',*,*,#3550,.T.);
#2562=ORIENTED_EDGE('',*,*,#3551,.F.);
#2563=ORIENTED_EDGE('',*,*,#3548,.F.);
#2564=ORIENTED_EDGE('',*,*,#3540,.T.);
#2565=ORIENTED_EDGE('',*,*,#3552,.T.);
#2566=ORIENTED_EDGE('',*,*,#3553,.F.);
#2567=ORIENTED_EDGE('',*,*,#3550,.F.);
#2568=ORIENTED_EDGE('',*,*,#3536,.T.);
#2569=ORIENTED_EDGE('',*,*,#3554,.F.);
#2570=ORIENTED_EDGE('',*,*,#3554,.T.);
#2571=ORIENTED_EDGE('',*,*,#3555,.T.);
#2572=ORIENTED_EDGE('',*,*,#3556,.F.);
#2573=ORIENTED_EDGE('',*,*,#3547,.T.);
#2574=ORIENTED_EDGE('',*,*,#3549,.T.);
#2575=ORIENTED_EDGE('',*,*,#3551,.T.);
#2576=ORIENTED_EDGE('',*,*,#3553,.T.);
#2577=ORIENTED_EDGE('',*,*,#3557,.T.);
#2578=ORIENTED_EDGE('',*,*,#3558,.F.);
#2579=ORIENTED_EDGE('',*,*,#3559,.F.);
#2580=ORIENTED_EDGE('',*,*,#3557,.F.);
#2581=ORIENTED_EDGE('',*,*,#3552,.F.);
#2582=ORIENTED_EDGE('',*,*,#3539,.F.);
#2583=ORIENTED_EDGE('',*,*,#3560,.F.);
#2584=ORIENTED_EDGE('',*,*,#3561,.F.);
#2585=ORIENTED_EDGE('',*,*,#3562,.F.);
#2586=ORIENTED_EDGE('',*,*,#3563,.T.);
#2587=ORIENTED_EDGE('',*,*,#3564,.T.);
#2588=ORIENTED_EDGE('',*,*,#3565,.T.);
#2589=ORIENTED_EDGE('',*,*,#3566,.F.);
#2590=ORIENTED_EDGE('',*,*,#3567,.F.);
#2591=ORIENTED_EDGE('',*,*,#3568,.F.);
#2592=ORIENTED_EDGE('',*,*,#3569,.T.);
#2593=ORIENTED_EDGE('',*,*,#3570,.F.);
#2594=ORIENTED_EDGE('',*,*,#3571,.F.);
#2595=ORIENTED_EDGE('',*,*,#3572,.F.);
#2596=ORIENTED_EDGE('',*,*,#3573,.F.);
#2597=ORIENTED_EDGE('',*,*,#3574,.F.);
#2598=ORIENTED_EDGE('',*,*,#3575,.F.);
#2599=ORIENTED_EDGE('',*,*,#3576,.T.);
#2600=ORIENTED_EDGE('',*,*,#3577,.T.);
#2601=ORIENTED_EDGE('',*,*,#3578,.T.);
#2602=ORIENTED_EDGE('',*,*,#3579,.T.);
#2603=ORIENTED_EDGE('',*,*,#3580,.T.);
#2604=ORIENTED_EDGE('',*,*,#3581,.T.);
#2605=ORIENTED_EDGE('',*,*,#3582,.T.);
#2606=ORIENTED_EDGE('',*,*,#3583,.T.);
#2607=ORIENTED_EDGE('',*,*,#3584,.T.);
#2608=ORIENTED_EDGE('',*,*,#3585,.T.);
#2609=ORIENTED_EDGE('',*,*,#3586,.T.);
#2610=ORIENTED_EDGE('',*,*,#3587,.T.);
#2611=ORIENTED_EDGE('',*,*,#3588,.F.);
#2612=ORIENTED_EDGE('',*,*,#3589,.F.);
#2613=ORIENTED_EDGE('',*,*,#3590,.T.);
#2614=ORIENTED_EDGE('',*,*,#3591,.T.);
#2615=ORIENTED_EDGE('',*,*,#3566,.T.);
#2616=ORIENTED_EDGE('',*,*,#3592,.T.);
#2617=ORIENTED_EDGE('',*,*,#3582,.F.);
#2618=ORIENTED_EDGE('',*,*,#3593,.F.);
#2619=ORIENTED_EDGE('',*,*,#3574,.T.);
#2620=ORIENTED_EDGE('',*,*,#3594,.T.);
#2621=ORIENTED_EDGE('',*,*,#3584,.F.);
#2622=ORIENTED_EDGE('',*,*,#3595,.F.);
#2623=ORIENTED_EDGE('',*,*,#3573,.T.);
#2624=ORIENTED_EDGE('',*,*,#3596,.T.);
#2625=ORIENTED_EDGE('',*,*,#3597,.T.);
#2626=ORIENTED_EDGE('',*,*,#3585,.F.);
#2627=ORIENTED_EDGE('',*,*,#3594,.F.);
#2628=ORIENTED_EDGE('',*,*,#3567,.T.);
#2629=ORIENTED_EDGE('',*,*,#3593,.T.);
#2630=ORIENTED_EDGE('',*,*,#3591,.F.);
#2631=ORIENTED_EDGE('',*,*,#3598,.F.);
#2632=ORIENTED_EDGE('',*,*,#3599,.F.);
#2633=ORIENTED_EDGE('',*,*,#3562,.T.);
#2634=ORIENTED_EDGE('',*,*,#3578,.F.);
#2635=ORIENTED_EDGE('',*,*,#3561,.T.);
#2636=ORIENTED_EDGE('',*,*,#3577,.F.);
#2637=ORIENTED_EDGE('',*,*,#3560,.T.);
#2638=ORIENTED_EDGE('',*,*,#3576,.F.);
#2639=ORIENTED_EDGE('',*,*,#3600,.T.);
#2640=ORIENTED_EDGE('',*,*,#3579,.F.);
#2641=ORIENTED_EDGE('',*,*,#3600,.F.);
#2642=ORIENTED_EDGE('',*,*,#3601,.T.);
#2643=ORIENTED_EDGE('',*,*,#3563,.F.);
#2644=ORIENTED_EDGE('',*,*,#3601,.F.);
#2645=ORIENTED_EDGE('',*,*,#3538,.T.);
#2646=ORIENTED_EDGE('',*,*,#3602,.T.);
#2647=ORIENTED_EDGE('',*,*,#3558,.T.);
#2648=ORIENTED_EDGE('',*,*,#3559,.T.);
#2649=ORIENTED_EDGE('',*,*,#3537,.F.);
#2650=ORIENTED_EDGE('',*,*,#3603,.F.);
#2651=ORIENTED_EDGE('',*,*,#3555,.F.);
#2652=ORIENTED_EDGE('',*,*,#3602,.F.);
#2653=ORIENTED_EDGE('',*,*,#3575,.T.);
#2654=ORIENTED_EDGE('',*,*,#3595,.T.);
#2655=ORIENTED_EDGE('',*,*,#3583,.F.);
#2656=ORIENTED_EDGE('',*,*,#3592,.F.);
#2657=ORIENTED_EDGE('',*,*,#3556,.T.);
#2658=ORIENTED_EDGE('',*,*,#3603,.T.);
#2659=ORIENTED_EDGE('',*,*,#3544,.T.);
#2660=ORIENTED_EDGE('',*,*,#3545,.T.);
#2661=ORIENTED_EDGE('',*,*,#3604,.T.);
#2662=ORIENTED_EDGE('',*,*,#3596,.F.);
#2663=ORIENTED_EDGE('',*,*,#3572,.T.);
#2664=ORIENTED_EDGE('',*,*,#3605,.T.);
#2665=ORIENTED_EDGE('',*,*,#3568,.T.);
#2666=ORIENTED_EDGE('',*,*,#3599,.T.);
#2667=ORIENTED_EDGE('',*,*,#3606,.T.);
#2668=ORIENTED_EDGE('',*,*,#3598,.T.);
#2669=ORIENTED_EDGE('',*,*,#3590,.F.);
#2670=ORIENTED_EDGE('',*,*,#3607,.T.);
#2671=ORIENTED_EDGE('',*,*,#3586,.F.);
#2672=ORIENTED_EDGE('',*,*,#3597,.F.);
#2673=ORIENTED_EDGE('',*,*,#3588,.T.);
#2674=ORIENTED_EDGE('',*,*,#3608,.T.);
#2675=ORIENTED_EDGE('',*,*,#3570,.T.);
#2676=ORIENTED_EDGE('',*,*,#3609,.T.);
#2677=ORIENTED_EDGE('',*,*,#3607,.F.);
#2678=ORIENTED_EDGE('',*,*,#3604,.F.);
#2679=ORIENTED_EDGE('',*,*,#3571,.T.);
#2680=ORIENTED_EDGE('',*,*,#3608,.F.);
#2681=ORIENTED_EDGE('',*,*,#3587,.F.);
#2682=ORIENTED_EDGE('',*,*,#3605,.F.);
#2683=ORIENTED_EDGE('',*,*,#3606,.F.);
#2684=ORIENTED_EDGE('',*,*,#3589,.T.);
#2685=ORIENTED_EDGE('',*,*,#3609,.F.);
#2686=ORIENTED_EDGE('',*,*,#3569,.F.);
#2687=ORIENTED_EDGE('',*,*,#3564,.F.);
#2688=ORIENTED_EDGE('',*,*,#3580,.F.);
#2689=ORIENTED_EDGE('',*,*,#3565,.F.);
#2690=ORIENTED_EDGE('',*,*,#3581,.F.);
#2691=ORIENTED_EDGE('',*,*,#3610,.F.);
#2692=ORIENTED_EDGE('',*,*,#3611,.T.);
#2693=ORIENTED_EDGE('',*,*,#3612,.T.);
#2694=ORIENTED_EDGE('',*,*,#3613,.T.);
#2695=ORIENTED_EDGE('',*,*,#3614,.T.);
#2696=ORIENTED_EDGE('',*,*,#3615,.T.);
#2697=ORIENTED_EDGE('',*,*,#3616,.T.);
#2698=ORIENTED_EDGE('',*,*,#3617,.T.);
#2699=ORIENTED_EDGE('',*,*,#3618,.T.);
#2700=ORIENTED_EDGE('',*,*,#3619,.T.);
#2701=ORIENTED_EDGE('',*,*,#3620,.T.);
#2702=ORIENTED_EDGE('',*,*,#3621,.T.);
#2703=ORIENTED_EDGE('',*,*,#3622,.T.);
#2704=ORIENTED_EDGE('',*,*,#3623,.T.);
#2705=ORIENTED_EDGE('',*,*,#3624,.T.);
#2706=ORIENTED_EDGE('',*,*,#3625,.T.);
#2707=ORIENTED_EDGE('',*,*,#3626,.T.);
#2708=ORIENTED_EDGE('',*,*,#3627,.F.);
#2709=ORIENTED_EDGE('',*,*,#3628,.F.);
#2710=ORIENTED_EDGE('',*,*,#3629,.F.);
#2711=ORIENTED_EDGE('',*,*,#3630,.F.);
#2712=ORIENTED_EDGE('',*,*,#3631,.T.);
#2713=ORIENTED_EDGE('',*,*,#3632,.T.);
#2714=ORIENTED_EDGE('',*,*,#3633,.T.);
#2715=ORIENTED_EDGE('',*,*,#3634,.F.);
#2716=ORIENTED_EDGE('',*,*,#3635,.T.);
#2717=ORIENTED_EDGE('',*,*,#3636,.T.);
#2718=ORIENTED_EDGE('',*,*,#3637,.T.);
#2719=ORIENTED_EDGE('',*,*,#3638,.F.);
#2720=ORIENTED_EDGE('',*,*,#3639,.T.);
#2721=ORIENTED_EDGE('',*,*,#3640,.T.);
#2722=ORIENTED_EDGE('',*,*,#3641,.T.);
#2723=ORIENTED_EDGE('',*,*,#3642,.F.);
#2724=ORIENTED_EDGE('',*,*,#3643,.T.);
#2725=ORIENTED_EDGE('',*,*,#3644,.T.);
#2726=ORIENTED_EDGE('',*,*,#3645,.T.);
#2727=ORIENTED_EDGE('',*,*,#3646,.F.);
#2728=ORIENTED_EDGE('',*,*,#3615,.F.);
#2729=ORIENTED_EDGE('',*,*,#3647,.T.);
#2730=ORIENTED_EDGE('',*,*,#3611,.F.);
#2731=ORIENTED_EDGE('',*,*,#3648,.T.);
#2732=ORIENTED_EDGE('',*,*,#3623,.F.);
#2733=ORIENTED_EDGE('',*,*,#3649,.T.);
#2734=ORIENTED_EDGE('',*,*,#3619,.F.);
#2735=ORIENTED_EDGE('',*,*,#3650,.T.);
#2736=ORIENTED_EDGE('',*,*,#3651,.T.);
#2737=ORIENTED_EDGE('',*,*,#3652,.T.);
#2738=ORIENTED_EDGE('',*,*,#3653,.T.);
#2739=ORIENTED_EDGE('',*,*,#3654,.T.);
#2740=ORIENTED_EDGE('',*,*,#3655,.T.);
#2741=ORIENTED_EDGE('',*,*,#3656,.T.);
#2742=ORIENTED_EDGE('',*,*,#3657,.T.);
#2743=ORIENTED_EDGE('',*,*,#3658,.T.);
#2744=ORIENTED_EDGE('',*,*,#3630,.T.);
#2745=ORIENTED_EDGE('',*,*,#3659,.T.);
#2746=ORIENTED_EDGE('',*,*,#3660,.T.);
#2747=ORIENTED_EDGE('',*,*,#3661,.F.);
#2748=ORIENTED_EDGE('',*,*,#3662,.T.);
#2749=ORIENTED_EDGE('',*,*,#3663,.T.);
#2750=ORIENTED_EDGE('',*,*,#3664,.F.);
#2751=ORIENTED_EDGE('',*,*,#3653,.F.);
#2752=ORIENTED_EDGE('',*,*,#3665,.T.);
#2753=ORIENTED_EDGE('',*,*,#3634,.T.);
#2754=ORIENTED_EDGE('',*,*,#3666,.T.);
#2755=ORIENTED_EDGE('',*,*,#3651,.F.);
#2756=ORIENTED_EDGE('',*,*,#3667,.T.);
#2757=ORIENTED_EDGE('',*,*,#3638,.T.);
#2758=ORIENTED_EDGE('',*,*,#3668,.T.);
#2759=ORIENTED_EDGE('',*,*,#3657,.F.);
#2760=ORIENTED_EDGE('',*,*,#3669,.T.);
#2761=ORIENTED_EDGE('',*,*,#3642,.T.);
#2762=ORIENTED_EDGE('',*,*,#3670,.T.);
#2763=ORIENTED_EDGE('',*,*,#3655,.F.);
#2764=ORIENTED_EDGE('',*,*,#3671,.T.);
#2765=ORIENTED_EDGE('',*,*,#3646,.T.);
#2766=ORIENTED_EDGE('',*,*,#3672,.T.);
#2767=ORIENTED_EDGE('',*,*,#3673,.F.);
#2768=ORIENTED_EDGE('',*,*,#3674,.F.);
#2769=ORIENTED_EDGE('',*,*,#3675,.F.);
#2770=ORIENTED_EDGE('',*,*,#3661,.T.);
#2771=ORIENTED_EDGE('',*,*,#3676,.F.);
#2772=ORIENTED_EDGE('',*,*,#3675,.T.);
#2773=ORIENTED_EDGE('',*,*,#3671,.F.);
#2774=ORIENTED_EDGE('',*,*,#3654,.F.);
#2775=ORIENTED_EDGE('',*,*,#3672,.F.);
#2776=ORIENTED_EDGE('',*,*,#3645,.F.);
#2777=ORIENTED_EDGE('',*,*,#3677,.F.);
#2778=ORIENTED_EDGE('',*,*,#3643,.F.);
#2779=ORIENTED_EDGE('',*,*,#3677,.T.);
#2780=ORIENTED_EDGE('',*,*,#3678,.T.);
#2781=ORIENTED_EDGE('',*,*,#3662,.F.);
#2782=ORIENTED_EDGE('',*,*,#3676,.T.);
#2783=ORIENTED_EDGE('',*,*,#3644,.F.);
#2784=ORIENTED_EDGE('',*,*,#3678,.F.);
#2785=ORIENTED_EDGE('',*,*,#3679,.F.);
#2786=ORIENTED_EDGE('',*,*,#3674,.T.);
#2787=ORIENTED_EDGE('',*,*,#3669,.F.);
#2788=ORIENTED_EDGE('',*,*,#3656,.F.);
#2789=ORIENTED_EDGE('',*,*,#3670,.F.);
#2790=ORIENTED_EDGE('',*,*,#3641,.F.);
#2791=ORIENTED_EDGE('',*,*,#3680,.F.);
#2792=ORIENTED_EDGE('',*,*,#3639,.F.);
#2793=ORIENTED_EDGE('',*,*,#3680,.T.);
#2794=ORIENTED_EDGE('',*,*,#3681,.T.);
#2795=ORIENTED_EDGE('',*,*,#3660,.F.);
#2796=ORIENTED_EDGE('',*,*,#3679,.T.);
#2797=ORIENTED_EDGE('',*,*,#3640,.F.);
#2798=ORIENTED_EDGE('',*,*,#3681,.F.);
#2799=ORIENTED_EDGE('',*,*,#3682,.F.);
#2800=ORIENTED_EDGE('',*,*,#3673,.T.);
#2801=ORIENTED_EDGE('',*,*,#3667,.F.);
#2802=ORIENTED_EDGE('',*,*,#3658,.F.);
#2803=ORIENTED_EDGE('',*,*,#3668,.F.);
#2804=ORIENTED_EDGE('',*,*,#3637,.F.);
#2805=ORIENTED_EDGE('',*,*,#3683,.F.);
#2806=ORIENTED_EDGE('',*,*,#3635,.F.);
#2807=ORIENTED_EDGE('',*,*,#3683,.T.);
#2808=ORIENTED_EDGE('',*,*,#3684,.T.);
#2809=ORIENTED_EDGE('',*,*,#3663,.F.);
#2810=ORIENTED_EDGE('',*,*,#3682,.T.);
#2811=ORIENTED_EDGE('',*,*,#3636,.F.);
#2812=ORIENTED_EDGE('',*,*,#3684,.F.);
#2813=ORIENTED_EDGE('',*,*,#3685,.F.);
#2814=ORIENTED_EDGE('',*,*,#3664,.T.);
#2815=ORIENTED_EDGE('',*,*,#3665,.F.);
#2816=ORIENTED_EDGE('',*,*,#3652,.F.);
#2817=ORIENTED_EDGE('',*,*,#3666,.F.);
#2818=ORIENTED_EDGE('',*,*,#3633,.F.);
#2819=ORIENTED_EDGE('',*,*,#3686,.F.);
#2820=ORIENTED_EDGE('',*,*,#3631,.F.);
#2821=ORIENTED_EDGE('',*,*,#3686,.T.);
#2822=ORIENTED_EDGE('',*,*,#3687,.T.);
#2823=ORIENTED_EDGE('',*,*,#3659,.F.);
#2824=ORIENTED_EDGE('',*,*,#3685,.T.);
#2825=ORIENTED_EDGE('',*,*,#3632,.F.);
#2826=ORIENTED_EDGE('',*,*,#3687,.F.);
#2827=ORIENTED_EDGE('',*,*,#3629,.T.);
#2828=ORIENTED_EDGE('',*,*,#3688,.F.);
#2829=ORIENTED_EDGE('',*,*,#3617,.F.);
#2830=ORIENTED_EDGE('',*,*,#3689,.T.);
#2831=ORIENTED_EDGE('',*,*,#3690,.T.);
#2832=ORIENTED_EDGE('',*,*,#3691,.T.);
#2833=ORIENTED_EDGE('',*,*,#3688,.T.);
#2834=ORIENTED_EDGE('',*,*,#3690,.F.);
#2835=ORIENTED_EDGE('',*,*,#3692,.T.);
#2836=ORIENTED_EDGE('',*,*,#3616,.F.);
#2837=ORIENTED_EDGE('',*,*,#3650,.F.);
#2838=ORIENTED_EDGE('',*,*,#3618,.F.);
#2839=ORIENTED_EDGE('',*,*,#3691,.F.);
#2840=ORIENTED_EDGE('',*,*,#3692,.F.);
#2841=ORIENTED_EDGE('',*,*,#3689,.F.);
#2842=ORIENTED_EDGE('',*,*,#3628,.T.);
#2843=ORIENTED_EDGE('',*,*,#3693,.F.);
#2844=ORIENTED_EDGE('',*,*,#3621,.F.);
#2845=ORIENTED_EDGE('',*,*,#3694,.T.);
#2846=ORIENTED_EDGE('',*,*,#3695,.T.);
#2847=ORIENTED_EDGE('',*,*,#3696,.T.);
#2848=ORIENTED_EDGE('',*,*,#3693,.T.);
#2849=ORIENTED_EDGE('',*,*,#3695,.F.);
#2850=ORIENTED_EDGE('',*,*,#3697,.T.);
#2851=ORIENTED_EDGE('',*,*,#3620,.F.);
#2852=ORIENTED_EDGE('',*,*,#3649,.F.);
#2853=ORIENTED_EDGE('',*,*,#3622,.F.);
#2854=ORIENTED_EDGE('',*,*,#3696,.F.);
#2855=ORIENTED_EDGE('',*,*,#3697,.F.);
#2856=ORIENTED_EDGE('',*,*,#3694,.F.);
#2857=ORIENTED_EDGE('',*,*,#3627,.T.);
#2858=ORIENTED_EDGE('',*,*,#3698,.F.);
#2859=ORIENTED_EDGE('',*,*,#3625,.F.);
#2860=ORIENTED_EDGE('',*,*,#3699,.T.);
#2861=ORIENTED_EDGE('',*,*,#3700,.T.);
#2862=ORIENTED_EDGE('',*,*,#3701,.T.);
#2863=ORIENTED_EDGE('',*,*,#3698,.T.);
#2864=ORIENTED_EDGE('',*,*,#3700,.F.);
#2865=ORIENTED_EDGE('',*,*,#3702,.T.);
#2866=ORIENTED_EDGE('',*,*,#3624,.F.);
#2867=ORIENTED_EDGE('',*,*,#3648,.F.);
#2868=ORIENTED_EDGE('',*,*,#3626,.F.);
#2869=ORIENTED_EDGE('',*,*,#3701,.F.);
#2870=ORIENTED_EDGE('',*,*,#3702,.F.);
#2871=ORIENTED_EDGE('',*,*,#3699,.F.);
#2872=ORIENTED_EDGE('',*,*,#3610,.T.);
#2873=ORIENTED_EDGE('',*,*,#3703,.F.);
#2874=ORIENTED_EDGE('',*,*,#3613,.F.);
#2875=ORIENTED_EDGE('',*,*,#3704,.T.);
#2876=ORIENTED_EDGE('',*,*,#3705,.T.);
#2877=ORIENTED_EDGE('',*,*,#3706,.T.);
#2878=ORIENTED_EDGE('',*,*,#3703,.T.);
#2879=ORIENTED_EDGE('',*,*,#3705,.F.);
#2880=ORIENTED_EDGE('',*,*,#3707,.T.);
#2881=ORIENTED_EDGE('',*,*,#3612,.F.);
#2882=ORIENTED_EDGE('',*,*,#3647,.F.);
#2883=ORIENTED_EDGE('',*,*,#3614,.F.);
#2884=ORIENTED_EDGE('',*,*,#3706,.F.);
#2885=ORIENTED_EDGE('',*,*,#3707,.F.);
#2886=ORIENTED_EDGE('',*,*,#3704,.F.);
#2887=EDGE_CURVE('',#3708,#3708,#4289,.T.);
#2888=EDGE_CURVE('',#3709,#3709,#4290,.T.);
#2889=EDGE_CURVE('',#3710,#3710,#4291,.T.);
#2890=EDGE_CURVE('',#3711,#3711,#4292,.T.);
#2891=EDGE_CURVE('',#3712,#3712,#4293,.T.);
#2892=EDGE_CURVE('',#3713,#3713,#4294,.T.);
#2893=EDGE_CURVE('',#3714,#3714,#4295,.T.);
#2894=EDGE_CURVE('',#3715,#3715,#4296,.T.);
#2895=EDGE_CURVE('',#3716,#3716,#4297,.T.);
#2896=EDGE_CURVE('',#3717,#3717,#4298,.T.);
#2897=EDGE_CURVE('',#3718,#3718,#4299,.T.);
#2898=EDGE_CURVE('',#3719,#3719,#4300,.T.);
#2899=EDGE_CURVE('',#3720,#3720,#4301,.T.);
#2900=EDGE_CURVE('',#3721,#3721,#4302,.T.);
#2901=EDGE_CURVE('',#3722,#3722,#4303,.T.);
#2902=EDGE_CURVE('',#3723,#3723,#4304,.T.);
#2903=EDGE_CURVE('',#3724,#3724,#4305,.T.);
#2904=EDGE_CURVE('',#3725,#3725,#4306,.T.);
#2905=EDGE_CURVE('',#3726,#3727,#243,.T.);
#2906=EDGE_CURVE('',#3727,#3728,#244,.T.);
#2907=EDGE_CURVE('',#3728,#3726,#4307,.F.);
#2908=EDGE_CURVE('',#3729,#3730,#245,.T.);
#2909=EDGE_CURVE('',#3729,#3731,#4308,.F.);
#2910=EDGE_CURVE('',#3732,#3731,#4309,.T.);
#2911=EDGE_CURVE('',#3733,#3732,#246,.T.);
#2912=EDGE_CURVE('',#3733,#3730,#247,.T.);
#2913=EDGE_CURVE('',#3734,#3735,#4310,.T.);
#2914=EDGE_CURVE('',#3734,#3736,#4311,.F.);
#2915=EDGE_CURVE('',#3737,#3736,#248,.T.);
#2916=EDGE_CURVE('',#3737,#3738,#249,.F.);
#2917=EDGE_CURVE('',#3738,#3735,#250,.T.);
#2918=EDGE_CURVE('',#3739,#3740,#4312,.F.);
#2919=EDGE_CURVE('',#3739,#3741,#251,.T.);
#2920=EDGE_CURVE('',#3741,#3740,#252,.T.);
#2921=EDGE_CURVE('',#3742,#3743,#4313,.F.);
#2922=EDGE_CURVE('',#3744,#3742,#253,.T.);
#2923=EDGE_CURVE('',#3744,#3745,#254,.T.);
#2924=EDGE_CURVE('',#3745,#3746,#255,.T.);
#2925=EDGE_CURVE('',#3746,#3743,#4314,.T.);
#2926=EDGE_CURVE('',#3747,#3748,#4315,.F.);
#2927=EDGE_CURVE('',#3747,#3749,#4316,.T.);
#2928=EDGE_CURVE('',#3750,#3749,#256,.T.);
#2929=EDGE_CURVE('',#3750,#3751,#257,.F.);
#2930=EDGE_CURVE('',#3748,#3751,#258,.T.);
#2931=EDGE_CURVE('',#3731,#3743,#259,.T.);
#2932=EDGE_CURVE('',#3732,#3746,#260,.T.);
#2933=EDGE_CURVE('',#3747,#3734,#261,.F.);
#2934=EDGE_CURVE('',#3735,#3749,#262,.T.);
#2935=EDGE_CURVE('',#3752,#3752,#4317,.T.);
#2936=EDGE_CURVE('',#3753,#3753,#4318,.T.);
#2937=EDGE_CURVE('',#3754,#3754,#4319,.T.);
#2938=EDGE_CURVE('',#3755,#3755,#4320,.T.);
#2939=EDGE_CURVE('',#3756,#3756,#4321,.T.);
#2940=EDGE_CURVE('',#3757,#3758,#263,.T.);
#2941=EDGE_CURVE('',#3758,#3748,#264,.F.);
#2942=EDGE_CURVE('',#3751,#3737,#265,.T.);
#2943=EDGE_CURVE('',#3736,#3759,#266,.F.);
#2944=EDGE_CURVE('',#3759,#3760,#267,.F.);
#2945=EDGE_CURVE('',#3761,#3760,#268,.T.);
#2946=EDGE_CURVE('',#3761,#3762,#269,.T.);
#2947=EDGE_CURVE('',#3762,#3763,#270,.T.);
#2948=EDGE_CURVE('',#3763,#3764,#271,.F.);
#2949=EDGE_CURVE('',#3764,#3757,#272,.T.);
#2950=EDGE_CURVE('',#3765,#3765,#4322,.T.);
#2951=EDGE_CURVE('',#3766,#3766,#4323,.T.);
#2952=EDGE_CURVE('',#3767,#3767,#4324,.T.);
#2953=EDGE_CURVE('',#3768,#3768,#4325,.T.);
#2954=EDGE_CURVE('',#3769,#3769,#4326,.T.);
#2955=EDGE_CURVE('',#3770,#3771,#273,.T.);
#2956=EDGE_CURVE('',#3771,#3729,#274,.T.);
#2957=EDGE_CURVE('',#3730,#3744,#275,.T.);
#2958=EDGE_CURVE('',#3742,#3772,#276,.T.);
#2959=EDGE_CURVE('',#3772,#3773,#277,.F.);
#2960=EDGE_CURVE('',#3774,#3773,#278,.T.);
#2961=EDGE_CURVE('',#3774,#3775,#279,.T.);
#2962=EDGE_CURVE('',#3776,#3775,#280,.T.);
#2963=EDGE_CURVE('',#3776,#3777,#281,.F.);
#2964=EDGE_CURVE('',#3777,#3770,#282,.T.);
#2965=EDGE_CURVE('',#3778,#3778,#4327,.T.);
#2966=EDGE_CURVE('',#3779,#3779,#4328,.T.);
#2967=EDGE_CURVE('',#3780,#3781,#283,.F.);
#2968=EDGE_CURVE('',#3780,#3782,#284,.T.);
#2969=EDGE_CURVE('',#3782,#3783,#285,.T.);
#2970=EDGE_CURVE('',#3783,#3784,#77,.T.);
#2971=EDGE_CURVE('',#3785,#3784,#4329,.T.);
#2972=EDGE_CURVE('',#3785,#3786,#4330,.F.);
#2973=EDGE_CURVE('',#3786,#3787,#286,.F.);
#2974=EDGE_CURVE('',#3787,#3788,#287,.T.);
#2975=EDGE_CURVE('',#3788,#3781,#4331,.T.);
#2976=EDGE_CURVE('',#3789,#3790,#4332,.T.);
#2977=EDGE_CURVE('',#3789,#3791,#288,.T.);
#2978=EDGE_CURVE('',#3791,#3792,#289,.T.);
#2979=EDGE_CURVE('',#3792,#3793,#290,.T.);
#2980=EDGE_CURVE('',#3793,#3790,#291,.T.);
#2981=EDGE_CURVE('',#3794,#3794,#4333,.T.);
#2982=EDGE_CURVE('',#3795,#3795,#4334,.T.);
#2983=EDGE_CURVE('',#3796,#3797,#292,.T.);
#2984=EDGE_CURVE('',#3797,#3798,#293,.F.);
#2985=EDGE_CURVE('',#3799,#3798,#4335,.T.);
#2986=EDGE_CURVE('',#3799,#3800,#294,.T.);
#2987=EDGE_CURVE('',#3800,#3801,#295,.F.);
#2988=EDGE_CURVE('',#3801,#3802,#4336,.T.);
#2989=EDGE_CURVE('',#3802,#3803,#4337,.T.);
#2990=EDGE_CURVE('',#3803,#3804,#78,.T.);
#2991=EDGE_CURVE('',#3804,#3796,#296,.T.);
#2992=EDGE_CURVE('',#3805,#3806,#297,.T.);
#2993=EDGE_CURVE('',#3805,#3807,#4338,.T.);
#2994=EDGE_CURVE('',#3808,#3807,#298,.T.);
#2995=EDGE_CURVE('',#3809,#3808,#299,.T.);
#2996=EDGE_CURVE('',#3809,#3806,#300,.T.);
#2997=EDGE_CURVE('',#3798,#3781,#79,.T.);
#2998=EDGE_CURVE('',#3788,#3763,#51,.T.);
#2999=EDGE_CURVE('',#3762,#3799,#52,.F.);
#3000=EDGE_CURVE('',#3805,#3789,#80,.T.);
#3001=EDGE_CURVE('',#3790,#3807,#301,.T.);
#3002=EDGE_CURVE('',#3810,#3780,#53,.F.);
#3003=EDGE_CURVE('',#3811,#3810,#302,.T.);
#3004=EDGE_CURVE('',#3812,#3811,#54,.T.);
#3005=EDGE_CURVE('',#3782,#3812,#303,.T.);
#3006=EDGE_CURVE('',#3813,#3791,#55,.T.);
#3007=EDGE_CURVE('',#3814,#3813,#304,.T.);
#3008=EDGE_CURVE('',#3792,#3814,#56,.F.);
#3009=EDGE_CURVE('',#3815,#3816,#305,.T.);
#3010=EDGE_CURVE('',#3815,#3817,#306,.T.);
#3011=EDGE_CURVE('',#3817,#3818,#81,.T.);
#3012=EDGE_CURVE('',#3818,#3816,#4339,.T.);
#3013=EDGE_CURVE('',#3819,#3820,#4340,.T.);
#3014=EDGE_CURVE('',#3819,#3821,#82,.T.);
#3015=EDGE_CURVE('',#3821,#3822,#307,.T.);
#3016=EDGE_CURVE('',#3822,#3820,#308,.T.);
#3017=EDGE_CURVE('',#3818,#3819,#83,.T.);
#3018=EDGE_CURVE('',#3816,#3820,#309,.T.);
#3019=EDGE_CURVE('',#3784,#3803,#84,.T.);
#3020=EDGE_CURVE('',#3802,#3785,#310,.T.);
#3021=EDGE_CURVE('',#3823,#3824,#311,.T.);
#3022=EDGE_CURVE('',#3823,#3825,#312,.T.);
#3023=EDGE_CURVE('',#3825,#3826,#313,.T.);
#3024=EDGE_CURVE('',#3824,#3826,#314,.T.);
#3025=EDGE_CURVE('',#3827,#3828,#315,.T.);
#3026=EDGE_CURVE('',#3828,#3829,#316,.T.);
#3027=EDGE_CURVE('',#3829,#3830,#317,.T.);
#3028=EDGE_CURVE('',#3831,#3830,#4341,.T.);
#3029=EDGE_CURVE('',#3831,#3827,#318,.T.);
#3030=EDGE_CURVE('',#3832,#3833,#4342,.T.);
#3031=EDGE_CURVE('',#3833,#3834,#319,.T.);
#3032=EDGE_CURVE('',#3834,#3832,#320,.T.);
#3033=EDGE_CURVE('',#3835,#3836,#321,.T.);
#3034=EDGE_CURVE('',#3835,#3837,#4343,.T.);
#3035=EDGE_CURVE('',#3838,#3837,#322,.T.);
#3036=EDGE_CURVE('',#3839,#3838,#323,.T.);
#3037=EDGE_CURVE('',#3836,#3839,#324,.T.);
#3038=EDGE_CURVE('',#3840,#3841,#4344,.T.);
#3039=EDGE_CURVE('',#3842,#3840,#325,.T.);
#3040=EDGE_CURVE('',#3841,#3842,#326,.T.);
#3041=EDGE_CURVE('',#3835,#3831,#327,.F.);
#3042=EDGE_CURVE('',#3830,#3837,#85,.T.);
#3043=EDGE_CURVE('',#3843,#3843,#4345,.T.);
#3044=EDGE_CURVE('',#3844,#3845,#4346,.T.);
#3045=EDGE_CURVE('',#3845,#3846,#328,.F.);
#3046=EDGE_CURVE('',#3846,#3841,#86,.T.);
#3047=EDGE_CURVE('',#3847,#3842,#57,.T.);
#3048=EDGE_CURVE('',#3836,#3847,#58,.T.);
#3049=EDGE_CURVE('',#3839,#3848,#4347,.T.);
#3050=EDGE_CURVE('',#3848,#3849,#329,.F.);
#3051=EDGE_CURVE('',#3849,#3850,#87,.T.);
#3052=EDGE_CURVE('',#3850,#3844,#330,.T.);
#3053=EDGE_CURVE('',#3832,#3840,#331,.T.);
#3054=EDGE_CURVE('',#3846,#3833,#59,.T.);
#3055=EDGE_CURVE('',#3849,#3851,#4348,.T.);
#3056=EDGE_CURVE('',#3851,#3852,#332,.F.);
#3057=EDGE_CURVE('',#3853,#3852,#4349,.T.);
#3058=EDGE_CURVE('',#3853,#3850,#60,.F.);
#3059=EDGE_CURVE('',#3854,#3855,#333,.T.);
#3060=EDGE_CURVE('',#3855,#3853,#334,.T.);
#3061=EDGE_CURVE('',#3852,#3856,#4350,.T.);
#3062=EDGE_CURVE('',#3856,#3857,#335,.F.);
#3063=EDGE_CURVE('',#3857,#3858,#336,.T.);
#3064=EDGE_CURVE('',#3859,#3858,#4351,.T.);
#3065=EDGE_CURVE('',#3859,#3854,#337,.F.);
#3066=EDGE_CURVE('',#3860,#3848,#338,.T.);
#3067=EDGE_CURVE('',#3861,#3860,#339,.F.);
#3068=EDGE_CURVE('',#3861,#3862,#4352,.T.);
#3069=EDGE_CURVE('',#3862,#3863,#340,.T.);
#3070=EDGE_CURVE('',#3863,#3864,#341,.F.);
#3071=EDGE_CURVE('',#3864,#3851,#4353,.F.);
#3072=EDGE_CURVE('',#3838,#3860,#4354,.T.);
#3073=EDGE_CURVE('',#3854,#3829,#4355,.T.);
#3074=EDGE_CURVE('',#3861,#3859,#88,.T.);
#3075=EDGE_CURVE('',#3865,#3865,#4356,.T.);
#3076=EDGE_CURVE('',#3858,#3776,#61,.T.);
#3077=EDGE_CURVE('',#3775,#3862,#62,.F.);
#3078=EDGE_CURVE('',#3866,#3867,#4357,.F.);
#3079=EDGE_CURVE('',#3867,#3868,#342,.F.);
#3080=EDGE_CURVE('',#3868,#3866,#343,.T.);
#3081=EDGE_CURVE('',#3869,#3870,#344,.T.);
#3082=EDGE_CURVE('',#3870,#3871,#345,.F.);
#3083=EDGE_CURVE('',#3869,#3871,#4358,.F.);
#3084=EDGE_CURVE('',#3745,#3733,#346,.T.);
#3085=EDGE_CURVE('',#3738,#3750,#347,.T.);
#3086=EDGE_CURVE('',#3872,#3873,#348,.T.);
#3087=EDGE_CURVE('',#3757,#3873,#349,.T.);
#3088=EDGE_CURVE('',#3764,#3872,#350,.T.);
#3089=EDGE_CURVE('',#3874,#3875,#351,.T.);
#3090=EDGE_CURVE('',#3761,#3874,#352,.T.);
#3091=EDGE_CURVE('',#3760,#3875,#353,.T.);
#3092=EDGE_CURVE('',#3876,#3876,#4359,.T.);
#3093=EDGE_CURVE('',#3877,#3877,#4360,.T.);
#3094=EDGE_CURVE('',#3878,#3878,#4361,.T.);
#3095=EDGE_CURVE('',#3879,#3879,#4362,.T.);
#3096=EDGE_CURVE('',#3880,#3880,#4363,.T.);
#3097=EDGE_CURVE('',#3875,#3881,#354,.F.);
#3098=EDGE_CURVE('',#3881,#3882,#355,.T.);
#3099=EDGE_CURVE('',#3882,#3873,#356,.T.);
#3100=EDGE_CURVE('',#3872,#3883,#357,.F.);
#3101=EDGE_CURVE('',#3883,#3884,#358,.F.);
#3102=EDGE_CURVE('',#3884,#3874,#359,.T.);
#3103=EDGE_CURVE('',#3786,#3801,#360,.F.);
#3104=EDGE_CURVE('',#3800,#3884,#361,.F.);
#3105=EDGE_CURVE('',#3883,#3787,#362,.T.);
#3106=EDGE_CURVE('',#3868,#3881,#363,.T.);
#3107=EDGE_CURVE('',#3866,#3759,#63,.T.);
#3108=EDGE_CURVE('',#3882,#3870,#364,.F.);
#3109=EDGE_CURVE('',#3758,#3869,#64,.F.);
#3110=EDGE_CURVE('',#3885,#3886,#365,.T.);
#3111=EDGE_CURVE('',#3770,#3886,#366,.T.);
#3112=EDGE_CURVE('',#3777,#3885,#367,.T.);
#3113=EDGE_CURVE('',#3887,#3888,#368,.T.);
#3114=EDGE_CURVE('',#3774,#3887,#369,.T.);
#3115=EDGE_CURVE('',#3773,#3888,#370,.T.);
#3116=EDGE_CURVE('',#3889,#3889,#4364,.T.);
#3117=EDGE_CURVE('',#3890,#3890,#4365,.T.);
#3118=EDGE_CURVE('',#3891,#3891,#4366,.T.);
#3119=EDGE_CURVE('',#3892,#3892,#4367,.T.);
#3120=EDGE_CURVE('',#3893,#3893,#4368,.T.);
#3121=EDGE_CURVE('',#3888,#3894,#371,.F.);
#3122=EDGE_CURVE('',#3894,#3895,#372,.T.);
#3123=EDGE_CURVE('',#3895,#3886,#373,.T.);
#3124=EDGE_CURVE('',#3885,#3896,#374,.F.);
#3125=EDGE_CURVE('',#3896,#3897,#375,.F.);
#3126=EDGE_CURVE('',#3897,#3887,#376,.T.);
#3127=EDGE_CURVE('',#3856,#3864,#377,.T.);
#3128=EDGE_CURVE('',#3863,#3897,#378,.F.);
#3129=EDGE_CURVE('',#3896,#3857,#379,.T.);
#3130=EDGE_CURVE('',#3895,#3727,#380,.T.);
#3131=EDGE_CURVE('',#3771,#3726,#65,.F.);
#3132=EDGE_CURVE('',#3741,#3894,#381,.F.);
#3133=EDGE_CURVE('',#3740,#3772,#66,.T.);
#3134=EDGE_CURVE('',#3828,#3845,#382,.T.);
#3135=EDGE_CURVE('',#3844,#3855,#383,.F.);
#3136=EDGE_CURVE('',#3898,#3898,#4369,.T.);
#3137=EDGE_CURVE('',#3899,#3899,#4370,.T.);
#3138=EDGE_CURVE('',#3822,#3900,#384,.T.);
#3139=EDGE_CURVE('',#3900,#3901,#385,.T.);
#3140=EDGE_CURVE('',#3901,#3902,#386,.T.);
#3141=EDGE_CURVE('',#3902,#3903,#387,.T.);
#3142=EDGE_CURVE('',#3904,#3903,#388,.T.);
#3143=EDGE_CURVE('',#3904,#3905,#389,.T.);
#3144=EDGE_CURVE('',#3905,#3815,#390,.T.);
#3145=EDGE_CURVE('',#3906,#3907,#391,.T.);
#3146=EDGE_CURVE('',#3907,#3908,#392,.T.);
#3147=EDGE_CURVE('',#3909,#3908,#393,.T.);
#3148=EDGE_CURVE('',#3847,#3909,#394,.T.);
#3149=EDGE_CURVE('',#3834,#3910,#395,.T.);
#3150=EDGE_CURVE('',#3906,#3910,#396,.T.);
#3151=EDGE_CURVE('',#3910,#3827,#397,.T.);
#3152=EDGE_CURVE('',#3909,#3901,#398,.T.);
#3153=EDGE_CURVE('',#3900,#3911,#399,.T.);
#3154=EDGE_CURVE('',#3808,#3911,#67,.F.);
#3155=EDGE_CURVE('',#3912,#3793,#68,.F.);
#3156=EDGE_CURVE('',#3912,#3905,#400,.T.);
#3157=EDGE_CURVE('',#3906,#3904,#401,.T.);
#3158=EDGE_CURVE('',#3913,#3823,#402,.T.);
#3159=EDGE_CURVE('',#3913,#3914,#403,.T.);
#3160=EDGE_CURVE('',#3914,#3825,#404,.T.);
#3161=EDGE_CURVE('',#3915,#3916,#405,.T.);
#3162=EDGE_CURVE('',#3915,#3907,#406,.T.);
#3163=EDGE_CURVE('',#3903,#3916,#407,.F.);
#3164=EDGE_CURVE('',#3908,#3917,#408,.T.);
#3165=EDGE_CURVE('',#3917,#3918,#409,.T.);
#3166=EDGE_CURVE('',#3918,#3902,#410,.F.);
#3167=EDGE_CURVE('',#3919,#3920,#411,.T.);
#3168=EDGE_CURVE('',#3919,#3824,#412,.T.);
#3169=EDGE_CURVE('',#3920,#3826,#413,.T.);
#3170=EDGE_CURVE('',#3914,#3920,#414,.T.);
#3171=EDGE_CURVE('',#3913,#3919,#415,.T.);
#3172=EDGE_CURVE('',#3917,#3915,#416,.T.);
#3173=EDGE_CURVE('',#3916,#3918,#417,.T.);
#3174=EDGE_CURVE('',#3911,#3921,#418,.T.);
#3175=EDGE_CURVE('',#3921,#3922,#89,.T.);
#3176=EDGE_CURVE('',#3922,#3912,#419,.F.);
#3177=EDGE_CURVE('',#3923,#3814,#4371,.T.);
#3178=EDGE_CURVE('',#3923,#3924,#69,.F.);
#3179=EDGE_CURVE('',#3924,#3925,#420,.T.);
#3180=EDGE_CURVE('',#3925,#3926,#90,.T.);
#3181=EDGE_CURVE('',#3926,#3812,#421,.F.);
#3182=EDGE_CURVE('',#3927,#3811,#4372,.T.);
#3183=EDGE_CURVE('',#3927,#3809,#70,.T.);
#3184=EDGE_CURVE('',#3928,#3928,#4373,.T.);
#3185=EDGE_CURVE('',#3810,#3927,#422,.T.);
#3186=EDGE_CURVE('',#3813,#3923,#423,.T.);
#3187=EDGE_CURVE('',#3929,#3929,#4374,.T.);
#3188=EDGE_CURVE('',#3930,#3930,#4375,.T.);
#3189=EDGE_CURVE('',#3931,#3931,#4376,.T.);
#3190=EDGE_CURVE('',#3817,#3922,#91,.F.);
#3191=EDGE_CURVE('',#3821,#3921,#92,.T.);
#3192=EDGE_CURVE('',#3806,#3810,#71,.F.);
#3193=EDGE_CURVE('',#3783,#3926,#93,.F.);
#3194=EDGE_CURVE('',#3804,#3925,#94,.T.);
#3195=EDGE_CURVE('',#3796,#3924,#424,.F.);
#3196=EDGE_CURVE('',#3797,#3813,#72,.T.);
#3197=EDGE_CURVE('',#3932,#3932,#4377,.T.);
#3198=EDGE_CURVE('',#3933,#3933,#4378,.T.);
#3199=EDGE_CURVE('',#3871,#3867,#425,.F.);
#3200=EDGE_CURVE('',#3728,#3739,#426,.T.);
#3201=EDGE_CURVE('',#3934,#3934,#4379,.T.);
#3202=EDGE_CURVE('',#3935,#3935,#4380,.T.);
#3203=EDGE_CURVE('',#3936,#3936,#4381,.T.);
#3204=EDGE_CURVE('',#3937,#3937,#4382,.T.);
#3205=EDGE_CURVE('',#3938,#3938,#4383,.F.);
#3206=EDGE_CURVE('',#3939,#3939,#4384,.T.);
#3207=EDGE_CURVE('',#3940,#3940,#4385,.T.);
#3208=EDGE_CURVE('',#3941,#3941,#4386,.F.);
#3209=EDGE_CURVE('',#3942,#3943,#4387,.T.);
#3210=EDGE_CURVE('',#3943,#3944,#95,.T.);
#3211=EDGE_CURVE('',#3944,#3945,#4388,.T.);
#3212=EDGE_CURVE('',#3945,#3946,#96,.T.);
#3213=EDGE_CURVE('',#3946,#3947,#4389,.T.);
#3214=EDGE_CURVE('',#3947,#3948,#97,.T.);
#3215=EDGE_CURVE('',#3948,#3949,#4390,.T.);
#3216=EDGE_CURVE('',#3949,#3942,#98,.T.);
#3217=EDGE_CURVE('',#3950,#3951,#99,.T.);
#3218=EDGE_CURVE('',#3951,#3950,#100,.T.);
#3219=EDGE_CURVE('',#3952,#3953,#101,.T.);
#3220=EDGE_CURVE('',#3953,#3952,#102,.T.);
#3221=EDGE_CURVE('',#3954,#3954,#4391,.T.);
#3222=EDGE_CURVE('',#3955,#3956,#103,.T.);
#3223=EDGE_CURVE('',#3956,#3955,#104,.T.);
#3224=EDGE_CURVE('',#3957,#3958,#105,.T.);
#3225=EDGE_CURVE('',#3958,#3957,#106,.T.);
#3226=EDGE_CURVE('',#3943,#3944,#4392,.T.);
#3227=EDGE_CURVE('',#3949,#3942,#4393,.T.);
#3228=EDGE_CURVE('',#3947,#3948,#4394,.T.);
#3229=EDGE_CURVE('',#3945,#3946,#4395,.T.);
#3230=EDGE_CURVE('',#3959,#3959,#4396,.T.);
#3231=EDGE_CURVE('',#3960,#3960,#4397,.T.);
#3232=EDGE_CURVE('',#3961,#3961,#4398,.T.);
#3233=EDGE_CURVE('',#3962,#3962,#4399,.T.);
#3234=EDGE_CURVE('',#3953,#3952,#4400,.T.);
#3235=EDGE_CURVE('',#3952,#3953,#4401,.T.);
#3236=EDGE_CURVE('',#3963,#3963,#4402,.T.);
#3237=EDGE_CURVE('',#3956,#3955,#4403,.T.);
#3238=EDGE_CURVE('',#3955,#3956,#4404,.T.);
#3239=EDGE_CURVE('',#3964,#3964,#4405,.T.);
#3240=EDGE_CURVE('',#3951,#3950,#4406,.T.);
#3241=EDGE_CURVE('',#3950,#3951,#4407,.T.);
#3242=EDGE_CURVE('',#3965,#3965,#4408,.T.);
#3243=EDGE_CURVE('',#3958,#3957,#4409,.T.);
#3244=EDGE_CURVE('',#3957,#3958,#4410,.T.);
#3245=EDGE_CURVE('',#3966,#3966,#4411,.T.);
#3246=EDGE_CURVE('',#3967,#3968,#4412,.T.);
#3247=EDGE_CURVE('',#3968,#3969,#107,.T.);
#3248=EDGE_CURVE('',#3969,#3970,#4413,.T.);
#3249=EDGE_CURVE('',#3970,#3967,#108,.T.);
#3250=EDGE_CURVE('',#3971,#3972,#4414,.T.);
#3251=EDGE_CURVE('',#3972,#3973,#427,.F.);
#3252=EDGE_CURVE('',#3973,#3974,#4415,.T.);
#3253=EDGE_CURVE('',#3975,#3974,#428,.T.);
#3254=EDGE_CURVE('',#3975,#3976,#4416,.T.);
#3255=EDGE_CURVE('',#3976,#3971,#429,.T.);
#3256=EDGE_CURVE('',#3977,#3978,#4417,.T.);
#3257=EDGE_CURVE('',#3978,#3979,#109,.T.);
#3258=EDGE_CURVE('',#3980,#3979,#4418,.T.);
#3259=EDGE_CURVE('',#3980,#3977,#110,.T.);
#3260=EDGE_CURVE('',#3979,#3968,#4419,.T.);
#3261=EDGE_CURVE('',#3967,#3980,#4420,.T.);
#3262=EDGE_CURVE('',#3981,#3975,#111,.T.);
#3263=EDGE_CURVE('',#3981,#3982,#4421,.T.);
#3264=EDGE_CURVE('',#3982,#3976,#112,.T.);
#3265=EDGE_CURVE('',#3983,#3981,#430,.T.);
#3266=EDGE_CURVE('',#3983,#3984,#431,.F.);
#3267=EDGE_CURVE('',#3984,#3982,#432,.T.);
#3268=EDGE_CURVE('',#3984,#3971,#433,.T.);
#3269=EDGE_CURVE('',#3974,#3983,#434,.F.);
#3270=EDGE_CURVE('',#3985,#3986,#435,.T.);
#3271=EDGE_CURVE('',#3986,#3987,#436,.F.);
#3272=EDGE_CURVE('',#3987,#3988,#437,.T.);
#3273=EDGE_CURVE('',#3988,#3985,#438,.T.);
#3274=EDGE_CURVE('',#3969,#3978,#113,.T.);
#3275=EDGE_CURVE('',#3977,#3970,#114,.T.);
#3276=EDGE_CURVE('',#3989,#3990,#439,.T.);
#3277=EDGE_CURVE('',#3990,#3991,#440,.F.);
#3278=EDGE_CURVE('',#3991,#3992,#441,.F.);
#3279=EDGE_CURVE('',#3992,#3989,#442,.F.);
#3280=EDGE_CURVE('',#3993,#3993,#4422,.T.);
#3281=EDGE_CURVE('',#3994,#3995,#4423,.T.);
#3282=EDGE_CURVE('',#3994,#3996,#443,.T.);
#3283=EDGE_CURVE('',#3997,#3996,#4424,.T.);
#3284=EDGE_CURVE('',#3995,#3997,#444,.T.);
#3285=EDGE_CURVE('',#3998,#3998,#4425,.F.);
#3286=EDGE_CURVE('',#3999,#4000,#115,.T.);
#3287=EDGE_CURVE('',#4000,#3999,#4426,.F.);
#3288=EDGE_CURVE('',#4001,#4001,#4427,.F.);
#3289=EDGE_CURVE('',#4002,#4002,#4428,.T.);
#3290=EDGE_CURVE('',#4003,#4004,#116,.T.);
#3291=EDGE_CURVE('',#4004,#4003,#4429,.F.);
#3292=EDGE_CURVE('',#4005,#4006,#4430,.T.);
#3293=EDGE_CURVE('',#4007,#4006,#445,.T.);
#3294=EDGE_CURVE('',#4007,#4008,#4431,.T.);
#3295=EDGE_CURVE('',#4008,#4005,#446,.T.);
#3296=EDGE_CURVE('',#4008,#3995,#447,.T.);
#3297=EDGE_CURVE('',#4007,#3994,#448,.T.);
#3298=EDGE_CURVE('',#4005,#3997,#449,.T.);
#3299=EDGE_CURVE('',#4006,#3996,#450,.T.);
#3300=EDGE_CURVE('',#4009,#4010,#4432,.T.);
#3301=EDGE_CURVE('',#4010,#4011,#451,.T.);
#3302=EDGE_CURVE('',#4011,#4012,#4433,.T.);
#3303=EDGE_CURVE('',#4013,#4012,#452,.T.);
#3304=EDGE_CURVE('',#4014,#4013,#4434,.T.);
#3305=EDGE_CURVE('',#4014,#4009,#453,.T.);
#3306=EDGE_CURVE('',#4015,#4014,#117,.T.);
#3307=EDGE_CURVE('',#4016,#4013,#118,.T.);
#3308=EDGE_CURVE('',#4015,#4016,#4435,.T.);
#3309=EDGE_CURVE('',#4017,#4016,#454,.T.);
#3310=EDGE_CURVE('',#4017,#4018,#455,.T.);
#3311=EDGE_CURVE('',#4018,#4015,#456,.T.);
#3312=EDGE_CURVE('',#4012,#4017,#457,.F.);
#3313=EDGE_CURVE('',#4018,#4009,#458,.T.);
#3314=EDGE_CURVE('',#4004,#3968,#4436,.T.);
#3315=EDGE_CURVE('',#3979,#4003,#4437,.T.);
#3316=EDGE_CURVE('',#4000,#3980,#4438,.T.);
#3317=EDGE_CURVE('',#3967,#3999,#4439,.T.);
#3318=EDGE_CURVE('',#3992,#4018,#73,.F.);
#3319=EDGE_CURVE('',#3991,#4010,#119,.F.);
#3320=EDGE_CURVE('',#3989,#4017,#74,.F.);
#3321=EDGE_CURVE('',#4011,#3990,#120,.T.);
#3322=EDGE_CURVE('',#3987,#3984,#75,.T.);
#3323=EDGE_CURVE('',#3986,#3972,#121,.F.);
#3324=EDGE_CURVE('',#3973,#3985,#122,.T.);
#3325=EDGE_CURVE('',#3983,#3988,#76,.F.);
#3326=EDGE_CURVE('',#4019,#4019,#4440,.T.);
#3327=EDGE_CURVE('',#4020,#4021,#4441,.T.);
#3328=EDGE_CURVE('',#4021,#4022,#123,.T.);
#3329=EDGE_CURVE('',#4022,#4023,#4442,.T.);
#3330=EDGE_CURVE('',#4023,#4024,#124,.T.);
#3331=EDGE_CURVE('',#4024,#4025,#4443,.T.);
#3332=EDGE_CURVE('',#4025,#4026,#125,.T.);
#3333=EDGE_CURVE('',#4026,#4027,#4444,.T.);
#3334=EDGE_CURVE('',#4027,#4028,#126,.T.);
#3335=EDGE_CURVE('',#4028,#4029,#4445,.T.);
#3336=EDGE_CURVE('',#4029,#4030,#127,.T.);
#3337=EDGE_CURVE('',#4030,#4031,#4446,.T.);
#3338=EDGE_CURVE('',#4031,#4032,#128,.T.);
#3339=EDGE_CURVE('',#4032,#4033,#4447,.T.);
#3340=EDGE_CURVE('',#4033,#4034,#129,.T.);
#3341=EDGE_CURVE('',#4034,#4035,#4448,.T.);
#3342=EDGE_CURVE('',#4035,#4020,#130,.T.);
#3343=EDGE_CURVE('',#4036,#4036,#4449,.T.);
#3344=EDGE_CURVE('',#4037,#4037,#4450,.T.);
#3345=EDGE_CURVE('',#4038,#4038,#4451,.T.);
#3346=EDGE_CURVE('',#4039,#4039,#4452,.T.);
#3347=EDGE_CURVE('',#4040,#4040,#4453,.T.);
#3348=EDGE_CURVE('',#4041,#4042,#4454,.T.);
#3349=EDGE_CURVE('',#4042,#4041,#4455,.T.);
#3350=EDGE_CURVE('',#4043,#4043,#4456,.T.);
#3351=EDGE_CURVE('',#4044,#4045,#4457,.T.);
#3352=EDGE_CURVE('',#4045,#4044,#4458,.T.);
#3353=EDGE_CURVE('',#4046,#4046,#4459,.T.);
#3354=EDGE_CURVE('',#4047,#4047,#4460,.T.);
#3355=EDGE_CURVE('',#4048,#4048,#4461,.T.);
#3356=EDGE_CURVE('',#4049,#4049,#4462,.T.);
#3357=EDGE_CURVE('',#4050,#4044,#131,.T.);
#3358=EDGE_CURVE('',#4045,#4051,#132,.T.);
#3359=EDGE_CURVE('',#4050,#4051,#4463,.T.);
#3360=EDGE_CURVE('',#4052,#4053,#133,.T.);
#3361=EDGE_CURVE('',#4053,#4054,#4464,.T.);
#3362=EDGE_CURVE('',#4054,#4055,#134,.T.);
#3363=EDGE_CURVE('',#4052,#4055,#4465,.T.);
#3364=EDGE_CURVE('',#4056,#4041,#135,.T.);
#3365=EDGE_CURVE('',#4042,#4057,#136,.T.);
#3366=EDGE_CURVE('',#4056,#4057,#4466,.T.);
#3367=EDGE_CURVE('',#4058,#4059,#137,.T.);
#3368=EDGE_CURVE('',#4059,#4060,#4467,.T.);
#3369=EDGE_CURVE('',#4060,#4061,#138,.T.);
#3370=EDGE_CURVE('',#4058,#4061,#4468,.T.);
#3371=EDGE_CURVE('',#4062,#4062,#4469,.T.);
#3372=EDGE_CURVE('',#4063,#4063,#4470,.T.);
#3373=EDGE_CURVE('',#4054,#4053,#4471,.T.);
#3374=EDGE_CURVE('',#4060,#4059,#4472,.T.);
#3375=EDGE_CURVE('',#4064,#4056,#139,.T.);
#3376=EDGE_CURVE('',#4065,#4064,#140,.T.);
#3377=EDGE_CURVE('',#4057,#4065,#141,.T.);
#3378=EDGE_CURVE('',#4041,#4042,#142,.T.);
#3379=EDGE_CURVE('',#4066,#4052,#143,.T.);
#3380=EDGE_CURVE('',#4067,#4066,#144,.T.);
#3381=EDGE_CURVE('',#4055,#4067,#145,.T.);
#3382=EDGE_CURVE('',#4053,#4054,#146,.T.);
#3383=EDGE_CURVE('',#4068,#4050,#147,.T.);
#3384=EDGE_CURVE('',#4069,#4068,#148,.T.);
#3385=EDGE_CURVE('',#4051,#4069,#149,.T.);
#3386=EDGE_CURVE('',#4044,#4045,#150,.T.);
#3387=EDGE_CURVE('',#4070,#4058,#151,.T.);
#3388=EDGE_CURVE('',#4071,#4070,#152,.T.);
#3389=EDGE_CURVE('',#4061,#4071,#153,.T.);
#3390=EDGE_CURVE('',#4059,#4060,#154,.T.);
#3391=EDGE_CURVE('',#4072,#4072,#155,.T.);
#3392=EDGE_CURVE('',#4073,#4073,#156,.T.);
#3393=EDGE_CURVE('',#4024,#4021,#157,.T.);
#3394=EDGE_CURVE('',#4020,#4033,#158,.T.);
#3395=EDGE_CURVE('',#4032,#4029,#159,.T.);
#3396=EDGE_CURVE('',#4028,#4025,#160,.T.);
#3397=EDGE_CURVE('',#4064,#4071,#4473,.T.);
#3398=EDGE_CURVE('',#4070,#4069,#4474,.T.);
#3399=EDGE_CURVE('',#4068,#4067,#4475,.T.);
#3400=EDGE_CURVE('',#4066,#4065,#4476,.T.);
#3401=EDGE_CURVE('',#4074,#4074,#4477,.T.);
#3402=EDGE_CURVE('',#4075,#4075,#161,.T.);
#3403=EDGE_CURVE('',#4076,#4076,#162,.T.);
#3404=EDGE_CURVE('',#4077,#4077,#4478,.T.);
#3405=EDGE_CURVE('',#4026,#4078,#163,.T.);
#3406=EDGE_CURVE('',#4078,#4079,#4479,.T.);
#3407=EDGE_CURVE('',#4079,#4027,#164,.T.);
#3408=EDGE_CURVE('',#4078,#4079,#165,.T.);
#3409=EDGE_CURVE('',#4080,#4080,#4480,.T.);
#3410=EDGE_CURVE('',#4030,#4081,#166,.T.);
#3411=EDGE_CURVE('',#4081,#4082,#4481,.T.);
#3412=EDGE_CURVE('',#4082,#4031,#167,.T.);
#3413=EDGE_CURVE('',#4081,#4082,#168,.T.);
#3414=EDGE_CURVE('',#4083,#4083,#4482,.T.);
#3415=EDGE_CURVE('',#4034,#4084,#169,.T.);
#3416=EDGE_CURVE('',#4084,#4085,#4483,.T.);
#3417=EDGE_CURVE('',#4085,#4035,#170,.T.);
#3418=EDGE_CURVE('',#4084,#4085,#171,.T.);
#3419=EDGE_CURVE('',#4086,#4086,#4484,.T.);
#3420=EDGE_CURVE('',#4022,#4087,#172,.T.);
#3421=EDGE_CURVE('',#4087,#4088,#4485,.T.);
#3422=EDGE_CURVE('',#4088,#4023,#173,.T.);
#3423=EDGE_CURVE('',#4087,#4088,#174,.T.);
#3424=EDGE_CURVE('',#4089,#4089,#4486,.F.);
#3425=EDGE_CURVE('',#4090,#4091,#4487,.T.);
#3426=EDGE_CURVE('',#4091,#4092,#175,.T.);
#3427=EDGE_CURVE('',#4092,#4093,#4488,.T.);
#3428=EDGE_CURVE('',#4093,#4094,#176,.T.);
#3429=EDGE_CURVE('',#4094,#4095,#4489,.T.);
#3430=EDGE_CURVE('',#4095,#4096,#177,.T.);
#3431=EDGE_CURVE('',#4096,#4097,#4490,.T.);
#3432=EDGE_CURVE('',#4097,#4090,#178,.T.);
#3433=EDGE_CURVE('',#4098,#4099,#179,.T.);
#3434=EDGE_CURVE('',#4099,#4098,#180,.T.);
#3435=EDGE_CURVE('',#4100,#4101,#181,.T.);
#3436=EDGE_CURVE('',#4101,#4100,#182,.T.);
#3437=EDGE_CURVE('',#4102,#4102,#4491,.T.);
#3438=EDGE_CURVE('',#4103,#4104,#183,.T.);
#3439=EDGE_CURVE('',#4104,#4103,#184,.T.);
#3440=EDGE_CURVE('',#4105,#4106,#185,.T.);
#3441=EDGE_CURVE('',#4106,#4105,#186,.T.);
#3442=EDGE_CURVE('',#4107,#4107,#4492,.T.);
#3443=EDGE_CURVE('',#4108,#4108,#4493,.T.);
#3444=EDGE_CURVE('',#4109,#4110,#459,.T.);
#3445=EDGE_CURVE('',#4111,#4109,#4494,.T.);
#3446=EDGE_CURVE('',#4111,#4112,#460,.T.);
#3447=EDGE_CURVE('',#4110,#4112,#4495,.T.);
#3448=EDGE_CURVE('',#4113,#4109,#461,.T.);
#3449=EDGE_CURVE('',#4114,#4113,#4496,.T.);
#3450=EDGE_CURVE('',#4114,#4111,#462,.T.);
#3451=EDGE_CURVE('',#4115,#4110,#463,.T.);
#3452=EDGE_CURVE('',#4113,#4115,#464,.T.);
#3453=EDGE_CURVE('',#4116,#4112,#465,.T.);
#3454=EDGE_CURVE('',#4115,#4116,#4497,.T.);
#3455=EDGE_CURVE('',#4114,#4116,#466,.T.);
#3456=EDGE_CURVE('',#4091,#4092,#4498,.T.);
#3457=EDGE_CURVE('',#4097,#4090,#4499,.T.);
#3458=EDGE_CURVE('',#4095,#4096,#4500,.T.);
#3459=EDGE_CURVE('',#4093,#4094,#4501,.T.);
#3460=EDGE_CURVE('',#4117,#4117,#4502,.T.);
#3461=EDGE_CURVE('',#4118,#4118,#4503,.T.);
#3462=EDGE_CURVE('',#4119,#4119,#4504,.T.);
#3463=EDGE_CURVE('',#4120,#4120,#4505,.T.);
#3464=EDGE_CURVE('',#4101,#4100,#4506,.T.);
#3465=EDGE_CURVE('',#4100,#4101,#4507,.T.);
#3466=EDGE_CURVE('',#4121,#4121,#4508,.T.);
#3467=EDGE_CURVE('',#4104,#4103,#4509,.T.);
#3468=EDGE_CURVE('',#4103,#4104,#4510,.T.);
#3469=EDGE_CURVE('',#4122,#4122,#4511,.T.);
#3470=EDGE_CURVE('',#4099,#4098,#4512,.T.);
#3471=EDGE_CURVE('',#4098,#4099,#4513,.T.);
#3472=EDGE_CURVE('',#4123,#4123,#4514,.T.);
#3473=EDGE_CURVE('',#4106,#4105,#4515,.T.);
#3474=EDGE_CURVE('',#4105,#4106,#4516,.T.);
#3475=EDGE_CURVE('',#4124,#4124,#4517,.T.);
#3476=EDGE_CURVE('',#4125,#4126,#4518,.T.);
#3477=EDGE_CURVE('',#4125,#4127,#467,.T.);
#3478=EDGE_CURVE('',#4128,#4127,#4519,.T.);
#3479=EDGE_CURVE('',#4126,#4128,#468,.T.);
#3480=EDGE_CURVE('',#4129,#4130,#4520,.T.);
#3481=EDGE_CURVE('',#4125,#4129,#469,.T.);
#3482=EDGE_CURVE('',#4126,#4130,#470,.T.);
#3483=EDGE_CURVE('',#4130,#4131,#471,.T.);
#3484=EDGE_CURVE('',#4128,#4131,#472,.T.);
#3485=EDGE_CURVE('',#4132,#4133,#473,.T.);
#3486=EDGE_CURVE('',#4133,#4134,#4521,.T.);
#3487=EDGE_CURVE('',#4134,#4135,#474,.T.);
#3488=EDGE_CURVE('',#4135,#4132,#4522,.T.);
#3489=EDGE_CURVE('',#4136,#4137,#4523,.T.);
#3490=EDGE_CURVE('',#4138,#4136,#475,.T.);
#3491=EDGE_CURVE('',#4139,#4138,#4524,.T.);
#3492=EDGE_CURVE('',#4137,#4139,#476,.T.);
#3493=EDGE_CURVE('',#4131,#4140,#4525,.T.);
#3494=EDGE_CURVE('',#4127,#4140,#477,.T.);
#3495=EDGE_CURVE('',#4140,#4129,#478,.T.);
#3496=EDGE_CURVE('',#4138,#4129,#187,.T.);
#3497=EDGE_CURVE('',#4136,#4140,#188,.T.);
#3498=EDGE_CURVE('',#4139,#4130,#189,.T.);
#3499=EDGE_CURVE('',#4137,#4131,#190,.T.);
#3500=EDGE_CURVE('',#4141,#4142,#4526,.T.);
#3501=EDGE_CURVE('',#4142,#4143,#479,.T.);
#3502=EDGE_CURVE('',#4143,#4144,#4527,.T.);
#3503=EDGE_CURVE('',#4144,#4141,#480,.T.);
#3504=EDGE_CURVE('',#4135,#4142,#481,.T.);
#3505=EDGE_CURVE('',#4132,#4141,#482,.T.);
#3506=EDGE_CURVE('',#4134,#4143,#483,.T.);
#3507=EDGE_CURVE('',#4133,#4144,#484,.T.);
#3508=EDGE_CURVE('',#4145,#4145,#4528,.T.);
#3509=EDGE_CURVE('',#4146,#4146,#4529,.T.);
#3510=EDGE_CURVE('',#4147,#4147,#4530,.T.);
#3511=EDGE_CURVE('',#4148,#4149,#4531,.T.);
#3512=EDGE_CURVE('',#4149,#4150,#485,.T.);
#3513=EDGE_CURVE('',#4150,#4151,#4532,.T.);
#3514=EDGE_CURVE('',#4151,#4148,#486,.T.);
#3515=EDGE_CURVE('',#4152,#4153,#487,.T.);
#3516=EDGE_CURVE('',#4153,#4148,#488,.T.);
#3517=EDGE_CURVE('',#4152,#4151,#489,.T.);
#3518=EDGE_CURVE('',#4154,#4155,#490,.T.);
#3519=EDGE_CURVE('',#4155,#4150,#491,.T.);
#3520=EDGE_CURVE('',#4154,#4149,#492,.T.);
#3521=EDGE_CURVE('',#4156,#4156,#4533,.T.);
#3522=EDGE_CURVE('',#4153,#4152,#4534,.T.);
#3523=EDGE_CURVE('',#4155,#4154,#4535,.T.);
#3524=EDGE_CURVE('',#4157,#4158,#4536,.T.);
#3525=EDGE_CURVE('',#4157,#4159,#493,.T.);
#3526=EDGE_CURVE('',#4159,#4160,#4537,.T.);
#3527=EDGE_CURVE('',#4161,#4160,#494,.T.);
#3528=EDGE_CURVE('',#4162,#4161,#4538,.T.);
#3529=EDGE_CURVE('',#4162,#4163,#495,.T.);
#3530=EDGE_CURVE('',#4163,#4164,#4539,.T.);
#3531=EDGE_CURVE('',#4158,#4164,#496,.T.);
#3532=EDGE_CURVE('',#4158,#4157,#497,.T.);
#3533=EDGE_CURVE('',#4161,#4162,#498,.T.);
#3534=EDGE_CURVE('',#4164,#4159,#499,.T.);
#3535=EDGE_CURVE('',#4160,#4163,#500,.T.);
#3536=EDGE_CURVE('',#4165,#4165,#4540,.T.);
#3537=EDGE_CURVE('',#4166,#4167,#501,.T.);
#3538=EDGE_CURVE('',#4168,#4167,#4541,.T.);
#3539=EDGE_CURVE('',#4168,#4169,#502,.T.);
#3540=EDGE_CURVE('',#4170,#4169,#4542,.T.);
#3541=EDGE_CURVE('',#4170,#4171,#503,.T.);
#3542=EDGE_CURVE('',#4172,#4171,#4543,.T.);
#3543=EDGE_CURVE('',#4172,#4173,#504,.T.);
#3544=EDGE_CURVE('',#4166,#4173,#4544,.T.);
#3545=EDGE_CURVE('',#4173,#4174,#505,.T.);
#3546=EDGE_CURVE('',#4172,#4175,#506,.T.);
#3547=EDGE_CURVE('',#4174,#4175,#507,.T.);
#3548=EDGE_CURVE('',#4171,#4176,#508,.T.);
#3549=EDGE_CURVE('',#4175,#4176,#4545,.T.);
#3550=EDGE_CURVE('',#4170,#4177,#509,.T.);
#3551=EDGE_CURVE('',#4176,#4177,#510,.T.);
#3552=EDGE_CURVE('',#4169,#4178,#511,.T.);
#3553=EDGE_CURVE('',#4177,#4178,#4546,.T.);
#3554=EDGE_CURVE('',#4179,#4179,#4547,.T.);
#3555=EDGE_CURVE('',#4180,#4181,#512,.T.);
#3556=EDGE_CURVE('',#4174,#4181,#4548,.T.);
#3557=EDGE_CURVE('',#4178,#4182,#513,.T.);
#3558=EDGE_CURVE('',#4180,#4182,#4549,.T.);
#3559=EDGE_CURVE('',#4182,#4168,#514,.T.);
#3560=EDGE_CURVE('',#4183,#4183,#4550,.T.);
#3561=EDGE_CURVE('',#4184,#4184,#4551,.T.);
#3562=EDGE_CURVE('',#4185,#4185,#4552,.T.);
#3563=EDGE_CURVE('',#4186,#4186,#4553,.T.);
#3564=EDGE_CURVE('',#4187,#4187,#4554,.T.);
#3565=EDGE_CURVE('',#4188,#4188,#4555,.T.);
#3566=EDGE_CURVE('',#4189,#4190,#4556,.T.);
#3567=EDGE_CURVE('',#4191,#4189,#515,.T.);
#3568=EDGE_CURVE('',#4192,#4191,#516,.T.);
#3569=EDGE_CURVE('',#4192,#4193,#517,.T.);
#3570=EDGE_CURVE('',#4194,#4193,#518,.T.);
#3571=EDGE_CURVE('',#4195,#4194,#519,.T.);
#3572=EDGE_CURVE('',#4196,#4195,#520,.T.);
#3573=EDGE_CURVE('',#4197,#4196,#521,.T.);
#3574=EDGE_CURVE('',#4198,#4197,#4557,.T.);
#3575=EDGE_CURVE('',#4190,#4198,#522,.T.);
#3576=EDGE_CURVE('',#4199,#4199,#4558,.T.);
#3577=EDGE_CURVE('',#4200,#4200,#4559,.T.);
#3578=EDGE_CURVE('',#4201,#4201,#4560,.T.);
#3579=EDGE_CURVE('',#4202,#4202,#4561,.T.);
#3580=EDGE_CURVE('',#4203,#4203,#4562,.T.);
#3581=EDGE_CURVE('',#4204,#4204,#4563,.T.);
#3582=EDGE_CURVE('',#4205,#4206,#4564,.T.);
#3583=EDGE_CURVE('',#4206,#4207,#523,.T.);
#3584=EDGE_CURVE('',#4207,#4208,#4565,.T.);
#3585=EDGE_CURVE('',#4208,#4209,#524,.T.);
#3586=EDGE_CURVE('',#4209,#4210,#525,.T.);
#3587=EDGE_CURVE('',#4210,#4211,#526,.T.);
#3588=EDGE_CURVE('',#4212,#4211,#527,.T.);
#3589=EDGE_CURVE('',#4213,#4212,#528,.T.);
#3590=EDGE_CURVE('',#4213,#4214,#529,.T.);
#3591=EDGE_CURVE('',#4214,#4205,#530,.T.);
#3592=EDGE_CURVE('',#4190,#4206,#531,.T.);
#3593=EDGE_CURVE('',#4189,#4205,#532,.T.);
#3594=EDGE_CURVE('',#4197,#4208,#533,.T.);
#3595=EDGE_CURVE('',#4198,#4207,#534,.T.);
#3596=EDGE_CURVE('',#4196,#4215,#535,.T.);
#3597=EDGE_CURVE('',#4215,#4209,#536,.T.);
#3598=EDGE_CURVE('',#4216,#4214,#537,.T.);
#3599=EDGE_CURVE('',#4191,#4216,#538,.T.);
#3600=EDGE_CURVE('',#4217,#4217,#4566,.T.);
#3601=EDGE_CURVE('',#4218,#4218,#4567,.T.);
#3602=EDGE_CURVE('',#4167,#4180,#539,.T.);
#3603=EDGE_CURVE('',#4181,#4166,#540,.T.);
#3604=EDGE_CURVE('',#4195,#4215,#4568,.T.);
#3605=EDGE_CURVE('',#4216,#4192,#4569,.T.);
#3606=EDGE_CURVE('',#4213,#4216,#4570,.T.);
#3607=EDGE_CURVE('',#4215,#4210,#4571,.T.);
#3608=EDGE_CURVE('',#4211,#4194,#4572,.T.);
#3609=EDGE_CURVE('',#4193,#4212,#4573,.T.);
#3610=EDGE_CURVE('',#4219,#4219,#4574,.T.);
#3611=EDGE_CURVE('',#4220,#4221,#4575,.T.);
#3612=EDGE_CURVE('',#4221,#4222,#191,.T.);
#3613=EDGE_CURVE('',#4222,#4223,#4576,.T.);
#3614=EDGE_CURVE('',#4223,#4224,#192,.T.);
#3615=EDGE_CURVE('',#4224,#4225,#4577,.T.);
#3616=EDGE_CURVE('',#4225,#4226,#193,.T.);
#3617=EDGE_CURVE('',#4226,#4227,#4578,.T.);
#3618=EDGE_CURVE('',#4227,#4228,#194,.T.);
#3619=EDGE_CURVE('',#4228,#4229,#4579,.T.);
#3620=EDGE_CURVE('',#4229,#4230,#195,.T.);
#3621=EDGE_CURVE('',#4230,#4231,#4580,.T.);
#3622=EDGE_CURVE('',#4231,#4232,#196,.T.);
#3623=EDGE_CURVE('',#4232,#4233,#4581,.T.);
#3624=EDGE_CURVE('',#4233,#4234,#197,.T.);
#3625=EDGE_CURVE('',#4234,#4235,#4582,.T.);
#3626=EDGE_CURVE('',#4235,#4220,#198,.T.);
#3627=EDGE_CURVE('',#4236,#4236,#4583,.T.);
#3628=EDGE_CURVE('',#4237,#4237,#4584,.T.);
#3629=EDGE_CURVE('',#4238,#4238,#4585,.T.);
#3630=EDGE_CURVE('',#4239,#4239,#4586,.T.);
#3631=EDGE_CURVE('',#4240,#4241,#199,.T.);
#3632=EDGE_CURVE('',#4241,#4242,#4587,.T.);
#3633=EDGE_CURVE('',#4242,#4243,#200,.T.);
#3634=EDGE_CURVE('',#4240,#4243,#4588,.T.);
#3635=EDGE_CURVE('',#4244,#4245,#201,.T.);
#3636=EDGE_CURVE('',#4245,#4246,#4589,.T.);
#3637=EDGE_CURVE('',#4246,#4247,#202,.T.);
#3638=EDGE_CURVE('',#4244,#4247,#4590,.T.);
#3639=EDGE_CURVE('',#4248,#4249,#203,.T.);
#3640=EDGE_CURVE('',#4249,#4250,#4591,.T.);
#3641=EDGE_CURVE('',#4250,#4251,#204,.T.);
#3642=EDGE_CURVE('',#4248,#4251,#4592,.T.);
#3643=EDGE_CURVE('',#4252,#4253,#205,.T.);
#3644=EDGE_CURVE('',#4253,#4254,#4593,.T.);
#3645=EDGE_CURVE('',#4254,#4255,#206,.T.);
#3646=EDGE_CURVE('',#4252,#4255,#4594,.T.);
#3647=EDGE_CURVE('',#4224,#4221,#207,.T.);
#3648=EDGE_CURVE('',#4220,#4233,#208,.T.);
#3649=EDGE_CURVE('',#4232,#4229,#209,.T.);
#3650=EDGE_CURVE('',#4228,#4225,#210,.T.);
#3651=EDGE_CURVE('',#4256,#4257,#4595,.T.);
#3652=EDGE_CURVE('',#4257,#4258,#211,.T.);
#3653=EDGE_CURVE('',#4258,#4259,#4596,.T.);
#3654=EDGE_CURVE('',#4259,#4260,#212,.T.);
#3655=EDGE_CURVE('',#4260,#4261,#4597,.T.);
#3656=EDGE_CURVE('',#4261,#4262,#213,.T.);
#3657=EDGE_CURVE('',#4262,#4263,#4598,.T.);
#3658=EDGE_CURVE('',#4263,#4256,#214,.T.);
#3659=EDGE_CURVE('',#4264,#4264,#215,.T.);
#3660=EDGE_CURVE('',#4265,#4265,#216,.T.);
#3661=EDGE_CURVE('',#4266,#4266,#4599,.T.);
#3662=EDGE_CURVE('',#4267,#4267,#217,.T.);
#3663=EDGE_CURVE('',#4268,#4268,#218,.T.);
#3664=EDGE_CURVE('',#4269,#4269,#4600,.T.);
#3665=EDGE_CURVE('',#4258,#4240,#219,.T.);
#3666=EDGE_CURVE('',#4243,#4257,#220,.T.);
#3667=EDGE_CURVE('',#4256,#4244,#221,.T.);
#3668=EDGE_CURVE('',#4247,#4263,#222,.T.);
#3669=EDGE_CURVE('',#4262,#4248,#223,.T.);
#3670=EDGE_CURVE('',#4251,#4261,#224,.T.);
#3671=EDGE_CURVE('',#4260,#4252,#225,.T.);
#3672=EDGE_CURVE('',#4255,#4259,#226,.T.);
#3673=EDGE_CURVE('',#4270,#4270,#4601,.T.);
#3674=EDGE_CURVE('',#4271,#4271,#4602,.T.);
#3675=EDGE_CURVE('',#4272,#4272,#4603,.T.);
#3676=EDGE_CURVE('',#4273,#4273,#4604,.T.);
#3677=EDGE_CURVE('',#4253,#4254,#227,.T.);
#3678=EDGE_CURVE('',#4254,#4253,#4605,.T.);
#3679=EDGE_CURVE('',#4274,#4274,#4606,.T.);
#3680=EDGE_CURVE('',#4249,#4250,#228,.T.);
#3681=EDGE_CURVE('',#4250,#4249,#4607,.T.);
#3682=EDGE_CURVE('',#4275,#4275,#4608,.T.);
#3683=EDGE_CURVE('',#4245,#4246,#229,.T.);
#3684=EDGE_CURVE('',#4246,#4245,#4609,.T.);
#3685=EDGE_CURVE('',#4276,#4276,#4610,.T.);
#3686=EDGE_CURVE('',#4241,#4242,#230,.T.);
#3687=EDGE_CURVE('',#4242,#4241,#4611,.T.);
#3688=EDGE_CURVE('',#4277,#4277,#4612,.T.);
#3689=EDGE_CURVE('',#4226,#4278,#231,.T.);
#3690=EDGE_CURVE('',#4278,#4279,#4613,.T.);
#3691=EDGE_CURVE('',#4279,#4227,#232,.T.);
#3692=EDGE_CURVE('',#4278,#4279,#233,.T.);
#3693=EDGE_CURVE('',#4280,#4280,#4614,.T.);
#3694=EDGE_CURVE('',#4230,#4281,#234,.T.);
#3695=EDGE_CURVE('',#4281,#4282,#4615,.T.);
#3696=EDGE_CURVE('',#4282,#4231,#235,.T.);
#3697=EDGE_CURVE('',#4281,#4282,#236,.T.);
#3698=EDGE_CURVE('',#4283,#4283,#4616,.T.);
#3699=EDGE_CURVE('',#4234,#4284,#237,.T.);
#3700=EDGE_CURVE('',#4284,#4285,#4617,.T.);
#3701=EDGE_CURVE('',#4285,#4235,#238,.T.);
#3702=EDGE_CURVE('',#4284,#4285,#239,.T.);
#3703=EDGE_CURVE('',#4286,#4286,#4618,.T.);
#3704=EDGE_CURVE('',#4222,#4287,#240,.T.);
#3705=EDGE_CURVE('',#4287,#4288,#4619,.T.);
#3706=EDGE_CURVE('',#4288,#4223,#241,.T.);
#3707=EDGE_CURVE('',#4287,#4288,#242,.T.);
#3708=VERTEX_POINT('',#8770);
#3709=VERTEX_POINT('',#8772);
#3710=VERTEX_POINT('',#8775);
#3711=VERTEX_POINT('',#8778);
#3712=VERTEX_POINT('',#8781);
#3713=VERTEX_POINT('',#8784);
#3714=VERTEX_POINT('',#8787);
#3715=VERTEX_POINT('',#8790);
#3716=VERTEX_POINT('',#8793);
#3717=VERTEX_POINT('',#8796);
#3718=VERTEX_POINT('',#8799);
#3719=VERTEX_POINT('',#8802);
#3720=VERTEX_POINT('',#8805);
#3721=VERTEX_POINT('',#8808);
#3722=VERTEX_POINT('',#8813);
#3723=VERTEX_POINT('',#8815);
#3724=VERTEX_POINT('',#8818);
#3725=VERTEX_POINT('',#8820);
#3726=VERTEX_POINT('',#8823);
#3727=VERTEX_POINT('',#8824);
#3728=VERTEX_POINT('',#8826);
#3729=VERTEX_POINT('',#8830);
#3730=VERTEX_POINT('',#8831);
#3731=VERTEX_POINT('',#8833);
#3732=VERTEX_POINT('',#8835);
#3733=VERTEX_POINT('',#8837);
#3734=VERTEX_POINT('',#8841);
#3735=VERTEX_POINT('',#8842);
#3736=VERTEX_POINT('',#8844);
#3737=VERTEX_POINT('',#8846);
#3738=VERTEX_POINT('',#8848);
#3739=VERTEX_POINT('',#8852);
#3740=VERTEX_POINT('',#8853);
#3741=VERTEX_POINT('',#8855);
#3742=VERTEX_POINT('',#8859);
#3743=VERTEX_POINT('',#8860);
#3744=VERTEX_POINT('',#8862);
#3745=VERTEX_POINT('',#8864);
#3746=VERTEX_POINT('',#8866);
#3747=VERTEX_POINT('',#8870);
#3748=VERTEX_POINT('',#8871);
#3749=VERTEX_POINT('',#8873);
#3750=VERTEX_POINT('',#8875);
#3751=VERTEX_POINT('',#8877);
#3752=VERTEX_POINT('',#8887);
#3753=VERTEX_POINT('',#8889);
#3754=VERTEX_POINT('',#8891);
#3755=VERTEX_POINT('',#8893);
#3756=VERTEX_POINT('',#8895);
#3757=VERTEX_POINT('',#8897);
#3758=VERTEX_POINT('',#8898);
#3759=VERTEX_POINT('',#8902);
#3760=VERTEX_POINT('',#8904);
#3761=VERTEX_POINT('',#8906);
#3762=VERTEX_POINT('',#8908);
#3763=VERTEX_POINT('',#8910);
#3764=VERTEX_POINT('',#8912);
#3765=VERTEX_POINT('',#8916);
#3766=VERTEX_POINT('',#8918);
#3767=VERTEX_POINT('',#8920);
#3768=VERTEX_POINT('',#8922);
#3769=VERTEX_POINT('',#8924);
#3770=VERTEX_POINT('',#8926);
#3771=VERTEX_POINT('',#8927);
#3772=VERTEX_POINT('',#8931);
#3773=VERTEX_POINT('',#8933);
#3774=VERTEX_POINT('',#8935);
#3775=VERTEX_POINT('',#8937);
#3776=VERTEX_POINT('',#8939);
#3777=VERTEX_POINT('',#8941);
#3778=VERTEX_POINT('',#8945);
#3779=VERTEX_POINT('',#8947);
#3780=VERTEX_POINT('',#8949);
#3781=VERTEX_POINT('',#8950);
#3782=VERTEX_POINT('',#8952);
#3783=VERTEX_POINT('',#8954);
#3784=VERTEX_POINT('',#8959);
#3785=VERTEX_POINT('',#8961);
#3786=VERTEX_POINT('',#8963);
#3787=VERTEX_POINT('',#8965);
#3788=VERTEX_POINT('',#8967);
#3789=VERTEX_POINT('',#8971);
#3790=VERTEX_POINT('',#8972);
#3791=VERTEX_POINT('',#8974);
#3792=VERTEX_POINT('',#8976);
#3793=VERTEX_POINT('',#8978);
#3794=VERTEX_POINT('',#8982);
#3795=VERTEX_POINT('',#8984);
#3796=VERTEX_POINT('',#8986);
#3797=VERTEX_POINT('',#8987);
#3798=VERTEX_POINT('',#8989);
#3799=VERTEX_POINT('',#8991);
#3800=VERTEX_POINT('',#8993);
#3801=VERTEX_POINT('',#8995);
#3802=VERTEX_POINT('',#8997);
#3803=VERTEX_POINT('',#8999);
#3804=VERTEX_POINT('',#9004);
#3805=VERTEX_POINT('',#9008);
#3806=VERTEX_POINT('',#9009);
#3807=VERTEX_POINT('',#9011);
#3808=VERTEX_POINT('',#9013);
#3809=VERTEX_POINT('',#9015);
#3810=VERTEX_POINT('',#9038);
#3811=VERTEX_POINT('',#9040);
#3812=VERTEX_POINT('',#9042);
#3813=VERTEX_POINT('',#9046);
#3814=VERTEX_POINT('',#9048);
#3815=VERTEX_POINT('',#9052);
#3816=VERTEX_POINT('',#9053);
#3817=VERTEX_POINT('',#9055);
#3818=VERTEX_POINT('',#9060);
#3819=VERTEX_POINT('',#9064);
#3820=VERTEX_POINT('',#9065);
#3821=VERTEX_POINT('',#9070);
#3822=VERTEX_POINT('',#9072);
#3823=VERTEX_POINT('',#9089);
#3824=VERTEX_POINT('',#9090);
#3825=VERTEX_POINT('',#9092);
#3826=VERTEX_POINT('',#9094);
#3827=VERTEX_POINT('',#9098);
#3828=VERTEX_POINT('',#9099);
#3829=VERTEX_POINT('',#9101);
#3830=VERTEX_POINT('',#9103);
#3831=VERTEX_POINT('',#9105);
#3832=VERTEX_POINT('',#9109);
#3833=VERTEX_POINT('',#9110);
#3834=VERTEX_POINT('',#9112);
#3835=VERTEX_POINT('',#9116);
#3836=VERTEX_POINT('',#9117);
#3837=VERTEX_POINT('',#9119);
#3838=VERTEX_POINT('',#9121);
#3839=VERTEX_POINT('',#9123);
#3840=VERTEX_POINT('',#9127);
#3841=VERTEX_POINT('',#9128);
#3842=VERTEX_POINT('',#9130);
#3843=VERTEX_POINT('',#9142);
#3844=VERTEX_POINT('',#9144);
#3845=VERTEX_POINT('',#9145);
#3846=VERTEX_POINT('',#9147);
#3847=VERTEX_POINT('',#9155);
#3848=VERTEX_POINT('',#9158);
#3849=VERTEX_POINT('',#9160);
#3850=VERTEX_POINT('',#9168);
#3851=VERTEX_POINT('',#9175);
#3852=VERTEX_POINT('',#9177);
#3853=VERTEX_POINT('',#9179);
#3854=VERTEX_POINT('',#9183);
#3855=VERTEX_POINT('',#9184);
#3856=VERTEX_POINT('',#9187);
#3857=VERTEX_POINT('',#9189);
#3858=VERTEX_POINT('',#9191);
#3859=VERTEX_POINT('',#9193);
#3860=VERTEX_POINT('',#9197);
#3861=VERTEX_POINT('',#9199);
#3862=VERTEX_POINT('',#9201);
#3863=VERTEX_POINT('',#9203);
#3864=VERTEX_POINT('',#9205);
#3865=VERTEX_POINT('',#9217);
#3866=VERTEX_POINT('',#9223);
#3867=VERTEX_POINT('',#9224);
#3868=VERTEX_POINT('',#9226);
#3869=VERTEX_POINT('',#9230);
#3870=VERTEX_POINT('',#9231);
#3871=VERTEX_POINT('',#9233);
#3872=VERTEX_POINT('',#9241);
#3873=VERTEX_POINT('',#9242);
#3874=VERTEX_POINT('',#9247);
#3875=VERTEX_POINT('',#9248);
#3876=VERTEX_POINT('',#9253);
#3877=VERTEX_POINT('',#9256);
#3878=VERTEX_POINT('',#9259);
#3879=VERTEX_POINT('',#9262);
#3880=VERTEX_POINT('',#9265);
#3881=VERTEX_POINT('',#9268);
#3882=VERTEX_POINT('',#9270);
#3883=VERTEX_POINT('',#9273);
#3884=VERTEX_POINT('',#9275);
#3885=VERTEX_POINT('',#9292);
#3886=VERTEX_POINT('',#9293);
#3887=VERTEX_POINT('',#9298);
#3888=VERTEX_POINT('',#9299);
#3889=VERTEX_POINT('',#9304);
#3890=VERTEX_POINT('',#9307);
#3891=VERTEX_POINT('',#9310);
#3892=VERTEX_POINT('',#9313);
#3893=VERTEX_POINT('',#9316);
#3894=VERTEX_POINT('',#9319);
#3895=VERTEX_POINT('',#9321);
#3896=VERTEX_POINT('',#9324);
#3897=VERTEX_POINT('',#9326);
#3898=VERTEX_POINT('',#9349);
#3899=VERTEX_POINT('',#9352);
#3900=VERTEX_POINT('',#9356);
#3901=VERTEX_POINT('',#9358);
#3902=VERTEX_POINT('',#9360);
#3903=VERTEX_POINT('',#9362);
#3904=VERTEX_POINT('',#9364);
#3905=VERTEX_POINT('',#9366);
#3906=VERTEX_POINT('',#9370);
#3907=VERTEX_POINT('',#9371);
#3908=VERTEX_POINT('',#9373);
#3909=VERTEX_POINT('',#9375);
#3910=VERTEX_POINT('',#9378);
#3911=VERTEX_POINT('',#9384);
#3912=VERTEX_POINT('',#9387);
#3913=VERTEX_POINT('',#9392);
#3914=VERTEX_POINT('',#9394);
#3915=VERTEX_POINT('',#9397);
#3916=VERTEX_POINT('',#9398);
#3917=VERTEX_POINT('',#9403);
#3918=VERTEX_POINT('',#9405);
#3919=VERTEX_POINT('',#9408);
#3920=VERTEX_POINT('',#9409);
#3921=VERTEX_POINT('',#9422);
#3922=VERTEX_POINT('',#9438);
#3923=VERTEX_POINT('',#9441);
#3924=VERTEX_POINT('',#9443);
#3925=VERTEX_POINT('',#9445);
#3926=VERTEX_POINT('',#9455);
#3927=VERTEX_POINT('',#9458);
#3928=VERTEX_POINT('',#9461);
#3929=VERTEX_POINT('',#9468);
#3930=VERTEX_POINT('',#9471);
#3931=VERTEX_POINT('',#9474);
#3932=VERTEX_POINT('',#9547);
#3933=VERTEX_POINT('',#9549);
#3934=VERTEX_POINT('',#9554);
#3935=VERTEX_POINT('',#9556);
#3936=VERTEX_POINT('',#9560);
#3937=VERTEX_POINT('',#9563);
#3938=VERTEX_POINT('',#9572);
#3939=VERTEX_POINT('',#9575);
#3940=VERTEX_POINT('',#9577);
#3941=VERTEX_POINT('',#9581);
#3942=VERTEX_POINT('',#9583);
#3943=VERTEX_POINT('',#9584);
#3944=VERTEX_POINT('',#9596);
#3945=VERTEX_POINT('',#9598);
#3946=VERTEX_POINT('',#9610);
#3947=VERTEX_POINT('',#9612);
#3948=VERTEX_POINT('',#9624);
#3949=VERTEX_POINT('',#9626);
#3950=VERTEX_POINT('',#9644);
#3951=VERTEX_POINT('',#9645);
#3952=VERTEX_POINT('',#9664);
#3953=VERTEX_POINT('',#9665);
#3954=VERTEX_POINT('',#9680);
#3955=VERTEX_POINT('',#9686);
#3956=VERTEX_POINT('',#9687);
#3957=VERTEX_POINT('',#9706);
#3958=VERTEX_POINT('',#9707);
#3959=VERTEX_POINT('',#9728);
#3960=VERTEX_POINT('',#9730);
#3961=VERTEX_POINT('',#9732);
#3962=VERTEX_POINT('',#9734);
#3963=VERTEX_POINT('',#9742);
#3964=VERTEX_POINT('',#9751);
#3965=VERTEX_POINT('',#9760);
#3966=VERTEX_POINT('',#9769);
#3967=VERTEX_POINT('',#9774);
#3968=VERTEX_POINT('',#9775);
#3969=VERTEX_POINT('',#9780);
#3970=VERTEX_POINT('',#9782);
#3971=VERTEX_POINT('',#9789);
#3972=VERTEX_POINT('',#9790);
#3973=VERTEX_POINT('',#9792);
#3974=VERTEX_POINT('',#9794);
#3975=VERTEX_POINT('',#9796);
#3976=VERTEX_POINT('',#9798);
#3977=VERTEX_POINT('',#9802);
#3978=VERTEX_POINT('',#9803);
#3979=VERTEX_POINT('',#9808);
#3980=VERTEX_POINT('',#9810);
#3981=VERTEX_POINT('',#9835);
#3982=VERTEX_POINT('',#9837);
#3983=VERTEX_POINT('',#9856);
#3984=VERTEX_POINT('',#9858);
#3985=VERTEX_POINT('',#9866);
#3986=VERTEX_POINT('',#9867);
#3987=VERTEX_POINT('',#9869);
#3988=VERTEX_POINT('',#9871);
#3989=VERTEX_POINT('',#9920);
#3990=VERTEX_POINT('',#9921);
#3991=VERTEX_POINT('',#9923);
#3992=VERTEX_POINT('',#9925);
#3993=VERTEX_POINT('',#9929);
#3994=VERTEX_POINT('',#9931);
#3995=VERTEX_POINT('',#9932);
#3996=VERTEX_POINT('',#9934);
#3997=VERTEX_POINT('',#9936);
#3998=VERTEX_POINT('',#9940);
#3999=VERTEX_POINT('',#9951);
#4000=VERTEX_POINT('',#9952);
#4001=VERTEX_POINT('',#9956);
#4002=VERTEX_POINT('',#9959);
#4003=VERTEX_POINT('',#9970);
#4004=VERTEX_POINT('',#9971);
#4005=VERTEX_POINT('',#9975);
#4006=VERTEX_POINT('',#9976);
#4007=VERTEX_POINT('',#9978);
#4008=VERTEX_POINT('',#9980);
#4009=VERTEX_POINT('',#9991);
#4010=VERTEX_POINT('',#9992);
#4011=VERTEX_POINT('',#9994);
#4012=VERTEX_POINT('',#9996);
#4013=VERTEX_POINT('',#9998);
#4014=VERTEX_POINT('',#10000);
#4015=VERTEX_POINT('',#10019);
#4016=VERTEX_POINT('',#10036);
#4017=VERTEX_POINT('',#10040);
#4018=VERTEX_POINT('',#10042);
#4019=VERTEX_POINT('',#10159);
#4020=VERTEX_POINT('',#10161);
#4021=VERTEX_POINT('',#10162);
#4022=VERTEX_POINT('',#10167);
#4023=VERTEX_POINT('',#10169);
#4024=VERTEX_POINT('',#10174);
#4025=VERTEX_POINT('',#10176);
#4026=VERTEX_POINT('',#10181);
#4027=VERTEX_POINT('',#10183);
#4028=VERTEX_POINT('',#10188);
#4029=VERTEX_POINT('',#10190);
#4030=VERTEX_POINT('',#10195);
#4031=VERTEX_POINT('',#10197);
#4032=VERTEX_POINT('',#10202);
#4033=VERTEX_POINT('',#10204);
#4034=VERTEX_POINT('',#10209);
#4035=VERTEX_POINT('',#10211);
#4036=VERTEX_POINT('',#10217);
#4037=VERTEX_POINT('',#10219);
#4038=VERTEX_POINT('',#10221);
#4039=VERTEX_POINT('',#10223);
#4040=VERTEX_POINT('',#10226);
#4041=VERTEX_POINT('',#10228);
#4042=VERTEX_POINT('',#10229);
#4043=VERTEX_POINT('',#10233);
#4044=VERTEX_POINT('',#10235);
#4045=VERTEX_POINT('',#10236);
#4046=VERTEX_POINT('',#10240);
#4047=VERTEX_POINT('',#10243);
#4048=VERTEX_POINT('',#10245);
#4049=VERTEX_POINT('',#10248);
#4050=VERTEX_POINT('',#10263);
#4051=VERTEX_POINT('',#10278);
#4052=VERTEX_POINT('',#10294);
#4053=VERTEX_POINT('',#10295);
#4054=VERTEX_POINT('',#10297);
#4055=VERTEX_POINT('',#10312);
#4056=VERTEX_POINT('',#10328);
#4057=VERTEX_POINT('',#10343);
#4058=VERTEX_POINT('',#10359);
#4059=VERTEX_POINT('',#10360);
#4060=VERTEX_POINT('',#10362);
#4061=VERTEX_POINT('',#10377);
#4062=VERTEX_POINT('',#10381);
#4063=VERTEX_POINT('',#10383);
#4064=VERTEX_POINT('',#10456);
#4065=VERTEX_POINT('',#10548);
#4066=VERTEX_POINT('',#10635);
#4067=VERTEX_POINT('',#10699);
#4068=VERTEX_POINT('',#10786);
#4069=VERTEX_POINT('',#10878);
#4070=VERTEX_POINT('',#10965);
#4071=VERTEX_POINT('',#11029);
#4072=VERTEX_POINT('',#11089);
#4073=VERTEX_POINT('',#11130);
#4074=VERTEX_POINT('',#11218);
#4075=VERTEX_POINT('',#11260);
#4076=VERTEX_POINT('',#11301);
#4077=VERTEX_POINT('',#11305);
#4078=VERTEX_POINT('',#11323);
#4079=VERTEX_POINT('',#11325);
#4080=VERTEX_POINT('',#11392);
#4081=VERTEX_POINT('',#11410);
#4082=VERTEX_POINT('',#11412);
#4083=VERTEX_POINT('',#11479);
#4084=VERTEX_POINT('',#11498);
#4085=VERTEX_POINT('',#11500);
#4086=VERTEX_POINT('',#11567);
#4087=VERTEX_POINT('',#11585);
#4088=VERTEX_POINT('',#11587);
#4089=VERTEX_POINT('',#11655);
#4090=VERTEX_POINT('',#11657);
#4091=VERTEX_POINT('',#11658);
#4092=VERTEX_POINT('',#11670);
#4093=VERTEX_POINT('',#11672);
#4094=VERTEX_POINT('',#11684);
#4095=VERTEX_POINT('',#11686);
#4096=VERTEX_POINT('',#11698);
#4097=VERTEX_POINT('',#11700);
#4098=VERTEX_POINT('',#11718);
#4099=VERTEX_POINT('',#11719);
#4100=VERTEX_POINT('',#11738);
#4101=VERTEX_POINT('',#11739);
#4102=VERTEX_POINT('',#11754);
#4103=VERTEX_POINT('',#11760);
#4104=VERTEX_POINT('',#11761);
#4105=VERTEX_POINT('',#11780);
#4106=VERTEX_POINT('',#11781);
#4107=VERTEX_POINT('',#11797);
#4108=VERTEX_POINT('',#11799);
#4109=VERTEX_POINT('',#11802);
#4110=VERTEX_POINT('',#11803);
#4111=VERTEX_POINT('',#11805);
#4112=VERTEX_POINT('',#11807);
#4113=VERTEX_POINT('',#11811);
#4114=VERTEX_POINT('',#11813);
#4115=VERTEX_POINT('',#11817);
#4116=VERTEX_POINT('',#11821);
#4117=VERTEX_POINT('',#11833);
#4118=VERTEX_POINT('',#11835);
#4119=VERTEX_POINT('',#11837);
#4120=VERTEX_POINT('',#11839);
#4121=VERTEX_POINT('',#11847);
#4122=VERTEX_POINT('',#11856);
#4123=VERTEX_POINT('',#11865);
#4124=VERTEX_POINT('',#11874);
#4125=VERTEX_POINT('',#11879);
#4126=VERTEX_POINT('',#11880);
#4127=VERTEX_POINT('',#11882);
#4128=VERTEX_POINT('',#11884);
#4129=VERTEX_POINT('',#11888);
#4130=VERTEX_POINT('',#11889);
#4131=VERTEX_POINT('',#11894);
#4132=VERTEX_POINT('',#11898);
#4133=VERTEX_POINT('',#11899);
#4134=VERTEX_POINT('',#11901);
#4135=VERTEX_POINT('',#11903);
#4136=VERTEX_POINT('',#11906);
#4137=VERTEX_POINT('',#11907);
#4138=VERTEX_POINT('',#11909);
#4139=VERTEX_POINT('',#11911);
#4140=VERTEX_POINT('',#11915);
#4141=VERTEX_POINT('',#11981);
#4142=VERTEX_POINT('',#11982);
#4143=VERTEX_POINT('',#11984);
#4144=VERTEX_POINT('',#11986);
#4145=VERTEX_POINT('',#11999);
#4146=VERTEX_POINT('',#12001);
#4147=VERTEX_POINT('',#12004);
#4148=VERTEX_POINT('',#12007);
#4149=VERTEX_POINT('',#12008);
#4150=VERTEX_POINT('',#12010);
#4151=VERTEX_POINT('',#12012);
#4152=VERTEX_POINT('',#12016);
#4153=VERTEX_POINT('',#12017);
#4154=VERTEX_POINT('',#12022);
#4155=VERTEX_POINT('',#12023);
#4156=VERTEX_POINT('',#12028);
#4157=VERTEX_POINT('',#12034);
#4158=VERTEX_POINT('',#12035);
#4159=VERTEX_POINT('',#12037);
#4160=VERTEX_POINT('',#12039);
#4161=VERTEX_POINT('',#12041);
#4162=VERTEX_POINT('',#12043);
#4163=VERTEX_POINT('',#12045);
#4164=VERTEX_POINT('',#12047);
#4165=VERTEX_POINT('',#12063);
#4166=VERTEX_POINT('',#12065);
#4167=VERTEX_POINT('',#12066);
#4168=VERTEX_POINT('',#12068);
#4169=VERTEX_POINT('',#12070);
#4170=VERTEX_POINT('',#12072);
#4171=VERTEX_POINT('',#12074);
#4172=VERTEX_POINT('',#12076);
#4173=VERTEX_POINT('',#12078);
#4174=VERTEX_POINT('',#12082);
#4175=VERTEX_POINT('',#12084);
#4176=VERTEX_POINT('',#12088);
#4177=VERTEX_POINT('',#12092);
#4178=VERTEX_POINT('',#12096);
#4179=VERTEX_POINT('',#12100);
#4180=VERTEX_POINT('',#12103);
#4181=VERTEX_POINT('',#12104);
#4182=VERTEX_POINT('',#12107);
#4183=VERTEX_POINT('',#12113);
#4184=VERTEX_POINT('',#12115);
#4185=VERTEX_POINT('',#12117);
#4186=VERTEX_POINT('',#12119);
#4187=VERTEX_POINT('',#12121);
#4188=VERTEX_POINT('',#12123);
#4189=VERTEX_POINT('',#12125);
#4190=VERTEX_POINT('',#12126);
#4191=VERTEX_POINT('',#12128);
#4192=VERTEX_POINT('',#12130);
#4193=VERTEX_POINT('',#12132);
#4194=VERTEX_POINT('',#12134);
#4195=VERTEX_POINT('',#12136);
#4196=VERTEX_POINT('',#12138);
#4197=VERTEX_POINT('',#12140);
#4198=VERTEX_POINT('',#12142);
#4199=VERTEX_POINT('',#12146);
#4200=VERTEX_POINT('',#12148);
#4201=VERTEX_POINT('',#12150);
#4202=VERTEX_POINT('',#12152);
#4203=VERTEX_POINT('',#12154);
#4204=VERTEX_POINT('',#12156);
#4205=VERTEX_POINT('',#12158);
#4206=VERTEX_POINT('',#12159);
#4207=VERTEX_POINT('',#12161);
#4208=VERTEX_POINT('',#12163);
#4209=VERTEX_POINT('',#12165);
#4210=VERTEX_POINT('',#12167);
#4211=VERTEX_POINT('',#12169);
#4212=VERTEX_POINT('',#12171);
#4213=VERTEX_POINT('',#12173);
#4214=VERTEX_POINT('',#12175);
#4215=VERTEX_POINT('',#12185);
#4216=VERTEX_POINT('',#12189);
#4217=VERTEX_POINT('',#12196);
#4218=VERTEX_POINT('',#12200);
#4219=VERTEX_POINT('',#12230);
#4220=VERTEX_POINT('',#12232);
#4221=VERTEX_POINT('',#12233);
#4222=VERTEX_POINT('',#12238);
#4223=VERTEX_POINT('',#12240);
#4224=VERTEX_POINT('',#12245);
#4225=VERTEX_POINT('',#12247);
#4226=VERTEX_POINT('',#12252);
#4227=VERTEX_POINT('',#12254);
#4228=VERTEX_POINT('',#12259);
#4229=VERTEX_POINT('',#12261);
#4230=VERTEX_POINT('',#12266);
#4231=VERTEX_POINT('',#12268);
#4232=VERTEX_POINT('',#12273);
#4233=VERTEX_POINT('',#12275);
#4234=VERTEX_POINT('',#12280);
#4235=VERTEX_POINT('',#12282);
#4236=VERTEX_POINT('',#12288);
#4237=VERTEX_POINT('',#12290);
#4238=VERTEX_POINT('',#12292);
#4239=VERTEX_POINT('',#12294);
#4240=VERTEX_POINT('',#12309);
#4241=VERTEX_POINT('',#12310);
#4242=VERTEX_POINT('',#12312);
#4243=VERTEX_POINT('',#12327);
#4244=VERTEX_POINT('',#12343);
#4245=VERTEX_POINT('',#12344);
#4246=VERTEX_POINT('',#12346);
#4247=VERTEX_POINT('',#12361);
#4248=VERTEX_POINT('',#12377);
#4249=VERTEX_POINT('',#12378);
#4250=VERTEX_POINT('',#12380);
#4251=VERTEX_POINT('',#12395);
#4252=VERTEX_POINT('',#12411);
#4253=VERTEX_POINT('',#12412);
#4254=VERTEX_POINT('',#12414);
#4255=VERTEX_POINT('',#12429);
#4256=VERTEX_POINT('',#12513);
#4257=VERTEX_POINT('',#12514);
#4258=VERTEX_POINT('',#12578);
#4259=VERTEX_POINT('',#12580);
#4260=VERTEX_POINT('',#12672);
#4261=VERTEX_POINT('',#12674);
#4262=VERTEX_POINT('',#12738);
#4263=VERTEX_POINT('',#12740);
#4264=VERTEX_POINT('',#12872);
#4265=VERTEX_POINT('',#12913);
#4266=VERTEX_POINT('',#12915);
#4267=VERTEX_POINT('',#12955);
#4268=VERTEX_POINT('',#12996);
#4269=VERTEX_POINT('',#12999);
#4270=VERTEX_POINT('',#13033);
#4271=VERTEX_POINT('',#13035);
#4272=VERTEX_POINT('',#13037);
#4273=VERTEX_POINT('',#13040);
#4274=VERTEX_POINT('',#13124);
#4275=VERTEX_POINT('',#13208);
#4276=VERTEX_POINT('',#13292);
#4277=VERTEX_POINT('',#13376);
#4278=VERTEX_POINT('',#13394);
#4279=VERTEX_POINT('',#13396);
#4280=VERTEX_POINT('',#13463);
#4281=VERTEX_POINT('',#13481);
#4282=VERTEX_POINT('',#13483);
#4283=VERTEX_POINT('',#13550);
#4284=VERTEX_POINT('',#13569);
#4285=VERTEX_POINT('',#13571);
#4286=VERTEX_POINT('',#13638);
#4287=VERTEX_POINT('',#13656);
#4288=VERTEX_POINT('',#13658);
#4289=CIRCLE('',#6311,0.006749999754904);
#4290=CIRCLE('',#6312,0.0065);
#4291=CIRCLE('',#6314,0.004);
#4292=CIRCLE('',#6316,0.009000000245096);
#4293=CIRCLE('',#6318,0.004);
#4294=CIRCLE('',#6320,0.00925);
#4295=CIRCLE('',#6322,0.0065);
#4296=CIRCLE('',#6324,0.01075);
#4297=CIRCLE('',#6326,0.006749999754904);
#4298=CIRCLE('',#6328,0.011);
#4299=CIRCLE('',#6330,0.009000000245096);
#4300=CIRCLE('',#6332,0.011);
#4301=CIRCLE('',#6334,0.00925);
#4302=CIRCLE('',#6336,0.01075);
#4303=CIRCLE('',#6340,0.00165);
#4304=CIRCLE('',#6341,0.00165);
#4305=CIRCLE('',#6343,0.00165);
#4306=CIRCLE('',#6344,0.00165);
#4307=CIRCLE('',#6346,0.0115);
#4308=CIRCLE('',#6348,0.0115);
#4309=CIRCLE('',#6349,0.05);
#4310=CIRCLE('',#6351,0.05);
#4311=CIRCLE('',#6352,0.0115);
#4312=CIRCLE('',#6354,0.0115);
#4313=CIRCLE('',#6356,0.0115);
#4314=CIRCLE('',#6357,0.05);
#4315=CIRCLE('',#6359,0.0115);
#4316=CIRCLE('',#6360,0.05);
#4317=CIRCLE('',#6364,0.0015);
#4318=CIRCLE('',#6365,0.005);
#4319=CIRCLE('',#6366,0.0016);
#4320=CIRCLE('',#6367,0.0016);
#4321=CIRCLE('',#6368,0.0025);
#4322=CIRCLE('',#6370,0.0015);
#4323=CIRCLE('',#6371,0.005);
#4324=CIRCLE('',#6372,0.0016);
#4325=CIRCLE('',#6373,0.0016);
#4326=CIRCLE('',#6374,0.0025);
#4327=CIRCLE('',#6376,0.00165);
#4328=CIRCLE('',#6377,0.00165);
#4329=CIRCLE('',#6378,0.06);
#4330=CIRCLE('',#6379,0.006);
#4331=CIRCLE('',#6380,0.05);
#4332=CIRCLE('',#6382,0.05);
#4333=CIRCLE('',#6384,0.00165);
#4334=CIRCLE('',#6385,0.00165);
#4335=CIRCLE('',#6386,0.05);
#4336=CIRCLE('',#6387,0.006);
#4337=CIRCLE('',#6388,0.06);
#4338=CIRCLE('',#6390,0.05);
#4339=CIRCLE('',#6402,0.06);
#4340=CIRCLE('',#6404,0.06);
#4341=CIRCLE('',#6409,0.05);
#4342=CIRCLE('',#6411,0.06);
#4343=CIRCLE('',#6413,0.05);
#4344=CIRCLE('',#6415,0.06);
#4345=CIRCLE('',#6418,0.0147);
#4346=CIRCLE('',#6419,0.0147);
#4347=CIRCLE('',#6422,0.0147);
#4348=CIRCLE('',#6426,0.06);
#4349=CIRCLE('',#6427,0.06);
#4350=CIRCLE('',#6430,0.006);
#4351=CIRCLE('',#6431,0.05);
#4352=CIRCLE('',#6433,0.05);
#4353=CIRCLE('',#6434,0.006);
#4354=CIRCLE('',#6436,0.0112);
#4355=CIRCLE('',#6437,0.0112);
#4356=CIRCLE('',#6438,0.0112);
#4357=CIRCLE('',#6443,0.0115);
#4358=CIRCLE('',#6445,0.0115);
#4359=CIRCLE('',#6451,0.0016);
#4360=CIRCLE('',#6453,0.0016);
#4361=CIRCLE('',#6455,0.005);
#4362=CIRCLE('',#6457,0.0015);
#4363=CIRCLE('',#6459,0.0025);
#4364=CIRCLE('',#6472,0.0016);
#4365=CIRCLE('',#6474,0.0016);
#4366=CIRCLE('',#6476,0.005);
#4367=CIRCLE('',#6478,0.0015);
#4368=CIRCLE('',#6480,0.0025);
#4369=CIRCLE('',#6495,0.007);
#4370=CIRCLE('',#6497,0.007);
#4371=CIRCLE('',#6511,0.01425);
#4372=CIRCLE('',#6513,0.01425);
#4373=CIRCLE('',#6515,0.01425);
#4374=CIRCLE('',#6519,0.0112);
#4375=CIRCLE('',#6521,0.0112);
#4376=CIRCLE('',#6523,0.007);
#4377=CIRCLE('',#6538,0.0095);
#4378=CIRCLE('',#6539,0.0095);
#4379=CIRCLE('',#6541,0.0115);
#4380=CIRCLE('',#6542,0.0115);
#4381=CIRCLE('',#6545,0.004);
#4382=CIRCLE('',#6547,0.004);
#4383=CIRCLE('',#6555,0.00245);
#4384=CIRCLE('',#6557,0.00395);
#4385=CIRCLE('',#6558,0.00395);
#4386=CIRCLE('',#6561,0.0157855263157901);
#4387=CIRCLE('',#6562,0.0499599839871326);
#4388=CIRCLE('',#6563,0.0499599839871326);
#4389=CIRCLE('',#6564,0.0499599839871326);
#4390=CIRCLE('',#6565,0.0499599839871326);
#4391=CIRCLE('',#6567,0.0565685424949238);
#4392=CIRCLE('',#6570,0.0035);
#4393=CIRCLE('',#6571,0.0035);
#4394=CIRCLE('',#6572,0.0035);
#4395=CIRCLE('',#6573,0.0035);
#4396=CIRCLE('',#6574,0.00165);
#4397=CIRCLE('',#6575,0.00165);
#4398=CIRCLE('',#6576,0.00165);
#4399=CIRCLE('',#6577,0.00165);
#4400=CIRCLE('',#6579,0.0035);
#4401=CIRCLE('',#6581,0.0035);
#4402=CIRCLE('',#6584,0.00165);
#4403=CIRCLE('',#6587,0.0035);
#4404=CIRCLE('',#6589,0.0035);
#4405=CIRCLE('',#6592,0.00165);
#4406=CIRCLE('',#6595,0.0035);
#4407=CIRCLE('',#6597,0.0035);
#4408=CIRCLE('',#6600,0.00165);
#4409=CIRCLE('',#6603,0.0035);
#4410=CIRCLE('',#6605,0.0035);
#4411=CIRCLE('',#6608,0.00165);
#4412=CIRCLE('',#6612,0.0385);
#4413=CIRCLE('',#6613,0.0385);
#4414=CIRCLE('',#6615,0.0015);
#4415=CIRCLE('',#6616,0.0015);
#4416=CIRCLE('',#6617,0.0221979728804231);
#4417=CIRCLE('',#6619,0.0385);
#4418=CIRCLE('',#6620,0.0385);
#4419=CIRCLE('',#6622,0.00860842696629214);
#4420=CIRCLE('',#6623,0.00860842696629213);
#4421=CIRCLE('',#6625,0.0221979728804231);
#4422=CIRCLE('',#6631,0.00295);
#4423=CIRCLE('',#6632,0.0027);
#4424=CIRCLE('',#6633,0.0027);
#4425=CIRCLE('',#6635,0.00395);
#4426=CIRCLE('',#6636,0.00395);
#4427=CIRCLE('',#6638,0.00295);
#4428=CIRCLE('',#6640,0.00395);
#4429=CIRCLE('',#6641,0.00395);
#4430=CIRCLE('',#6643,0.0027);
#4431=CIRCLE('',#6644,0.0027);
#4432=CIRCLE('',#6649,0.0015);
#4433=CIRCLE('',#6650,0.0015);
#4434=CIRCLE('',#6651,0.0221979728804231);
#4435=CIRCLE('',#6653,0.0221979728804231);
#4436=CIRCLE('',#6658,0.006);
#4437=CIRCLE('',#6659,0.006);
#4438=CIRCLE('',#6661,0.006);
#4439=CIRCLE('',#6662,0.006);
#4440=CIRCLE('',#6681,0.00165);
#4441=CIRCLE('',#6682,0.0499599839871955);
#4442=CIRCLE('',#6683,0.0035);
#4443=CIRCLE('',#6684,0.0499599839871955);
#4444=CIRCLE('',#6685,0.0035);
#4445=CIRCLE('',#6686,0.0499599839871955);
#4446=CIRCLE('',#6687,0.0035);
#4447=CIRCLE('',#6688,0.0499599839871955);
#4448=CIRCLE('',#6689,0.0035);
#4449=CIRCLE('',#6690,0.00165);
#4450=CIRCLE('',#6691,0.00165);
#4451=CIRCLE('',#6692,0.00165);
#4452=CIRCLE('',#6693,0.0565685424949238);
#4453=CIRCLE('',#6695,0.00165);
#4454=CIRCLE('',#6696,0.003);
#4455=CIRCLE('',#6697,0.003);
#4456=CIRCLE('',#6699,0.00165);
#4457=CIRCLE('',#6700,0.003);
#4458=CIRCLE('',#6701,0.003);
#4459=CIRCLE('',#6703,0.00165);
#4460=CIRCLE('',#6705,0.00165);
#4461=CIRCLE('',#6706,0.00165);
#4462=CIRCLE('',#6708,0.00165);
#4463=CIRCLE('',#6710,0.003);
#4464=CIRCLE('',#6712,0.003);
#4465=CIRCLE('',#6713,0.003);
#4466=CIRCLE('',#6715,0.003);
#4467=CIRCLE('',#6717,0.003);
#4468=CIRCLE('',#6718,0.003);
#4469=CIRCLE('',#6720,0.00165);
#4470=CIRCLE('',#6721,0.00165);
#4471=CIRCLE('',#6723,0.003);
#4472=CIRCLE('',#6725,0.003);
#4473=CIRCLE('',#6729,0.0860000000000048);
#4474=CIRCLE('',#6730,0.0860000000000048);
#4475=CIRCLE('',#6731,0.0860000000000048);
#4476=CIRCLE('',#6732,0.0860000000000048);
#4477=CIRCLE('',#6734,0.09);
#4478=CIRCLE('',#6739,0.00165);
#4479=CIRCLE('',#6741,0.0035);
#4480=CIRCLE('',#6744,0.00165);
#4481=CIRCLE('',#6746,0.0035);
#4482=CIRCLE('',#6749,0.00165);
#4483=CIRCLE('',#6751,0.0035);
#4484=CIRCLE('',#6754,0.00165);
#4485=CIRCLE('',#6756,0.0035);
#4486=CIRCLE('',#6760,0.0148583586783587);
#4487=CIRCLE('',#6761,0.0499599839871955);
#4488=CIRCLE('',#6762,0.0499599839871955);
#4489=CIRCLE('',#6763,0.0499599839871955);
#4490=CIRCLE('',#6764,0.0499599839871955);
#4491=CIRCLE('',#6766,0.0565685424949238);
#4492=CIRCLE('',#6768,0.00547618577804637);
#4493=CIRCLE('',#6769,0.00547618577804637);
#4494=CIRCLE('',#6771,0.00275);
#4495=CIRCLE('',#6772,0.00275);
#4496=CIRCLE('',#6774,0.00275);
#4497=CIRCLE('',#6777,0.00275);
#4498=CIRCLE('',#6782,0.0035);
#4499=CIRCLE('',#6783,0.0035);
#4500=CIRCLE('',#6784,0.0035);
#4501=CIRCLE('',#6785,0.0035);
#4502=CIRCLE('',#6786,0.00165);
#4503=CIRCLE('',#6787,0.00165);
#4504=CIRCLE('',#6788,0.00165);
#4505=CIRCLE('',#6789,0.00165);
#4506=CIRCLE('',#6791,0.0035);
#4507=CIRCLE('',#6793,0.0035);
#4508=CIRCLE('',#6796,0.00165);
#4509=CIRCLE('',#6799,0.0035);
#4510=CIRCLE('',#6801,0.0035);
#4511=CIRCLE('',#6804,0.00165);
#4512=CIRCLE('',#6807,0.0035);
#4513=CIRCLE('',#6809,0.0035);
#4514=CIRCLE('',#6812,0.00165);
#4515=CIRCLE('',#6815,0.0035);
#4516=CIRCLE('',#6817,0.0035);
#4517=CIRCLE('',#6820,0.00165);
#4518=CIRCLE('',#6824,0.0101);
#4519=CIRCLE('',#6825,0.0101);
#4520=CIRCLE('',#6827,0.0101);
#4521=CIRCLE('',#6830,0.0075);
#4522=CIRCLE('',#6831,0.0075);
#4523=CIRCLE('',#6832,0.0086);
#4524=CIRCLE('',#6833,0.0086);
#4525=CIRCLE('',#6835,0.0101);
#4526=CIRCLE('',#6842,0.0075);
#4527=CIRCLE('',#6843,0.0075);
#4528=CIRCLE('',#6850,0.0025);
#4529=CIRCLE('',#6851,0.00375);
#4530=CIRCLE('',#6853,0.00375);
#4531=CIRCLE('',#6855,0.0025);
#4532=CIRCLE('',#6856,0.0025);
#4533=CIRCLE('',#6860,0.0025);
#4534=CIRCLE('',#6862,0.0025);
#4535=CIRCLE('',#6863,0.0025);
#4536=CIRCLE('',#6865,0.0025);
#4537=CIRCLE('',#6866,0.0025);
#4538=CIRCLE('',#6867,0.0025);
#4539=CIRCLE('',#6868,0.0025);
#4540=CIRCLE('',#6878,0.0015);
#4541=CIRCLE('',#6879,0.0005);
#4542=CIRCLE('',#6880,0.0005);
#4543=CIRCLE('',#6881,0.0005);
#4544=CIRCLE('',#6882,0.0005);
#4545=CIRCLE('',#6885,0.0005);
#4546=CIRCLE('',#6888,0.0005);
#4547=CIRCLE('',#6890,0.0015);
#4548=CIRCLE('',#6892,0.0005);
#4549=CIRCLE('',#6893,0.0005);
#4550=CIRCLE('',#6896,0.000915914314055335);
#4551=CIRCLE('',#6897,0.00375);
#4552=CIRCLE('',#6898,0.000915914314055335);
#4553=CIRCLE('',#6899,0.00199999995529652);
#4554=CIRCLE('',#6900,0.0016);
#4555=CIRCLE('',#6901,0.0016);
#4556=CIRCLE('',#6902,0.006);
#4557=CIRCLE('',#6903,0.006);
#4558=CIRCLE('',#6905,0.000915914314055335);
#4559=CIRCLE('',#6906,0.00375);
#4560=CIRCLE('',#6907,0.000915914314055335);
#4561=CIRCLE('',#6908,0.00204561462145994);
#4562=CIRCLE('',#6909,0.0016);
#4563=CIRCLE('',#6910,0.0016);
#4564=CIRCLE('',#6911,0.006);
#4565=CIRCLE('',#6912,0.006);
#4566=CIRCLE('',#6921,0.00204561462145994);
#4567=CIRCLE('',#6924,0.00199999995529652);
#4568=CIRCLE('',#6930,0.01115);
#4569=CIRCLE('',#6932,0.01115);
#4570=CIRCLE('',#6934,0.01115);
#4571=CIRCLE('',#6936,0.01115);
#4572=CIRCLE('',#6938,0.01115);
#4573=CIRCLE('',#6939,0.01115);
#4574=CIRCLE('',#6951,0.00165);
#4575=CIRCLE('',#6952,0.0499599839871326);
#4576=CIRCLE('',#6953,0.0035);
#4577=CIRCLE('',#6954,0.0499599839871326);
#4578=CIRCLE('',#6955,0.0035);
#4579=CIRCLE('',#6956,0.0499599839871326);
#4580=CIRCLE('',#6957,0.0035);
#4581=CIRCLE('',#6958,0.0499599839871326);
#4582=CIRCLE('',#6959,0.0035);
#4583=CIRCLE('',#6960,0.00165);
#4584=CIRCLE('',#6961,0.00165);
#4585=CIRCLE('',#6962,0.00165);
#4586=CIRCLE('',#6963,0.0565685424949238);
#4587=CIRCLE('',#6965,0.003);
#4588=CIRCLE('',#6966,0.003);
#4589=CIRCLE('',#6968,0.003);
#4590=CIRCLE('',#6969,0.003);
#4591=CIRCLE('',#6971,0.003);
#4592=CIRCLE('',#6972,0.003);
#4593=CIRCLE('',#6974,0.003);
#4594=CIRCLE('',#6975,0.003);
#4595=CIRCLE('',#6977,0.0859999999999683);
#4596=CIRCLE('',#6978,0.0859999999999683);
#4597=CIRCLE('',#6979,0.0859999999999683);
#4598=CIRCLE('',#6980,0.0859999999999683);
#4599=CIRCLE('',#6982,0.09);
#4600=CIRCLE('',#6984,0.00165);
#4601=CIRCLE('',#6985,0.00165);
#4602=CIRCLE('',#6986,0.00165);
#4603=CIRCLE('',#6987,0.00165);
#4604=CIRCLE('',#6989,0.00165);
#4605=CIRCLE('',#6991,0.003);
#4606=CIRCLE('',#6994,0.00165);
#4607=CIRCLE('',#6996,0.003);
#4608=CIRCLE('',#6999,0.00165);
#4609=CIRCLE('',#7001,0.003);
#4610=CIRCLE('',#7004,0.00165);
#4611=CIRCLE('',#7006,0.003);
#4612=CIRCLE('',#7009,0.00165);
#4613=CIRCLE('',#7011,0.0035);
#4614=CIRCLE('',#7014,0.00165);
#4615=CIRCLE('',#7016,0.0035);
#4616=CIRCLE('',#7019,0.00165);
#4617=CIRCLE('',#7021,0.0035);
#4618=CIRCLE('',#7024,0.00165);
#4619=CIRCLE('',#7026,0.0035);
#4620=EDGE_LOOP('',(#1245));
#4621=EDGE_LOOP('',(#1246));
#4622=EDGE_LOOP('',(#1247));
#4623=EDGE_LOOP('',(#1248));
#4624=EDGE_LOOP('',(#1249));
#4625=EDGE_LOOP('',(#1250));
#4626=EDGE_LOOP('',(#1251));
#4627=EDGE_LOOP('',(#1252));
#4628=EDGE_LOOP('',(#1253));
#4629=EDGE_LOOP('',(#1254));
#4630=EDGE_LOOP('',(#1255));
#4631=EDGE_LOOP('',(#1256));
#4632=EDGE_LOOP('',(#1257));
#4633=EDGE_LOOP('',(#1258));
#4634=EDGE_LOOP('',(#1259));
#4635=EDGE_LOOP('',(#1260));
#4636=EDGE_LOOP('',(#1261));
#4637=EDGE_LOOP('',(#1262));
#4638=EDGE_LOOP('',(#1263));
#4639=EDGE_LOOP('',(#1264));
#4640=EDGE_LOOP('',(#1265));
#4641=EDGE_LOOP('',(#1266));
#4642=EDGE_LOOP('',(#1267));
#4643=EDGE_LOOP('',(#1268));
#4644=EDGE_LOOP('',(#1269));
#4645=EDGE_LOOP('',(#1270));
#4646=EDGE_LOOP('',(#1271));
#4647=EDGE_LOOP('',(#1272));
#4648=EDGE_LOOP('',(#1273));
#4649=EDGE_LOOP('',(#1274));
#4650=EDGE_LOOP('',(#1275));
#4651=EDGE_LOOP('',(#1276));
#4652=EDGE_LOOP('',(#1277,#1278,#1279));
#4653=EDGE_LOOP('',(#1280,#1281,#1282,#1283,#1284));
#4654=EDGE_LOOP('',(#1285,#1286,#1287,#1288,#1289));
#4655=EDGE_LOOP('',(#1290,#1291,#1292));
#4656=EDGE_LOOP('',(#1293,#1294,#1295,#1296,#1297));
#4657=EDGE_LOOP('',(#1298,#1299,#1300,#1301,#1302));
#4658=EDGE_LOOP('',(#1303,#1304,#1305,#1306));
#4659=EDGE_LOOP('',(#1307,#1308,#1309,#1310));
#4660=EDGE_LOOP('',(#1311));
#4661=EDGE_LOOP('',(#1312));
#4662=EDGE_LOOP('',(#1313));
#4663=EDGE_LOOP('',(#1314));
#4664=EDGE_LOOP('',(#1315));
#4665=EDGE_LOOP('',(#1316,#1317,#1318,#1319,#1320,#1321,#1322,#1323,#1324,
#1325,#1326,#1327));
#4666=EDGE_LOOP('',(#1328));
#4667=EDGE_LOOP('',(#1329));
#4668=EDGE_LOOP('',(#1330));
#4669=EDGE_LOOP('',(#1331));
#4670=EDGE_LOOP('',(#1332));
#4671=EDGE_LOOP('',(#1333,#1334,#1335,#1336,#1337,#1338,#1339,#1340,#1341,
#1342,#1343,#1344));
#4672=EDGE_LOOP('',(#1345));
#4673=EDGE_LOOP('',(#1346));
#4674=EDGE_LOOP('',(#1347,#1348,#1349,#1350,#1351,#1352,#1353,#1354,#1355));
#4675=EDGE_LOOP('',(#1356,#1357,#1358,#1359,#1360));
#4676=EDGE_LOOP('',(#1361));
#4677=EDGE_LOOP('',(#1362));
#4678=EDGE_LOOP('',(#1363,#1364,#1365,#1366,#1367,#1368,#1369,#1370,#1371));
#4679=EDGE_LOOP('',(#1372,#1373,#1374,#1375,#1376));
#4680=EDGE_LOOP('',(#1377,#1378,#1379,#1380,#1381,#1382));
#4681=EDGE_LOOP('',(#1383,#1384,#1385,#1386));
#4682=EDGE_LOOP('',(#1387,#1388,#1389,#1390,#1391));
#4683=EDGE_LOOP('',(#1392,#1393,#1394,#1395));
#4684=EDGE_LOOP('',(#1396,#1397,#1398,#1399));
#4685=EDGE_LOOP('',(#1400,#1401,#1402,#1403));
#4686=EDGE_LOOP('',(#1404,#1405,#1406,#1407));
#4687=EDGE_LOOP('',(#1408,#1409,#1410,#1411));
#4688=EDGE_LOOP('',(#1412,#1413,#1414,#1415));
#4689=EDGE_LOOP('',(#1416,#1417,#1418,#1419,#1420));
#4690=EDGE_LOOP('',(#1421,#1422,#1423));
#4691=EDGE_LOOP('',(#1424,#1425,#1426,#1427,#1428));
#4692=EDGE_LOOP('',(#1429,#1430,#1431));
#4693=EDGE_LOOP('',(#1432,#1433,#1434,#1435));
#4694=EDGE_LOOP('',(#1436));
#4695=EDGE_LOOP('',(#1437,#1438,#1439,#1440,#1441,#1442,#1443,#1444,#1445,
#1446,#1447));
#4696=EDGE_LOOP('',(#1448,#1449,#1450,#1451,#1452));
#4697=EDGE_LOOP('',(#1453,#1454,#1455,#1456,#1457));
#4698=EDGE_LOOP('',(#1458));
#4699=EDGE_LOOP('',(#1459));
#4700=EDGE_LOOP('',(#1460,#1461,#1462,#1463,#1464,#1465,#1466,#1467));
#4701=EDGE_LOOP('',(#1468));
#4702=EDGE_LOOP('',(#1469));
#4703=EDGE_LOOP('',(#1470,#1471,#1472,#1473,#1474,#1475,#1476,#1477));
#4704=EDGE_LOOP('',(#1478,#1479,#1480,#1481,#1482,#1483,#1484,#1485));
#4705=EDGE_LOOP('',(#1486));
#4706=EDGE_LOOP('',(#1487,#1488,#1489,#1490,#1491,#1492));
#4707=EDGE_LOOP('',(#1493,#1494,#1495));
#4708=EDGE_LOOP('',(#1496,#1497,#1498));
#4709=EDGE_LOOP('',(#1499,#1500,#1501,#1502));
#4710=EDGE_LOOP('',(#1503,#1504,#1505,#1506));
#4711=EDGE_LOOP('',(#1507,#1508,#1509,#1510));
#4712=EDGE_LOOP('',(#1511,#1512,#1513,#1514));
#4713=EDGE_LOOP('',(#1515));
#4714=EDGE_LOOP('',(#1516));
#4715=EDGE_LOOP('',(#1517));
#4716=EDGE_LOOP('',(#1518));
#4717=EDGE_LOOP('',(#1519));
#4718=EDGE_LOOP('',(#1520));
#4719=EDGE_LOOP('',(#1521));
#4720=EDGE_LOOP('',(#1522));
#4721=EDGE_LOOP('',(#1523));
#4722=EDGE_LOOP('',(#1524));
#4723=EDGE_LOOP('',(#1525,#1526,#1527,#1528,#1529,#1530,#1531,#1532));
#4724=EDGE_LOOP('',(#1533));
#4725=EDGE_LOOP('',(#1534));
#4726=EDGE_LOOP('',(#1535));
#4727=EDGE_LOOP('',(#1536));
#4728=EDGE_LOOP('',(#1537));
#4729=EDGE_LOOP('',(#1538,#1539,#1540,#1541));
#4730=EDGE_LOOP('',(#1542,#1543,#1544,#1545,#1546,#1547));
#4731=EDGE_LOOP('',(#1548,#1549,#1550,#1551,#1552,#1553));
#4732=EDGE_LOOP('',(#1554,#1555,#1556,#1557,#1558,#1559));
#4733=EDGE_LOOP('',(#1560,#1561,#1562,#1563,#1564,#1565));
#4734=EDGE_LOOP('',(#1566,#1567,#1568,#1569,#1570,#1571));
#4735=EDGE_LOOP('',(#1572,#1573,#1574,#1575));
#4736=EDGE_LOOP('',(#1576,#1577,#1578,#1579));
#4737=EDGE_LOOP('',(#1580));
#4738=EDGE_LOOP('',(#1581));
#4739=EDGE_LOOP('',(#1582));
#4740=EDGE_LOOP('',(#1583));
#4741=EDGE_LOOP('',(#1584));
#4742=EDGE_LOOP('',(#1585));
#4743=EDGE_LOOP('',(#1586));
#4744=EDGE_LOOP('',(#1587));
#4745=EDGE_LOOP('',(#1588));
#4746=EDGE_LOOP('',(#1589));
#4747=EDGE_LOOP('',(#1590,#1591,#1592,#1593,#1594,#1595,#1596,#1597));
#4748=EDGE_LOOP('',(#1598));
#4749=EDGE_LOOP('',(#1599));
#4750=EDGE_LOOP('',(#1600));
#4751=EDGE_LOOP('',(#1601));
#4752=EDGE_LOOP('',(#1602));
#4753=EDGE_LOOP('',(#1603,#1604,#1605,#1606));
#4754=EDGE_LOOP('',(#1607,#1608,#1609,#1610,#1611,#1612));
#4755=EDGE_LOOP('',(#1613,#1614,#1615,#1616,#1617,#1618));
#4756=EDGE_LOOP('',(#1619,#1620,#1621,#1622,#1623,#1624));
#4757=EDGE_LOOP('',(#1625,#1626,#1627,#1628,#1629,#1630));
#4758=EDGE_LOOP('',(#1631,#1632,#1633,#1634,#1635,#1636));
#4759=EDGE_LOOP('',(#1637,#1638,#1639,#1640));
#4760=EDGE_LOOP('',(#1641,#1642,#1643,#1644));
#4761=EDGE_LOOP('',(#1645,#1646,#1647,#1648));
#4762=EDGE_LOOP('',(#1649,#1650,#1651,#1652,#1653,#1654));
#4763=EDGE_LOOP('',(#1655));
#4764=EDGE_LOOP('',(#1656));
#4765=EDGE_LOOP('',(#1657));
#4766=EDGE_LOOP('',(#1658));
#4767=EDGE_LOOP('',(#1659));
#4768=EDGE_LOOP('',(#1660));
#4769=EDGE_LOOP('',(#1661,#1662,#1663,#1664,#1665,#1666,#1667,#1668,#1669,
#1670));
#4770=EDGE_LOOP('',(#1671,#1672,#1673,#1674,#1675,#1676,#1677,#1678,#1679,
#1680));
#4771=EDGE_LOOP('',(#1681,#1682,#1683,#1684,#1685,#1686,#1687,#1688,#1689,
#1690,#1691,#1692,#1693,#1694,#1695,#1696,#1697,#1698));
#4772=EDGE_LOOP('',(#1699,#1700,#1701,#1702));
#4773=EDGE_LOOP('',(#1703,#1704,#1705,#1706,#1707,#1708));
#4774=EDGE_LOOP('',(#1709,#1710,#1711,#1712,#1713,#1714));
#4775=EDGE_LOOP('',(#1715,#1716,#1717,#1718));
#4776=EDGE_LOOP('',(#1719,#1720,#1721,#1722));
#4777=EDGE_LOOP('',(#1723,#1724,#1725,#1726));
#4778=EDGE_LOOP('',(#1727,#1728,#1729,#1730));
#4779=EDGE_LOOP('',(#1731,#1732,#1733,#1734));
#4780=EDGE_LOOP('',(#1735,#1736,#1737,#1738,#1739,#1740,#1741,#1742,#1743,
#1744,#1745,#1746,#1747,#1748,#1749,#1750));
#4781=EDGE_LOOP('',(#1751));
#4782=EDGE_LOOP('',(#1752,#1753,#1754));
#4783=EDGE_LOOP('',(#1755,#1756,#1757));
#4784=EDGE_LOOP('',(#1758));
#4785=EDGE_LOOP('',(#1759));
#4786=EDGE_LOOP('',(#1760));
#4787=EDGE_LOOP('',(#1761));
#4788=EDGE_LOOP('',(#1762));
#4789=EDGE_LOOP('',(#1763));
#4790=EDGE_LOOP('',(#1764,#1765,#1766,#1767,#1768));
#4791=EDGE_LOOP('',(#1769,#1770,#1771,#1772,#1773,#1774));
#4792=EDGE_LOOP('',(#1775,#1776,#1777,#1778,#1779));
#4793=EDGE_LOOP('',(#1780,#1781,#1782,#1783));
#4794=EDGE_LOOP('',(#1784,#1785,#1786,#1787));
#4795=EDGE_LOOP('',(#1788,#1789,#1790,#1791,#1792,#1793));
#4796=EDGE_LOOP('',(#1794,#1795,#1796,#1797));
#4797=EDGE_LOOP('',(#1798,#1799,#1800,#1801,#1802));
#4798=EDGE_LOOP('',(#1803,#1804,#1805,#1806));
#4799=EDGE_LOOP('',(#1807,#1808,#1809,#1810));
#4800=EDGE_LOOP('',(#1811,#1812,#1813,#1814,#1815,#1816,#1817));
#4801=EDGE_LOOP('',(#1818,#1819,#1820,#1821));
#4802=EDGE_LOOP('',(#1822));
#4803=EDGE_LOOP('',(#1823,#1824,#1825,#1826,#1827,#1828,#1829,#1830,#1831,
#1832));
#4804=EDGE_LOOP('',(#1833));
#4805=EDGE_LOOP('',(#1834));
#4806=EDGE_LOOP('',(#1835,#1836,#1837,#1838,#1839,#1840,#1841,#1842,#1843,
#1844));
#4807=EDGE_LOOP('',(#1845,#1846,#1847,#1848,#1849,#1850,#1851,#1852,#1853,
#1854));
#4808=EDGE_LOOP('',(#1855));
#4809=EDGE_LOOP('',(#1856));
#4810=EDGE_LOOP('',(#1857));
#4811=EDGE_LOOP('',(#1858));
#4812=EDGE_LOOP('',(#1859));
#4813=EDGE_LOOP('',(#1860));
#4814=EDGE_LOOP('',(#1861));
#4815=EDGE_LOOP('',(#1862));
#4816=EDGE_LOOP('',(#1863));
#4817=EDGE_LOOP('',(#1864));
#4818=EDGE_LOOP('',(#1865,#1866,#1867,#1868,#1869,#1870));
#4819=EDGE_LOOP('',(#1871,#1872,#1873,#1874,#1875,#1876));
#4820=EDGE_LOOP('',(#1877));
#4821=EDGE_LOOP('',(#1878));
#4822=EDGE_LOOP('',(#1879));
#4823=EDGE_LOOP('',(#1880));
#4824=EDGE_LOOP('',(#1881));
#4825=EDGE_LOOP('',(#1882));
#4826=EDGE_LOOP('',(#1883));
#4827=EDGE_LOOP('',(#1884));
#4828=EDGE_LOOP('',(#1885));
#4829=EDGE_LOOP('',(#1886));
#4830=EDGE_LOOP('',(#1887,#1888,#1889,#1890,#1891,#1892,#1893,#1894));
#4831=EDGE_LOOP('',(#1895,#1896));
#4832=EDGE_LOOP('',(#1897,#1898));
#4833=EDGE_LOOP('',(#1899));
#4834=EDGE_LOOP('',(#1900,#1901));
#4835=EDGE_LOOP('',(#1902,#1903));
#4836=EDGE_LOOP('',(#1904));
#4837=EDGE_LOOP('',(#1905));
#4838=EDGE_LOOP('',(#1906,#1907,#1908,#1909,#1910,#1911,#1912,#1913));
#4839=EDGE_LOOP('',(#1914));
#4840=EDGE_LOOP('',(#1915));
#4841=EDGE_LOOP('',(#1916));
#4842=EDGE_LOOP('',(#1917));
#4843=EDGE_LOOP('',(#1918));
#4844=EDGE_LOOP('',(#1919,#1920));
#4845=EDGE_LOOP('',(#1921,#1922));
#4846=EDGE_LOOP('',(#1923,#1924));
#4847=EDGE_LOOP('',(#1925));
#4848=EDGE_LOOP('',(#1926));
#4849=EDGE_LOOP('',(#1927,#1928));
#4850=EDGE_LOOP('',(#1929));
#4851=EDGE_LOOP('',(#1930,#1931));
#4852=EDGE_LOOP('',(#1932,#1933));
#4853=EDGE_LOOP('',(#1934,#1935));
#4854=EDGE_LOOP('',(#1936));
#4855=EDGE_LOOP('',(#1937));
#4856=EDGE_LOOP('',(#1938,#1939));
#4857=EDGE_LOOP('',(#1940));
#4858=EDGE_LOOP('',(#1941,#1942));
#4859=EDGE_LOOP('',(#1943,#1944));
#4860=EDGE_LOOP('',(#1945,#1946));
#4861=EDGE_LOOP('',(#1947));
#4862=EDGE_LOOP('',(#1948));
#4863=EDGE_LOOP('',(#1949,#1950));
#4864=EDGE_LOOP('',(#1951));
#4865=EDGE_LOOP('',(#1952,#1953));
#4866=EDGE_LOOP('',(#1954,#1955));
#4867=EDGE_LOOP('',(#1956,#1957));
#4868=EDGE_LOOP('',(#1958));
#4869=EDGE_LOOP('',(#1959));
#4870=EDGE_LOOP('',(#1960,#1961));
#4871=EDGE_LOOP('',(#1962));
#4872=EDGE_LOOP('',(#1963,#1964,#1965,#1966));
#4873=EDGE_LOOP('',(#1967,#1968,#1969,#1970,#1971,#1972));
#4874=EDGE_LOOP('',(#1973,#1974,#1975,#1976));
#4875=EDGE_LOOP('',(#1977,#1978,#1979,#1980));
#4876=EDGE_LOOP('',(#1981,#1982,#1983,#1984));
#4877=EDGE_LOOP('',(#1985,#1986,#1987,#1988));
#4878=EDGE_LOOP('',(#1989,#1990,#1991,#1992));
#4879=EDGE_LOOP('',(#1993,#1994,#1995,#1996));
#4880=EDGE_LOOP('',(#1997,#1998,#1999,#2000));
#4881=EDGE_LOOP('',(#2001,#2002,#2003,#2004));
#4882=EDGE_LOOP('',(#2005,#2006,#2007,#2008));
#4883=EDGE_LOOP('',(#2009));
#4884=EDGE_LOOP('',(#2010,#2011,#2012,#2013));
#4885=EDGE_LOOP('',(#2014));
#4886=EDGE_LOOP('',(#2015,#2016));
#4887=EDGE_LOOP('',(#2017));
#4888=EDGE_LOOP('',(#2018));
#4889=EDGE_LOOP('',(#2019,#2020));
#4890=EDGE_LOOP('',(#2021,#2022,#2023,#2024));
#4891=EDGE_LOOP('',(#2025,#2026,#2027,#2028));
#4892=EDGE_LOOP('',(#2029,#2030,#2031,#2032));
#4893=EDGE_LOOP('',(#2033,#2034,#2035,#2036));
#4894=EDGE_LOOP('',(#2037,#2038,#2039,#2040,#2041,#2042));
#4895=EDGE_LOOP('',(#2043,#2044,#2045,#2046));
#4896=EDGE_LOOP('',(#2047,#2048,#2049,#2050));
#4897=EDGE_LOOP('',(#2051,#2052,#2053,#2054));
#4898=EDGE_LOOP('',(#2055,#2056,#2057,#2058));
#4899=EDGE_LOOP('',(#2059,#2060,#2061,#2062));
#4900=EDGE_LOOP('',(#2063,#2064,#2065,#2066,#2067,#2068));
#4901=EDGE_LOOP('',(#2069,#2070,#2071,#2072));
#4902=EDGE_LOOP('',(#2073,#2074,#2075,#2076,#2077,#2078));
#4903=EDGE_LOOP('',(#2079,#2080,#2081,#2082));
#4904=EDGE_LOOP('',(#2083,#2084,#2085,#2086,#2087));
#4905=EDGE_LOOP('',(#2088,#2089,#2090,#2091));
#4906=EDGE_LOOP('',(#2092,#2093,#2094,#2095,#2096));
#4907=EDGE_LOOP('',(#2097,#2098,#2099,#2100,#2101));
#4908=EDGE_LOOP('',(#2102,#2103,#2104,#2105,#2106));
#4909=EDGE_LOOP('',(#2107,#2108,#2109,#2110));
#4910=EDGE_LOOP('',(#2111,#2112,#2113,#2114));
#4911=EDGE_LOOP('',(#2115,#2116,#2117,#2118));
#4912=EDGE_LOOP('',(#2119));
#4913=EDGE_LOOP('',(#2120));
#4914=EDGE_LOOP('',(#2121));
#4915=EDGE_LOOP('',(#2122));
#4916=EDGE_LOOP('',(#2123));
#4917=EDGE_LOOP('',(#2124,#2125,#2126,#2127,#2128,#2129,#2130,#2131,#2132,
#2133,#2134,#2135,#2136,#2137,#2138,#2139));
#4918=EDGE_LOOP('',(#2140));
#4919=EDGE_LOOP('',(#2141));
#4920=EDGE_LOOP('',(#2142));
#4921=EDGE_LOOP('',(#2143));
#4922=EDGE_LOOP('',(#2144));
#4923=EDGE_LOOP('',(#2145,#2146));
#4924=EDGE_LOOP('',(#2147));
#4925=EDGE_LOOP('',(#2148,#2149));
#4926=EDGE_LOOP('',(#2150));
#4927=EDGE_LOOP('',(#2151));
#4928=EDGE_LOOP('',(#2152));
#4929=EDGE_LOOP('',(#2153));
#4930=EDGE_LOOP('',(#2154));
#4931=EDGE_LOOP('',(#2155));
#4932=EDGE_LOOP('',(#2156,#2157,#2158,#2159));
#4933=EDGE_LOOP('',(#2160,#2161,#2162,#2163));
#4934=EDGE_LOOP('',(#2164,#2165,#2166,#2167));
#4935=EDGE_LOOP('',(#2168,#2169,#2170,#2171));
#4936=EDGE_LOOP('',(#2172));
#4937=EDGE_LOOP('',(#2173));
#4938=EDGE_LOOP('',(#2174));
#4939=EDGE_LOOP('',(#2175,#2176));
#4940=EDGE_LOOP('',(#2177));
#4941=EDGE_LOOP('',(#2178,#2179));
#4942=EDGE_LOOP('',(#2180,#2181,#2182,#2183,#2184,#2185));
#4943=EDGE_LOOP('',(#2186,#2187,#2188,#2189,#2190,#2191));
#4944=EDGE_LOOP('',(#2192,#2193,#2194,#2195,#2196,#2197));
#4945=EDGE_LOOP('',(#2198,#2199,#2200,#2201,#2202,#2203));
#4946=EDGE_LOOP('',(#2204,#2205));
#4947=EDGE_LOOP('',(#2206));
#4948=EDGE_LOOP('',(#2207,#2208));
#4949=EDGE_LOOP('',(#2209));
#4950=EDGE_LOOP('',(#2210,#2211,#2212,#2213,#2214,#2215,#2216,#2217));
#4951=EDGE_LOOP('',(#2218,#2219,#2220,#2221,#2222,#2223,#2224,#2225));
#4952=EDGE_LOOP('',(#2226));
#4953=EDGE_LOOP('',(#2227,#2228,#2229,#2230,#2231,#2232,#2233,#2234,#2235,
#2236,#2237,#2238,#2239,#2240,#2241,#2242));
#4954=EDGE_LOOP('',(#2243));
#4955=EDGE_LOOP('',(#2244));
#4956=EDGE_LOOP('',(#2245));
#4957=EDGE_LOOP('',(#2246));
#4958=EDGE_LOOP('',(#2247,#2248));
#4959=EDGE_LOOP('',(#2249));
#4960=EDGE_LOOP('',(#2250,#2251));
#4961=EDGE_LOOP('',(#2252));
#4962=EDGE_LOOP('',(#2253));
#4963=EDGE_LOOP('',(#2254));
#4964=EDGE_LOOP('',(#2255));
#4965=EDGE_LOOP('',(#2256));
#4966=EDGE_LOOP('',(#2257));
#4967=EDGE_LOOP('',(#2258));
#4968=EDGE_LOOP('',(#2259));
#4969=EDGE_LOOP('',(#2260));
#4970=EDGE_LOOP('',(#2261,#2262,#2263,#2264));
#4971=EDGE_LOOP('',(#2265));
#4972=EDGE_LOOP('',(#2266,#2267));
#4973=EDGE_LOOP('',(#2268,#2269,#2270,#2271,#2272,#2273));
#4974=EDGE_LOOP('',(#2274));
#4975=EDGE_LOOP('',(#2275));
#4976=EDGE_LOOP('',(#2276,#2277,#2278,#2279));
#4977=EDGE_LOOP('',(#2280));
#4978=EDGE_LOOP('',(#2281,#2282));
#4979=EDGE_LOOP('',(#2283,#2284,#2285,#2286,#2287,#2288));
#4980=EDGE_LOOP('',(#2289));
#4981=EDGE_LOOP('',(#2290));
#4982=EDGE_LOOP('',(#2291,#2292,#2293,#2294));
#4983=EDGE_LOOP('',(#2295));
#4984=EDGE_LOOP('',(#2296,#2297));
#4985=EDGE_LOOP('',(#2298,#2299,#2300,#2301,#2302,#2303));
#4986=EDGE_LOOP('',(#2304));
#4987=EDGE_LOOP('',(#2305));
#4988=EDGE_LOOP('',(#2306,#2307,#2308,#2309));
#4989=EDGE_LOOP('',(#2310));
#4990=EDGE_LOOP('',(#2311,#2312));
#4991=EDGE_LOOP('',(#2313,#2314,#2315,#2316,#2317,#2318));
#4992=EDGE_LOOP('',(#2319));
#4993=EDGE_LOOP('',(#2320,#2321,#2322,#2323,#2324,#2325,#2326,#2327));
#4994=EDGE_LOOP('',(#2328,#2329));
#4995=EDGE_LOOP('',(#2330,#2331));
#4996=EDGE_LOOP('',(#2332));
#4997=EDGE_LOOP('',(#2333,#2334));
#4998=EDGE_LOOP('',(#2335,#2336));
#4999=EDGE_LOOP('',(#2337));
#5000=EDGE_LOOP('',(#2338));
#5001=EDGE_LOOP('',(#2339,#2340,#2341,#2342));
#5002=EDGE_LOOP('',(#2343));
#5003=EDGE_LOOP('',(#2344,#2345,#2346,#2347));
#5004=EDGE_LOOP('',(#2348,#2349,#2350,#2351));
#5005=EDGE_LOOP('',(#2352,#2353,#2354,#2355));
#5006=EDGE_LOOP('',(#2356,#2357,#2358,#2359));
#5007=EDGE_LOOP('',(#2360,#2361,#2362,#2363));
#5008=EDGE_LOOP('',(#2364));
#5009=EDGE_LOOP('',(#2365));
#5010=EDGE_LOOP('',(#2366,#2367,#2368,#2369,#2370,#2371,#2372,#2373));
#5011=EDGE_LOOP('',(#2374));
#5012=EDGE_LOOP('',(#2375));
#5013=EDGE_LOOP('',(#2376));
#5014=EDGE_LOOP('',(#2377));
#5015=EDGE_LOOP('',(#2378));
#5016=EDGE_LOOP('',(#2379,#2380));
#5017=EDGE_LOOP('',(#2381,#2382));
#5018=EDGE_LOOP('',(#2383,#2384));
#5019=EDGE_LOOP('',(#2385));
#5020=EDGE_LOOP('',(#2386));
#5021=EDGE_LOOP('',(#2387,#2388));
#5022=EDGE_LOOP('',(#2389));
#5023=EDGE_LOOP('',(#2390,#2391));
#5024=EDGE_LOOP('',(#2392,#2393));
#5025=EDGE_LOOP('',(#2394,#2395));
#5026=EDGE_LOOP('',(#2396));
#5027=EDGE_LOOP('',(#2397));
#5028=EDGE_LOOP('',(#2398,#2399));
#5029=EDGE_LOOP('',(#2400));
#5030=EDGE_LOOP('',(#2401,#2402));
#5031=EDGE_LOOP('',(#2403,#2404));
#5032=EDGE_LOOP('',(#2405,#2406));
#5033=EDGE_LOOP('',(#2407));
#5034=EDGE_LOOP('',(#2408));
#5035=EDGE_LOOP('',(#2409,#2410));
#5036=EDGE_LOOP('',(#2411));
#5037=EDGE_LOOP('',(#2412,#2413));
#5038=EDGE_LOOP('',(#2414,#2415));
#5039=EDGE_LOOP('',(#2416,#2417));
#5040=EDGE_LOOP('',(#2418));
#5041=EDGE_LOOP('',(#2419));
#5042=EDGE_LOOP('',(#2420,#2421));
#5043=EDGE_LOOP('',(#2422));
#5044=EDGE_LOOP('',(#2423,#2424,#2425,#2426));
#5045=EDGE_LOOP('',(#2427,#2428,#2429,#2430));
#5046=EDGE_LOOP('',(#2431,#2432,#2433,#2434));
#5047=EDGE_LOOP('',(#2435,#2436,#2437,#2438));
#5048=EDGE_LOOP('',(#2439,#2440,#2441,#2442));
#5049=EDGE_LOOP('',(#2443,#2444,#2445,#2446));
#5050=EDGE_LOOP('',(#2447,#2448,#2449,#2450));
#5051=EDGE_LOOP('',(#2451,#2452,#2453,#2454));
#5052=EDGE_LOOP('',(#2455,#2456,#2457,#2458));
#5053=EDGE_LOOP('',(#2459,#2460,#2461,#2462));
#5054=EDGE_LOOP('',(#2463,#2464,#2465,#2466));
#5055=EDGE_LOOP('',(#2467,#2468,#2469,#2470));
#5056=EDGE_LOOP('',(#2471,#2472,#2473,#2474));
#5057=EDGE_LOOP('',(#2475,#2476,#2477,#2478));
#5058=EDGE_LOOP('',(#2479,#2480,#2481,#2482));
#5059=EDGE_LOOP('',(#2483,#2484,#2485,#2486));
#5060=EDGE_LOOP('',(#2487));
#5061=EDGE_LOOP('',(#2488));
#5062=EDGE_LOOP('',(#2489));
#5063=EDGE_LOOP('',(#2490));
#5064=EDGE_LOOP('',(#2491,#2492,#2493,#2494));
#5065=EDGE_LOOP('',(#2495,#2496,#2497,#2498));
#5066=EDGE_LOOP('',(#2499,#2500,#2501,#2502));
#5067=EDGE_LOOP('',(#2503));
#5068=EDGE_LOOP('',(#2504));
#5069=EDGE_LOOP('',(#2505));
#5070=EDGE_LOOP('',(#2506,#2507,#2508,#2509,#2510,#2511,#2512,#2513));
#5071=EDGE_LOOP('',(#2514));
#5072=EDGE_LOOP('',(#2515,#2516,#2517,#2518,#2519,#2520,#2521,#2522));
#5073=EDGE_LOOP('',(#2523,#2524));
#5074=EDGE_LOOP('',(#2525,#2526));
#5075=EDGE_LOOP('',(#2527,#2528,#2529,#2530));
#5076=EDGE_LOOP('',(#2531,#2532,#2533,#2534));
#5077=EDGE_LOOP('',(#2535,#2536));
#5078=EDGE_LOOP('',(#2537,#2538));
#5079=EDGE_LOOP('',(#2539,#2540,#2541,#2542));
#5080=EDGE_LOOP('',(#2543));
#5081=EDGE_LOOP('',(#2544,#2545,#2546,#2547,#2548,#2549,#2550,#2551));
#5082=EDGE_LOOP('',(#2552,#2553,#2554,#2555));
#5083=EDGE_LOOP('',(#2556,#2557,#2558,#2559));
#5084=EDGE_LOOP('',(#2560,#2561,#2562,#2563));
#5085=EDGE_LOOP('',(#2564,#2565,#2566,#2567));
#5086=EDGE_LOOP('',(#2568));
#5087=EDGE_LOOP('',(#2569));
#5088=EDGE_LOOP('',(#2570));
#5089=EDGE_LOOP('',(#2571,#2572,#2573,#2574,#2575,#2576,#2577,#2578));
#5090=EDGE_LOOP('',(#2579,#2580,#2581,#2582));
#5091=EDGE_LOOP('',(#2583));
#5092=EDGE_LOOP('',(#2584));
#5093=EDGE_LOOP('',(#2585));
#5094=EDGE_LOOP('',(#2586));
#5095=EDGE_LOOP('',(#2587));
#5096=EDGE_LOOP('',(#2588));
#5097=EDGE_LOOP('',(#2589,#2590,#2591,#2592,#2593,#2594,#2595,#2596,#2597,
#2598));
#5098=EDGE_LOOP('',(#2599));
#5099=EDGE_LOOP('',(#2600));
#5100=EDGE_LOOP('',(#2601));
#5101=EDGE_LOOP('',(#2602));
#5102=EDGE_LOOP('',(#2603));
#5103=EDGE_LOOP('',(#2604));
#5104=EDGE_LOOP('',(#2605,#2606,#2607,#2608,#2609,#2610,#2611,#2612,#2613,
#2614));
#5105=EDGE_LOOP('',(#2615,#2616,#2617,#2618));
#5106=EDGE_LOOP('',(#2619,#2620,#2621,#2622));
#5107=EDGE_LOOP('',(#2623,#2624,#2625,#2626,#2627));
#5108=EDGE_LOOP('',(#2628,#2629,#2630,#2631,#2632));
#5109=EDGE_LOOP('',(#2633));
#5110=EDGE_LOOP('',(#2634));
#5111=EDGE_LOOP('',(#2635));
#5112=EDGE_LOOP('',(#2636));
#5113=EDGE_LOOP('',(#2637));
#5114=EDGE_LOOP('',(#2638));
#5115=EDGE_LOOP('',(#2639));
#5116=EDGE_LOOP('',(#2640));
#5117=EDGE_LOOP('',(#2641));
#5118=EDGE_LOOP('',(#2642));
#5119=EDGE_LOOP('',(#2643));
#5120=EDGE_LOOP('',(#2644));
#5121=EDGE_LOOP('',(#2645,#2646,#2647,#2648));
#5122=EDGE_LOOP('',(#2649,#2650,#2651,#2652));
#5123=EDGE_LOOP('',(#2653,#2654,#2655,#2656));
#5124=EDGE_LOOP('',(#2657,#2658,#2659,#2660));
#5125=EDGE_LOOP('',(#2661,#2662,#2663));
#5126=EDGE_LOOP('',(#2664,#2665,#2666));
#5127=EDGE_LOOP('',(#2667,#2668,#2669));
#5128=EDGE_LOOP('',(#2670,#2671,#2672));
#5129=EDGE_LOOP('',(#2673,#2674,#2675,#2676));
#5130=EDGE_LOOP('',(#2677,#2678,#2679,#2680,#2681));
#5131=EDGE_LOOP('',(#2682,#2683,#2684,#2685,#2686));
#5132=EDGE_LOOP('',(#2687));
#5133=EDGE_LOOP('',(#2688));
#5134=EDGE_LOOP('',(#2689));
#5135=EDGE_LOOP('',(#2690));
#5136=EDGE_LOOP('',(#2691));
#5137=EDGE_LOOP('',(#2692,#2693,#2694,#2695,#2696,#2697,#2698,#2699,#2700,
#2701,#2702,#2703,#2704,#2705,#2706,#2707));
#5138=EDGE_LOOP('',(#2708));
#5139=EDGE_LOOP('',(#2709));
#5140=EDGE_LOOP('',(#2710));
#5141=EDGE_LOOP('',(#2711));
#5142=EDGE_LOOP('',(#2712,#2713,#2714,#2715));
#5143=EDGE_LOOP('',(#2716,#2717,#2718,#2719));
#5144=EDGE_LOOP('',(#2720,#2721,#2722,#2723));
#5145=EDGE_LOOP('',(#2724,#2725,#2726,#2727));
#5146=EDGE_LOOP('',(#2728,#2729,#2730,#2731,#2732,#2733,#2734,#2735));
#5147=EDGE_LOOP('',(#2736,#2737,#2738,#2739,#2740,#2741,#2742,#2743));
#5148=EDGE_LOOP('',(#2744));
#5149=EDGE_LOOP('',(#2745));
#5150=EDGE_LOOP('',(#2746));
#5151=EDGE_LOOP('',(#2747));
#5152=EDGE_LOOP('',(#2748));
#5153=EDGE_LOOP('',(#2749));
#5154=EDGE_LOOP('',(#2750));
#5155=EDGE_LOOP('',(#2751,#2752,#2753,#2754,#2755,#2756,#2757,#2758,#2759,
#2760,#2761,#2762,#2763,#2764,#2765,#2766));
#5156=EDGE_LOOP('',(#2767));
#5157=EDGE_LOOP('',(#2768));
#5158=EDGE_LOOP('',(#2769));
#5159=EDGE_LOOP('',(#2770));
#5160=EDGE_LOOP('',(#2771));
#5161=EDGE_LOOP('',(#2772));
#5162=EDGE_LOOP('',(#2773,#2774,#2775,#2776,#2777,#2778));
#5163=EDGE_LOOP('',(#2779,#2780));
#5164=EDGE_LOOP('',(#2781));
#5165=EDGE_LOOP('',(#2782));
#5166=EDGE_LOOP('',(#2783,#2784));
#5167=EDGE_LOOP('',(#2785));
#5168=EDGE_LOOP('',(#2786));
#5169=EDGE_LOOP('',(#2787,#2788,#2789,#2790,#2791,#2792));
#5170=EDGE_LOOP('',(#2793,#2794));
#5171=EDGE_LOOP('',(#2795));
#5172=EDGE_LOOP('',(#2796));
#5173=EDGE_LOOP('',(#2797,#2798));
#5174=EDGE_LOOP('',(#2799));
#5175=EDGE_LOOP('',(#2800));
#5176=EDGE_LOOP('',(#2801,#2802,#2803,#2804,#2805,#2806));
#5177=EDGE_LOOP('',(#2807,#2808));
#5178=EDGE_LOOP('',(#2809));
#5179=EDGE_LOOP('',(#2810));
#5180=EDGE_LOOP('',(#2811,#2812));
#5181=EDGE_LOOP('',(#2813));
#5182=EDGE_LOOP('',(#2814));
#5183=EDGE_LOOP('',(#2815,#2816,#2817,#2818,#2819,#2820));
#5184=EDGE_LOOP('',(#2821,#2822));
#5185=EDGE_LOOP('',(#2823));
#5186=EDGE_LOOP('',(#2824));
#5187=EDGE_LOOP('',(#2825,#2826));
#5188=EDGE_LOOP('',(#2827));
#5189=EDGE_LOOP('',(#2828));
#5190=EDGE_LOOP('',(#2829,#2830,#2831,#2832));
#5191=EDGE_LOOP('',(#2833));
#5192=EDGE_LOOP('',(#2834,#2835));
#5193=EDGE_LOOP('',(#2836,#2837,#2838,#2839,#2840,#2841));
#5194=EDGE_LOOP('',(#2842));
#5195=EDGE_LOOP('',(#2843));
#5196=EDGE_LOOP('',(#2844,#2845,#2846,#2847));
#5197=EDGE_LOOP('',(#2848));
#5198=EDGE_LOOP('',(#2849,#2850));
#5199=EDGE_LOOP('',(#2851,#2852,#2853,#2854,#2855,#2856));
#5200=EDGE_LOOP('',(#2857));
#5201=EDGE_LOOP('',(#2858));
#5202=EDGE_LOOP('',(#2859,#2860,#2861,#2862));
#5203=EDGE_LOOP('',(#2863));
#5204=EDGE_LOOP('',(#2864,#2865));
#5205=EDGE_LOOP('',(#2866,#2867,#2868,#2869,#2870,#2871));
#5206=EDGE_LOOP('',(#2872));
#5207=EDGE_LOOP('',(#2873));
#5208=EDGE_LOOP('',(#2874,#2875,#2876,#2877));
#5209=EDGE_LOOP('',(#2878));
#5210=EDGE_LOOP('',(#2879,#2880));
#5211=EDGE_LOOP('',(#2881,#2882,#2883,#2884,#2885,#2886));
#5212=FACE_BOUND('',#4620,.T.);
#5213=FACE_BOUND('',#4621,.T.);
#5214=FACE_BOUND('',#4622,.T.);
#5215=FACE_BOUND('',#4623,.T.);
#5216=FACE_BOUND('',#4624,.T.);
#5217=FACE_BOUND('',#4625,.T.);
#5218=FACE_BOUND('',#4626,.T.);
#5219=FACE_BOUND('',#4627,.T.);
#5220=FACE_BOUND('',#4628,.T.);
#5221=FACE_BOUND('',#4629,.T.);
#5222=FACE_BOUND('',#4630,.T.);
#5223=FACE_BOUND('',#4631,.T.);
#5224=FACE_BOUND('',#4632,.T.);
#5225=FACE_BOUND('',#4633,.T.);
#5226=FACE_BOUND('',#4634,.T.);
#5227=FACE_BOUND('',#4635,.T.);
#5228=FACE_BOUND('',#4636,.T.);
#5229=FACE_BOUND('',#4637,.T.);
#5230=FACE_BOUND('',#4638,.T.);
#5231=FACE_BOUND('',#4639,.T.);
#5232=FACE_BOUND('',#4640,.T.);
#5233=FACE_BOUND('',#4641,.T.);
#5234=FACE_BOUND('',#4642,.T.);
#5235=FACE_BOUND('',#4643,.T.);
#5236=FACE_BOUND('',#4644,.T.);
#5237=FACE_BOUND('',#4645,.T.);
#5238=FACE_BOUND('',#4646,.T.);
#5239=FACE_BOUND('',#4647,.T.);
#5240=FACE_BOUND('',#4648,.T.);
#5241=FACE_BOUND('',#4649,.T.);
#5242=FACE_BOUND('',#4650,.T.);
#5243=FACE_BOUND('',#4651,.T.);
#5244=FACE_BOUND('',#4652,.T.);
#5245=FACE_BOUND('',#4653,.T.);
#5246=FACE_BOUND('',#4654,.T.);
#5247=FACE_BOUND('',#4655,.T.);
#5248=FACE_BOUND('',#4656,.T.);
#5249=FACE_BOUND('',#4657,.T.);
#5250=FACE_BOUND('',#4658,.T.);
#5251=FACE_BOUND('',#4659,.T.);
#5252=FACE_BOUND('',#4660,.T.);
#5253=FACE_BOUND('',#4661,.T.);
#5254=FACE_BOUND('',#4662,.T.);
#5255=FACE_BOUND('',#4663,.T.);
#5256=FACE_BOUND('',#4664,.T.);
#5257=FACE_BOUND('',#4665,.T.);
#5258=FACE_BOUND('',#4666,.T.);
#5259=FACE_BOUND('',#4667,.T.);
#5260=FACE_BOUND('',#4668,.T.);
#5261=FACE_BOUND('',#4669,.T.);
#5262=FACE_BOUND('',#4670,.T.);
#5263=FACE_BOUND('',#4671,.T.);
#5264=FACE_BOUND('',#4672,.T.);
#5265=FACE_BOUND('',#4673,.T.);
#5266=FACE_BOUND('',#4674,.T.);
#5267=FACE_BOUND('',#4675,.T.);
#5268=FACE_BOUND('',#4676,.T.);
#5269=FACE_BOUND('',#4677,.T.);
#5270=FACE_BOUND('',#4678,.T.);
#5271=FACE_BOUND('',#4679,.T.);
#5272=FACE_BOUND('',#4680,.T.);
#5273=FACE_BOUND('',#4681,.T.);
#5274=FACE_BOUND('',#4682,.T.);
#5275=FACE_BOUND('',#4683,.T.);
#5276=FACE_BOUND('',#4684,.T.);
#5277=FACE_BOUND('',#4685,.T.);
#5278=FACE_BOUND('',#4686,.T.);
#5279=FACE_BOUND('',#4687,.T.);
#5280=FACE_BOUND('',#4688,.T.);
#5281=FACE_BOUND('',#4689,.T.);
#5282=FACE_BOUND('',#4690,.T.);
#5283=FACE_BOUND('',#4691,.T.);
#5284=FACE_BOUND('',#4692,.T.);
#5285=FACE_BOUND('',#4693,.T.);
#5286=FACE_BOUND('',#4694,.T.);
#5287=FACE_BOUND('',#4695,.T.);
#5288=FACE_BOUND('',#4696,.T.);
#5289=FACE_BOUND('',#4697,.T.);
#5290=FACE_BOUND('',#4698,.T.);
#5291=FACE_BOUND('',#4699,.T.);
#5292=FACE_BOUND('',#4700,.T.);
#5293=FACE_BOUND('',#4701,.T.);
#5294=FACE_BOUND('',#4702,.T.);
#5295=FACE_BOUND('',#4703,.T.);
#5296=FACE_BOUND('',#4704,.T.);
#5297=FACE_BOUND('',#4705,.T.);
#5298=FACE_BOUND('',#4706,.T.);
#5299=FACE_BOUND('',#4707,.T.);
#5300=FACE_BOUND('',#4708,.T.);
#5301=FACE_BOUND('',#4709,.T.);
#5302=FACE_BOUND('',#4710,.T.);
#5303=FACE_BOUND('',#4711,.T.);
#5304=FACE_BOUND('',#4712,.T.);
#5305=FACE_BOUND('',#4713,.T.);
#5306=FACE_BOUND('',#4714,.T.);
#5307=FACE_BOUND('',#4715,.T.);
#5308=FACE_BOUND('',#4716,.T.);
#5309=FACE_BOUND('',#4717,.T.);
#5310=FACE_BOUND('',#4718,.T.);
#5311=FACE_BOUND('',#4719,.T.);
#5312=FACE_BOUND('',#4720,.T.);
#5313=FACE_BOUND('',#4721,.T.);
#5314=FACE_BOUND('',#4722,.T.);
#5315=FACE_BOUND('',#4723,.T.);
#5316=FACE_BOUND('',#4724,.T.);
#5317=FACE_BOUND('',#4725,.T.);
#5318=FACE_BOUND('',#4726,.T.);
#5319=FACE_BOUND('',#4727,.T.);
#5320=FACE_BOUND('',#4728,.T.);
#5321=FACE_BOUND('',#4729,.T.);
#5322=FACE_BOUND('',#4730,.T.);
#5323=FACE_BOUND('',#4731,.T.);
#5324=FACE_BOUND('',#4732,.T.);
#5325=FACE_BOUND('',#4733,.T.);
#5326=FACE_BOUND('',#4734,.T.);
#5327=FACE_BOUND('',#4735,.T.);
#5328=FACE_BOUND('',#4736,.T.);
#5329=FACE_BOUND('',#4737,.T.);
#5330=FACE_BOUND('',#4738,.T.);
#5331=FACE_BOUND('',#4739,.T.);
#5332=FACE_BOUND('',#4740,.T.);
#5333=FACE_BOUND('',#4741,.T.);
#5334=FACE_BOUND('',#4742,.T.);
#5335=FACE_BOUND('',#4743,.T.);
#5336=FACE_BOUND('',#4744,.T.);
#5337=FACE_BOUND('',#4745,.T.);
#5338=FACE_BOUND('',#4746,.T.);
#5339=FACE_BOUND('',#4747,.T.);
#5340=FACE_BOUND('',#4748,.T.);
#5341=FACE_BOUND('',#4749,.T.);
#5342=FACE_BOUND('',#4750,.T.);
#5343=FACE_BOUND('',#4751,.T.);
#5344=FACE_BOUND('',#4752,.T.);
#5345=FACE_BOUND('',#4753,.T.);
#5346=FACE_BOUND('',#4754,.T.);
#5347=FACE_BOUND('',#4755,.T.);
#5348=FACE_BOUND('',#4756,.T.);
#5349=FACE_BOUND('',#4757,.T.);
#5350=FACE_BOUND('',#4758,.T.);
#5351=FACE_BOUND('',#4759,.T.);
#5352=FACE_BOUND('',#4760,.T.);
#5353=FACE_BOUND('',#4761,.T.);
#5354=FACE_BOUND('',#4762,.T.);
#5355=FACE_BOUND('',#4763,.T.);
#5356=FACE_BOUND('',#4764,.T.);
#5357=FACE_BOUND('',#4765,.T.);
#5358=FACE_BOUND('',#4766,.T.);
#5359=FACE_BOUND('',#4767,.T.);
#5360=FACE_BOUND('',#4768,.T.);
#5361=FACE_BOUND('',#4769,.T.);
#5362=FACE_BOUND('',#4770,.T.);
#5363=FACE_BOUND('',#4771,.T.);
#5364=FACE_BOUND('',#4772,.T.);
#5365=FACE_BOUND('',#4773,.T.);
#5366=FACE_BOUND('',#4774,.T.);
#5367=FACE_BOUND('',#4775,.T.);
#5368=FACE_BOUND('',#4776,.T.);
#5369=FACE_BOUND('',#4777,.T.);
#5370=FACE_BOUND('',#4778,.T.);
#5371=FACE_BOUND('',#4779,.T.);
#5372=FACE_BOUND('',#4780,.T.);
#5373=FACE_BOUND('',#4781,.T.);
#5374=FACE_BOUND('',#4782,.T.);
#5375=FACE_BOUND('',#4783,.T.);
#5376=FACE_BOUND('',#4784,.T.);
#5377=FACE_BOUND('',#4785,.T.);
#5378=FACE_BOUND('',#4786,.T.);
#5379=FACE_BOUND('',#4787,.T.);
#5380=FACE_BOUND('',#4788,.T.);
#5381=FACE_BOUND('',#4789,.T.);
#5382=FACE_BOUND('',#4790,.T.);
#5383=FACE_BOUND('',#4791,.T.);
#5384=FACE_BOUND('',#4792,.T.);
#5385=FACE_BOUND('',#4793,.T.);
#5386=FACE_BOUND('',#4794,.T.);
#5387=FACE_BOUND('',#4795,.T.);
#5388=FACE_BOUND('',#4796,.T.);
#5389=FACE_BOUND('',#4797,.T.);
#5390=FACE_BOUND('',#4798,.T.);
#5391=FACE_BOUND('',#4799,.T.);
#5392=FACE_BOUND('',#4800,.T.);
#5393=FACE_BOUND('',#4801,.T.);
#5394=FACE_BOUND('',#4802,.T.);
#5395=FACE_BOUND('',#4803,.T.);
#5396=FACE_BOUND('',#4804,.T.);
#5397=FACE_BOUND('',#4805,.T.);
#5398=FACE_BOUND('',#4806,.T.);
#5399=FACE_BOUND('',#4807,.T.);
#5400=FACE_BOUND('',#4808,.T.);
#5401=FACE_BOUND('',#4809,.T.);
#5402=FACE_BOUND('',#4810,.T.);
#5403=FACE_BOUND('',#4811,.T.);
#5404=FACE_BOUND('',#4812,.T.);
#5405=FACE_BOUND('',#4813,.T.);
#5406=FACE_BOUND('',#4814,.T.);
#5407=FACE_BOUND('',#4815,.T.);
#5408=FACE_BOUND('',#4816,.T.);
#5409=FACE_BOUND('',#4817,.T.);
#5410=FACE_BOUND('',#4818,.T.);
#5411=FACE_BOUND('',#4819,.T.);
#5412=FACE_BOUND('',#4820,.T.);
#5413=FACE_BOUND('',#4821,.T.);
#5414=FACE_BOUND('',#4822,.T.);
#5415=FACE_BOUND('',#4823,.T.);
#5416=FACE_BOUND('',#4824,.T.);
#5417=FACE_BOUND('',#4825,.T.);
#5418=FACE_BOUND('',#4826,.T.);
#5419=FACE_BOUND('',#4827,.T.);
#5420=FACE_BOUND('',#4828,.T.);
#5421=FACE_BOUND('',#4829,.T.);
#5422=FACE_BOUND('',#4830,.T.);
#5423=FACE_BOUND('',#4831,.T.);
#5424=FACE_BOUND('',#4832,.T.);
#5425=FACE_BOUND('',#4833,.T.);
#5426=FACE_BOUND('',#4834,.T.);
#5427=FACE_BOUND('',#4835,.T.);
#5428=FACE_BOUND('',#4836,.T.);
#5429=FACE_BOUND('',#4837,.T.);
#5430=FACE_BOUND('',#4838,.T.);
#5431=FACE_BOUND('',#4839,.T.);
#5432=FACE_BOUND('',#4840,.T.);
#5433=FACE_BOUND('',#4841,.T.);
#5434=FACE_BOUND('',#4842,.T.);
#5435=FACE_BOUND('',#4843,.T.);
#5436=FACE_BOUND('',#4844,.T.);
#5437=FACE_BOUND('',#4845,.T.);
#5438=FACE_BOUND('',#4846,.T.);
#5439=FACE_BOUND('',#4847,.T.);
#5440=FACE_BOUND('',#4848,.T.);
#5441=FACE_BOUND('',#4849,.T.);
#5442=FACE_BOUND('',#4850,.T.);
#5443=FACE_BOUND('',#4851,.T.);
#5444=FACE_BOUND('',#4852,.T.);
#5445=FACE_BOUND('',#4853,.T.);
#5446=FACE_BOUND('',#4854,.T.);
#5447=FACE_BOUND('',#4855,.T.);
#5448=FACE_BOUND('',#4856,.T.);
#5449=FACE_BOUND('',#4857,.T.);
#5450=FACE_BOUND('',#4858,.T.);
#5451=FACE_BOUND('',#4859,.T.);
#5452=FACE_BOUND('',#4860,.T.);
#5453=FACE_BOUND('',#4861,.T.);
#5454=FACE_BOUND('',#4862,.T.);
#5455=FACE_BOUND('',#4863,.T.);
#5456=FACE_BOUND('',#4864,.T.);
#5457=FACE_BOUND('',#4865,.T.);
#5458=FACE_BOUND('',#4866,.T.);
#5459=FACE_BOUND('',#4867,.T.);
#5460=FACE_BOUND('',#4868,.T.);
#5461=FACE_BOUND('',#4869,.T.);
#5462=FACE_BOUND('',#4870,.T.);
#5463=FACE_BOUND('',#4871,.T.);
#5464=FACE_BOUND('',#4872,.T.);
#5465=FACE_BOUND('',#4873,.T.);
#5466=FACE_BOUND('',#4874,.T.);
#5467=FACE_BOUND('',#4875,.T.);
#5468=FACE_BOUND('',#4876,.T.);
#5469=FACE_BOUND('',#4877,.T.);
#5470=FACE_BOUND('',#4878,.T.);
#5471=FACE_BOUND('',#4879,.T.);
#5472=FACE_BOUND('',#4880,.T.);
#5473=FACE_BOUND('',#4881,.T.);
#5474=FACE_BOUND('',#4882,.T.);
#5475=FACE_BOUND('',#4883,.T.);
#5476=FACE_BOUND('',#4884,.T.);
#5477=FACE_BOUND('',#4885,.T.);
#5478=FACE_BOUND('',#4886,.T.);
#5479=FACE_BOUND('',#4887,.T.);
#5480=FACE_BOUND('',#4888,.T.);
#5481=FACE_BOUND('',#4889,.T.);
#5482=FACE_BOUND('',#4890,.T.);
#5483=FACE_BOUND('',#4891,.T.);
#5484=FACE_BOUND('',#4892,.T.);
#5485=FACE_BOUND('',#4893,.T.);
#5486=FACE_BOUND('',#4894,.T.);
#5487=FACE_BOUND('',#4895,.T.);
#5488=FACE_BOUND('',#4896,.T.);
#5489=FACE_BOUND('',#4897,.T.);
#5490=FACE_BOUND('',#4898,.T.);
#5491=FACE_BOUND('',#4899,.T.);
#5492=FACE_BOUND('',#4900,.T.);
#5493=FACE_BOUND('',#4901,.T.);
#5494=FACE_BOUND('',#4902,.T.);
#5495=FACE_BOUND('',#4903,.T.);
#5496=FACE_BOUND('',#4904,.T.);
#5497=FACE_BOUND('',#4905,.T.);
#5498=FACE_BOUND('',#4906,.T.);
#5499=FACE_BOUND('',#4907,.T.);
#5500=FACE_BOUND('',#4908,.T.);
#5501=FACE_BOUND('',#4909,.T.);
#5502=FACE_BOUND('',#4910,.T.);
#5503=FACE_BOUND('',#4911,.T.);
#5504=FACE_BOUND('',#4912,.T.);
#5505=FACE_BOUND('',#4913,.T.);
#5506=FACE_BOUND('',#4914,.T.);
#5507=FACE_BOUND('',#4915,.T.);
#5508=FACE_BOUND('',#4916,.T.);
#5509=FACE_BOUND('',#4917,.T.);
#5510=FACE_BOUND('',#4918,.T.);
#5511=FACE_BOUND('',#4919,.T.);
#5512=FACE_BOUND('',#4920,.T.);
#5513=FACE_BOUND('',#4921,.T.);
#5514=FACE_BOUND('',#4922,.T.);
#5515=FACE_BOUND('',#4923,.T.);
#5516=FACE_BOUND('',#4924,.T.);
#5517=FACE_BOUND('',#4925,.T.);
#5518=FACE_BOUND('',#4926,.T.);
#5519=FACE_BOUND('',#4927,.T.);
#5520=FACE_BOUND('',#4928,.T.);
#5521=FACE_BOUND('',#4929,.T.);
#5522=FACE_BOUND('',#4930,.T.);
#5523=FACE_BOUND('',#4931,.T.);
#5524=FACE_BOUND('',#4932,.T.);
#5525=FACE_BOUND('',#4933,.T.);
#5526=FACE_BOUND('',#4934,.T.);
#5527=FACE_BOUND('',#4935,.T.);
#5528=FACE_BOUND('',#4936,.T.);
#5529=FACE_BOUND('',#4937,.T.);
#5530=FACE_BOUND('',#4938,.T.);
#5531=FACE_BOUND('',#4939,.T.);
#5532=FACE_BOUND('',#4940,.T.);
#5533=FACE_BOUND('',#4941,.T.);
#5534=FACE_BOUND('',#4942,.T.);
#5535=FACE_BOUND('',#4943,.T.);
#5536=FACE_BOUND('',#4944,.T.);
#5537=FACE_BOUND('',#4945,.T.);
#5538=FACE_BOUND('',#4946,.T.);
#5539=FACE_BOUND('',#4947,.T.);
#5540=FACE_BOUND('',#4948,.T.);
#5541=FACE_BOUND('',#4949,.T.);
#5542=FACE_BOUND('',#4950,.T.);
#5543=FACE_BOUND('',#4951,.T.);
#5544=FACE_BOUND('',#4952,.T.);
#5545=FACE_BOUND('',#4953,.T.);
#5546=FACE_BOUND('',#4954,.T.);
#5547=FACE_BOUND('',#4955,.T.);
#5548=FACE_BOUND('',#4956,.T.);
#5549=FACE_BOUND('',#4957,.T.);
#5550=FACE_BOUND('',#4958,.T.);
#5551=FACE_BOUND('',#4959,.T.);
#5552=FACE_BOUND('',#4960,.T.);
#5553=FACE_BOUND('',#4961,.T.);
#5554=FACE_BOUND('',#4962,.T.);
#5555=FACE_BOUND('',#4963,.T.);
#5556=FACE_BOUND('',#4964,.T.);
#5557=FACE_BOUND('',#4965,.T.);
#5558=FACE_BOUND('',#4966,.T.);
#5559=FACE_BOUND('',#4967,.T.);
#5560=FACE_BOUND('',#4968,.T.);
#5561=FACE_BOUND('',#4969,.T.);
#5562=FACE_BOUND('',#4970,.T.);
#5563=FACE_BOUND('',#4971,.T.);
#5564=FACE_BOUND('',#4972,.T.);
#5565=FACE_BOUND('',#4973,.T.);
#5566=FACE_BOUND('',#4974,.T.);
#5567=FACE_BOUND('',#4975,.T.);
#5568=FACE_BOUND('',#4976,.T.);
#5569=FACE_BOUND('',#4977,.T.);
#5570=FACE_BOUND('',#4978,.T.);
#5571=FACE_BOUND('',#4979,.T.);
#5572=FACE_BOUND('',#4980,.T.);
#5573=FACE_BOUND('',#4981,.T.);
#5574=FACE_BOUND('',#4982,.T.);
#5575=FACE_BOUND('',#4983,.T.);
#5576=FACE_BOUND('',#4984,.T.);
#5577=FACE_BOUND('',#4985,.T.);
#5578=FACE_BOUND('',#4986,.T.);
#5579=FACE_BOUND('',#4987,.T.);
#5580=FACE_BOUND('',#4988,.T.);
#5581=FACE_BOUND('',#4989,.T.);
#5582=FACE_BOUND('',#4990,.T.);
#5583=FACE_BOUND('',#4991,.T.);
#5584=FACE_BOUND('',#4992,.T.);
#5585=FACE_BOUND('',#4993,.T.);
#5586=FACE_BOUND('',#4994,.T.);
#5587=FACE_BOUND('',#4995,.T.);
#5588=FACE_BOUND('',#4996,.T.);
#5589=FACE_BOUND('',#4997,.T.);
#5590=FACE_BOUND('',#4998,.T.);
#5591=FACE_BOUND('',#4999,.T.);
#5592=FACE_BOUND('',#5000,.T.);
#5593=FACE_BOUND('',#5001,.T.);
#5594=FACE_BOUND('',#5002,.T.);
#5595=FACE_BOUND('',#5003,.T.);
#5596=FACE_BOUND('',#5004,.T.);
#5597=FACE_BOUND('',#5005,.T.);
#5598=FACE_BOUND('',#5006,.T.);
#5599=FACE_BOUND('',#5007,.T.);
#5600=FACE_BOUND('',#5008,.T.);
#5601=FACE_BOUND('',#5009,.T.);
#5602=FACE_BOUND('',#5010,.T.);
#5603=FACE_BOUND('',#5011,.T.);
#5604=FACE_BOUND('',#5012,.T.);
#5605=FACE_BOUND('',#5013,.T.);
#5606=FACE_BOUND('',#5014,.T.);
#5607=FACE_BOUND('',#5015,.T.);
#5608=FACE_BOUND('',#5016,.T.);
#5609=FACE_BOUND('',#5017,.T.);
#5610=FACE_BOUND('',#5018,.T.);
#5611=FACE_BOUND('',#5019,.T.);
#5612=FACE_BOUND('',#5020,.T.);
#5613=FACE_BOUND('',#5021,.T.);
#5614=FACE_BOUND('',#5022,.T.);
#5615=FACE_BOUND('',#5023,.T.);
#5616=FACE_BOUND('',#5024,.T.);
#5617=FACE_BOUND('',#5025,.T.);
#5618=FACE_BOUND('',#5026,.T.);
#5619=FACE_BOUND('',#5027,.T.);
#5620=FACE_BOUND('',#5028,.T.);
#5621=FACE_BOUND('',#5029,.T.);
#5622=FACE_BOUND('',#5030,.T.);
#5623=FACE_BOUND('',#5031,.T.);
#5624=FACE_BOUND('',#5032,.T.);
#5625=FACE_BOUND('',#5033,.T.);
#5626=FACE_BOUND('',#5034,.T.);
#5627=FACE_BOUND('',#5035,.T.);
#5628=FACE_BOUND('',#5036,.T.);
#5629=FACE_BOUND('',#5037,.T.);
#5630=FACE_BOUND('',#5038,.T.);
#5631=FACE_BOUND('',#5039,.T.);
#5632=FACE_BOUND('',#5040,.T.);
#5633=FACE_BOUND('',#5041,.T.);
#5634=FACE_BOUND('',#5042,.T.);
#5635=FACE_BOUND('',#5043,.T.);
#5636=FACE_BOUND('',#5044,.T.);
#5637=FACE_BOUND('',#5045,.T.);
#5638=FACE_BOUND('',#5046,.T.);
#5639=FACE_BOUND('',#5047,.T.);
#5640=FACE_BOUND('',#5048,.T.);
#5641=FACE_BOUND('',#5049,.T.);
#5642=FACE_BOUND('',#5050,.T.);
#5643=FACE_BOUND('',#5051,.T.);
#5644=FACE_BOUND('',#5052,.T.);
#5645=FACE_BOUND('',#5053,.T.);
#5646=FACE_BOUND('',#5054,.T.);
#5647=FACE_BOUND('',#5055,.T.);
#5648=FACE_BOUND('',#5056,.T.);
#5649=FACE_BOUND('',#5057,.T.);
#5650=FACE_BOUND('',#5058,.T.);
#5651=FACE_BOUND('',#5059,.T.);
#5652=FACE_BOUND('',#5060,.T.);
#5653=FACE_BOUND('',#5061,.T.);
#5654=FACE_BOUND('',#5062,.T.);
#5655=FACE_BOUND('',#5063,.T.);
#5656=FACE_BOUND('',#5064,.T.);
#5657=FACE_BOUND('',#5065,.T.);
#5658=FACE_BOUND('',#5066,.T.);
#5659=FACE_BOUND('',#5067,.T.);
#5660=FACE_BOUND('',#5068,.T.);
#5661=FACE_BOUND('',#5069,.T.);
#5662=FACE_BOUND('',#5070,.T.);
#5663=FACE_BOUND('',#5071,.T.);
#5664=FACE_BOUND('',#5072,.T.);
#5665=FACE_BOUND('',#5073,.T.);
#5666=FACE_BOUND('',#5074,.T.);
#5667=FACE_BOUND('',#5075,.T.);
#5668=FACE_BOUND('',#5076,.T.);
#5669=FACE_BOUND('',#5077,.T.);
#5670=FACE_BOUND('',#5078,.T.);
#5671=FACE_BOUND('',#5079,.T.);
#5672=FACE_BOUND('',#5080,.T.);
#5673=FACE_BOUND('',#5081,.T.);
#5674=FACE_BOUND('',#5082,.T.);
#5675=FACE_BOUND('',#5083,.T.);
#5676=FACE_BOUND('',#5084,.T.);
#5677=FACE_BOUND('',#5085,.T.);
#5678=FACE_BOUND('',#5086,.T.);
#5679=FACE_BOUND('',#5087,.T.);
#5680=FACE_BOUND('',#5088,.T.);
#5681=FACE_BOUND('',#5089,.T.);
#5682=FACE_BOUND('',#5090,.T.);
#5683=FACE_BOUND('',#5091,.T.);
#5684=FACE_BOUND('',#5092,.T.);
#5685=FACE_BOUND('',#5093,.T.);
#5686=FACE_BOUND('',#5094,.T.);
#5687=FACE_BOUND('',#5095,.T.);
#5688=FACE_BOUND('',#5096,.T.);
#5689=FACE_BOUND('',#5097,.T.);
#5690=FACE_BOUND('',#5098,.T.);
#5691=FACE_BOUND('',#5099,.T.);
#5692=FACE_BOUND('',#5100,.T.);
#5693=FACE_BOUND('',#5101,.T.);
#5694=FACE_BOUND('',#5102,.T.);
#5695=FACE_BOUND('',#5103,.T.);
#5696=FACE_BOUND('',#5104,.T.);
#5697=FACE_BOUND('',#5105,.T.);
#5698=FACE_BOUND('',#5106,.T.);
#5699=FACE_BOUND('',#5107,.T.);
#5700=FACE_BOUND('',#5108,.T.);
#5701=FACE_BOUND('',#5109,.T.);
#5702=FACE_BOUND('',#5110,.T.);
#5703=FACE_BOUND('',#5111,.T.);
#5704=FACE_BOUND('',#5112,.T.);
#5705=FACE_BOUND('',#5113,.T.);
#5706=FACE_BOUND('',#5114,.T.);
#5707=FACE_BOUND('',#5115,.T.);
#5708=FACE_BOUND('',#5116,.T.);
#5709=FACE_BOUND('',#5117,.T.);
#5710=FACE_BOUND('',#5118,.T.);
#5711=FACE_BOUND('',#5119,.T.);
#5712=FACE_BOUND('',#5120,.T.);
#5713=FACE_BOUND('',#5121,.T.);
#5714=FACE_BOUND('',#5122,.T.);
#5715=FACE_BOUND('',#5123,.T.);
#5716=FACE_BOUND('',#5124,.T.);
#5717=FACE_BOUND('',#5125,.T.);
#5718=FACE_BOUND('',#5126,.T.);
#5719=FACE_BOUND('',#5127,.T.);
#5720=FACE_BOUND('',#5128,.T.);
#5721=FACE_BOUND('',#5129,.T.);
#5722=FACE_BOUND('',#5130,.T.);
#5723=FACE_BOUND('',#5131,.T.);
#5724=FACE_BOUND('',#5132,.T.);
#5725=FACE_BOUND('',#5133,.T.);
#5726=FACE_BOUND('',#5134,.T.);
#5727=FACE_BOUND('',#5135,.T.);
#5728=FACE_BOUND('',#5136,.T.);
#5729=FACE_BOUND('',#5137,.T.);
#5730=FACE_BOUND('',#5138,.T.);
#5731=FACE_BOUND('',#5139,.T.);
#5732=FACE_BOUND('',#5140,.T.);
#5733=FACE_BOUND('',#5141,.T.);
#5734=FACE_BOUND('',#5142,.T.);
#5735=FACE_BOUND('',#5143,.T.);
#5736=FACE_BOUND('',#5144,.T.);
#5737=FACE_BOUND('',#5145,.T.);
#5738=FACE_BOUND('',#5146,.T.);
#5739=FACE_BOUND('',#5147,.T.);
#5740=FACE_BOUND('',#5148,.T.);
#5741=FACE_BOUND('',#5149,.T.);
#5742=FACE_BOUND('',#5150,.T.);
#5743=FACE_BOUND('',#5151,.T.);
#5744=FACE_BOUND('',#5152,.T.);
#5745=FACE_BOUND('',#5153,.T.);
#5746=FACE_BOUND('',#5154,.T.);
#5747=FACE_BOUND('',#5155,.T.);
#5748=FACE_BOUND('',#5156,.T.);
#5749=FACE_BOUND('',#5157,.T.);
#5750=FACE_BOUND('',#5158,.T.);
#5751=FACE_BOUND('',#5159,.T.);
#5752=FACE_BOUND('',#5160,.T.);
#5753=FACE_BOUND('',#5161,.T.);
#5754=FACE_BOUND('',#5162,.T.);
#5755=FACE_BOUND('',#5163,.T.);
#5756=FACE_BOUND('',#5164,.T.);
#5757=FACE_BOUND('',#5165,.T.);
#5758=FACE_BOUND('',#5166,.T.);
#5759=FACE_BOUND('',#5167,.T.);
#5760=FACE_BOUND('',#5168,.T.);
#5761=FACE_BOUND('',#5169,.T.);
#5762=FACE_BOUND('',#5170,.T.);
#5763=FACE_BOUND('',#5171,.T.);
#5764=FACE_BOUND('',#5172,.T.);
#5765=FACE_BOUND('',#5173,.T.);
#5766=FACE_BOUND('',#5174,.T.);
#5767=FACE_BOUND('',#5175,.T.);
#5768=FACE_BOUND('',#5176,.T.);
#5769=FACE_BOUND('',#5177,.T.);
#5770=FACE_BOUND('',#5178,.T.);
#5771=FACE_BOUND('',#5179,.T.);
#5772=FACE_BOUND('',#5180,.T.);
#5773=FACE_BOUND('',#5181,.T.);
#5774=FACE_BOUND('',#5182,.T.);
#5775=FACE_BOUND('',#5183,.T.);
#5776=FACE_BOUND('',#5184,.T.);
#5777=FACE_BOUND('',#5185,.T.);
#5778=FACE_BOUND('',#5186,.T.);
#5779=FACE_BOUND('',#5187,.T.);
#5780=FACE_BOUND('',#5188,.T.);
#5781=FACE_BOUND('',#5189,.T.);
#5782=FACE_BOUND('',#5190,.T.);
#5783=FACE_BOUND('',#5191,.T.);
#5784=FACE_BOUND('',#5192,.T.);
#5785=FACE_BOUND('',#5193,.T.);
#5786=FACE_BOUND('',#5194,.T.);
#5787=FACE_BOUND('',#5195,.T.);
#5788=FACE_BOUND('',#5196,.T.);
#5789=FACE_BOUND('',#5197,.T.);
#5790=FACE_BOUND('',#5198,.T.);
#5791=FACE_BOUND('',#5199,.T.);
#5792=FACE_BOUND('',#5200,.T.);
#5793=FACE_BOUND('',#5201,.T.);
#5794=FACE_BOUND('',#5202,.T.);
#5795=FACE_BOUND('',#5203,.T.);
#5796=FACE_BOUND('',#5204,.T.);
#5797=FACE_BOUND('',#5205,.T.);
#5798=FACE_BOUND('',#5206,.T.);
#5799=FACE_BOUND('',#5207,.T.);
#5800=FACE_BOUND('',#5208,.T.);
#5801=FACE_BOUND('',#5209,.T.);
#5802=FACE_BOUND('',#5210,.T.);
#5803=FACE_BOUND('',#5211,.T.);
#5804=CONICAL_SURFACE('',#6310,0.0065,0.785397673205);
#5805=CONICAL_SURFACE('',#6319,0.009000000245096,0.785397673205);
#5806=CONICAL_SURFACE('',#6325,0.0065,0.785397673205);
#5807=CONICAL_SURFACE('',#6327,0.011,0.785398163397);
#5808=CONICAL_SURFACE('',#6333,0.009000000245096,0.785397673205);
#5809=CONICAL_SURFACE('',#6335,0.011,0.785398163397);
#5810=ADVANCED_FACE('',(#5212,#5213),#5804,.T.);
#5811=ADVANCED_FACE('',(#5214,#5215),#1077,.F.);
#5812=ADVANCED_FACE('',(#5216,#5217),#1078,.T.);
#5813=ADVANCED_FACE('',(#5218,#5219),#923,.F.);
#5814=ADVANCED_FACE('',(#5220,#5221),#5805,.F.);
#5815=ADVANCED_FACE('',(#5222,#5223),#1079,.F.);
#5816=ADVANCED_FACE('',(#5224,#5225),#1080,.F.);
#5817=ADVANCED_FACE('',(#5226,#5227),#5806,.T.);
#5818=ADVANCED_FACE('',(#5228,#5229),#5807,.T.);
#5819=ADVANCED_FACE('',(#5230,#5231),#1081,.F.);
#5820=ADVANCED_FACE('',(#5232,#5233),#924,.T.);
#5821=ADVANCED_FACE('',(#5234,#5235),#5808,.F.);
#5822=ADVANCED_FACE('',(#5236,#5237),#5809,.T.);
#5823=ADVANCED_FACE('',(#5238,#5239),#1082,.F.);
#5824=ADVANCED_FACE('',(#5240,#5241),#925,.F.);
#5825=ADVANCED_FACE('',(#5242,#5243),#926,.F.);
#5826=ADVANCED_FACE('',(#5244),#1083,.T.);
#5827=ADVANCED_FACE('',(#5245),#1084,.T.);
#5828=ADVANCED_FACE('',(#5246),#1085,.T.);
#5829=ADVANCED_FACE('',(#5247),#1086,.F.);
#5830=ADVANCED_FACE('',(#5248),#1087,.F.);
#5831=ADVANCED_FACE('',(#5249),#1088,.F.);
#5832=ADVANCED_FACE('',(#5250),#927,.F.);
#5833=ADVANCED_FACE('',(#5251),#928,.F.);
#5834=ADVANCED_FACE('',(#5252,#5253,#5254,#5255,#5256,#5257),#1089,.T.);
#5835=ADVANCED_FACE('',(#5258,#5259,#5260,#5261,#5262,#5263),#1090,.T.);
#5836=ADVANCED_FACE('',(#5264,#5265,#5266),#1091,.F.);
#5837=ADVANCED_FACE('',(#5267),#1092,.T.);
#5838=ADVANCED_FACE('',(#5268,#5269,#5270),#1093,.T.);
#5839=ADVANCED_FACE('',(#5271),#1094,.F.);
#5840=ADVANCED_FACE('',(#5272),#929,.F.);
#5841=ADVANCED_FACE('',(#5273),#930,.F.);
#5842=ADVANCED_FACE('',(#5274),#1095,.F.);
#5843=ADVANCED_FACE('',(#5275),#1096,.T.);
#5844=ADVANCED_FACE('',(#5276),#1097,.T.);
#5845=ADVANCED_FACE('',(#5277),#1098,.F.);
#5846=ADVANCED_FACE('',(#5278),#931,.T.);
#5847=ADVANCED_FACE('',(#5279),#932,.T.);
#5848=ADVANCED_FACE('',(#5280),#1099,.T.);
#5849=ADVANCED_FACE('',(#5281),#1100,.T.);
#5850=ADVANCED_FACE('',(#5282),#1101,.T.);
#5851=ADVANCED_FACE('',(#5283),#1102,.F.);
#5852=ADVANCED_FACE('',(#5284),#1103,.F.);
#5853=ADVANCED_FACE('',(#5285),#933,.F.);
#5854=ADVANCED_FACE('',(#5286,#5287),#934,.T.);
#5855=ADVANCED_FACE('',(#5288),#935,.T.);
#5856=ADVANCED_FACE('',(#5289),#936,.T.);
#5857=ADVANCED_FACE('',(#5290,#5291,#5292),#1104,.T.);
#5858=ADVANCED_FACE('',(#5293,#5294,#5295),#1105,.F.);
#5859=ADVANCED_FACE('',(#5296,#5297),#937,.F.);
#5860=ADVANCED_FACE('',(#5298),#938,.F.);
#5861=ADVANCED_FACE('',(#5299),#1106,.T.);
#5862=ADVANCED_FACE('',(#5300),#1107,.F.);
#5863=ADVANCED_FACE('',(#5301),#1108,.F.);
#5864=ADVANCED_FACE('',(#5302),#1109,.T.);
#5865=ADVANCED_FACE('',(#5303),#1110,.F.);
#5866=ADVANCED_FACE('',(#5304),#1111,.T.);
#5867=ADVANCED_FACE('',(#5305,#5306),#939,.F.);
#5868=ADVANCED_FACE('',(#5307,#5308),#940,.F.);
#5869=ADVANCED_FACE('',(#5309,#5310),#941,.F.);
#5870=ADVANCED_FACE('',(#5311,#5312),#942,.F.);
#5871=ADVANCED_FACE('',(#5313,#5314),#943,.F.);
#5872=ADVANCED_FACE('',(#5315,#5316,#5317,#5318,#5319,#5320),#1112,.F.);
#5873=ADVANCED_FACE('',(#5321),#1113,.T.);
#5874=ADVANCED_FACE('',(#5322),#1114,.F.);
#5875=ADVANCED_FACE('',(#5323),#1115,.T.);
#5876=ADVANCED_FACE('',(#5324),#1116,.F.);
#5877=ADVANCED_FACE('',(#5325),#1117,.T.);
#5878=ADVANCED_FACE('',(#5326),#1118,.F.);
#5879=ADVANCED_FACE('',(#5327),#1119,.F.);
#5880=ADVANCED_FACE('',(#5328),#1120,.T.);
#5881=ADVANCED_FACE('',(#5329,#5330),#944,.F.);
#5882=ADVANCED_FACE('',(#5331,#5332),#945,.F.);
#5883=ADVANCED_FACE('',(#5333,#5334),#946,.F.);
#5884=ADVANCED_FACE('',(#5335,#5336),#947,.F.);
#5885=ADVANCED_FACE('',(#5337,#5338),#948,.F.);
#5886=ADVANCED_FACE('',(#5339,#5340,#5341,#5342,#5343,#5344),#1121,.F.);
#5887=ADVANCED_FACE('',(#5345),#1122,.F.);
#5888=ADVANCED_FACE('',(#5346),#1123,.F.);
#5889=ADVANCED_FACE('',(#5347),#1124,.F.);
#5890=ADVANCED_FACE('',(#5348),#1125,.T.);
#5891=ADVANCED_FACE('',(#5349),#1126,.F.);
#5892=ADVANCED_FACE('',(#5350),#1127,.T.);
#5893=ADVANCED_FACE('',(#5351),#949,.T.);
#5894=ADVANCED_FACE('',(#5352),#950,.T.);
#5895=ADVANCED_FACE('',(#5353),#1128,.F.);
#5896=ADVANCED_FACE('',(#5354),#1129,.F.);
#5897=ADVANCED_FACE('',(#5355,#5356),#1130,.F.);
#5898=ADVANCED_FACE('',(#5357,#5358),#951,.F.);
#5899=ADVANCED_FACE('',(#5359,#5360),#1131,.T.);
#5900=ADVANCED_FACE('',(#5361),#1132,.T.);
#5901=ADVANCED_FACE('',(#5362),#1133,.F.);
#5902=ADVANCED_FACE('',(#5363),#1134,.F.);
#5903=ADVANCED_FACE('',(#5364,#5365),#1135,.T.);
#5904=ADVANCED_FACE('',(#5366,#5367),#1136,.F.);
#5905=ADVANCED_FACE('',(#5368),#1137,.T.);
#5906=ADVANCED_FACE('',(#5369),#1138,.F.);
#5907=ADVANCED_FACE('',(#5370),#1139,.F.);
#5908=ADVANCED_FACE('',(#5371),#1140,.T.);
#5909=ADVANCED_FACE('',(#5372,#5373),#952,.T.);
#5910=ADVANCED_FACE('',(#5374),#1141,.T.);
#5911=ADVANCED_FACE('',(#5375),#1142,.T.);
#5912=ADVANCED_FACE('',(#5376,#5377),#1143,.F.);
#5913=ADVANCED_FACE('',(#5378,#5379),#953,.F.);
#5914=ADVANCED_FACE('',(#5380,#5381),#1144,.F.);
#5915=ADVANCED_FACE('',(#5382),#1145,.F.);
#5916=ADVANCED_FACE('',(#5383),#33,.T.);
#5917=ADVANCED_FACE('',(#5384),#1146,.F.);
#5918=ADVANCED_FACE('',(#5385),#1147,.F.);
#5919=ADVANCED_FACE('',(#5386),#1148,.T.);
#5920=ADVANCED_FACE('',(#5387),#34,.T.);
#5921=ADVANCED_FACE('',(#5388),#1149,.T.);
#5922=ADVANCED_FACE('',(#5389),#1150,.T.);
#5923=ADVANCED_FACE('',(#5390),#1151,.T.);
#5924=ADVANCED_FACE('',(#5391),#1152,.F.);
#5925=ADVANCED_FACE('',(#5392),#1153,.F.);
#5926=ADVANCED_FACE('',(#5393),#1154,.T.);
#5927=ADVANCED_FACE('',(#5394,#5395),#954,.F.);
#5928=ADVANCED_FACE('',(#5396,#5397),#955,.F.);
#5929=ADVANCED_FACE('',(#5398,#5399,#5400,#5401),#956,.T.);
#5930=ADVANCED_FACE('',(#5402,#5403),#1155,.T.);
#5931=ADVANCED_FACE('',(#5404,#5405),#1156,.F.);
#5932=ADVANCED_FACE('',(#5406,#5407),#957,.F.);
#5933=ADVANCED_FACE('',(#5408,#5409),#1157,.T.);
#5934=ADVANCED_FACE('',(#5410),#1158,.T.);
#5935=ADVANCED_FACE('',(#5411),#1159,.F.);
#5936=ADVANCED_FACE('',(#5412,#5413),#958,.F.);
#5937=ADVANCED_FACE('',(#5414,#5415),#959,.F.);
#5938=ADVANCED_FACE('',(#5416),#1160,.F.);
#5939=ADVANCED_FACE('',(#5417,#5418),#960,.T.);
#5940=ADVANCED_FACE('',(#5419,#5420),#22,.T.);
#5941=ADVANCED_FACE('',(#5421,#5422),#13,.F.);
#5942=ADVANCED_FACE('',(#5423,#5424,#5425,#5426,#5427),#14,.T.);
#5943=ADVANCED_FACE('',(#5428,#5429),#23,.F.);
#5944=ADVANCED_FACE('',(#5430,#5431,#5432,#5433,#5434,#5435),#1161,.T.);
#5945=ADVANCED_FACE('',(#5436),#961,.F.);
#5946=ADVANCED_FACE('',(#5437),#962,.T.);
#5947=ADVANCED_FACE('',(#5438),#963,.T.);
#5948=ADVANCED_FACE('',(#5439,#5440),#964,.F.);
#5949=ADVANCED_FACE('',(#5441,#5442),#1162,.T.);
#5950=ADVANCED_FACE('',(#5443),#965,.F.);
#5951=ADVANCED_FACE('',(#5444),#966,.T.);
#5952=ADVANCED_FACE('',(#5445),#967,.T.);
#5953=ADVANCED_FACE('',(#5446,#5447),#968,.F.);
#5954=ADVANCED_FACE('',(#5448,#5449),#1163,.T.);
#5955=ADVANCED_FACE('',(#5450),#969,.F.);
#5956=ADVANCED_FACE('',(#5451),#970,.T.);
#5957=ADVANCED_FACE('',(#5452),#971,.T.);
#5958=ADVANCED_FACE('',(#5453,#5454),#972,.F.);
#5959=ADVANCED_FACE('',(#5455,#5456),#1164,.T.);
#5960=ADVANCED_FACE('',(#5457),#973,.F.);
#5961=ADVANCED_FACE('',(#5458),#974,.T.);
#5962=ADVANCED_FACE('',(#5459),#975,.T.);
#5963=ADVANCED_FACE('',(#5460,#5461),#976,.F.);
#5964=ADVANCED_FACE('',(#5462,#5463),#1165,.T.);
#5965=ADVANCED_FACE('',(#5464),#977,.T.);
#5966=ADVANCED_FACE('',(#5465),#1166,.F.);
#5967=ADVANCED_FACE('',(#5466),#978,.T.);
#5968=ADVANCED_FACE('',(#5467),#15,.T.);
#5969=ADVANCED_FACE('',(#5468),#24,.F.);
#5970=ADVANCED_FACE('',(#5469),#1167,.F.);
#5971=ADVANCED_FACE('',(#5470),#1168,.T.);
#5972=ADVANCED_FACE('',(#5471),#1169,.F.);
#5973=ADVANCED_FACE('',(#5472,#5473,#5474),#1170,.F.);
#5974=ADVANCED_FACE('',(#5475,#5476),#1171,.T.);
#5975=ADVANCED_FACE('',(#5477,#5478),#979,.T.);
#5976=ADVANCED_FACE('',(#5479),#1172,.F.);
#5977=ADVANCED_FACE('',(#5480,#5481),#980,.T.);
#5978=ADVANCED_FACE('',(#5482),#1173,.T.);
#5979=ADVANCED_FACE('',(#5483),#981,.F.);
#5980=ADVANCED_FACE('',(#5484),#982,.F.);
#5981=ADVANCED_FACE('',(#5485),#1174,.F.);
#5982=ADVANCED_FACE('',(#5486),#1175,.F.);
#5983=ADVANCED_FACE('',(#5487),#25,.F.);
#5984=ADVANCED_FACE('',(#5488),#1176,.F.);
#5985=ADVANCED_FACE('',(#5489),#1177,.T.);
#5986=ADVANCED_FACE('',(#5490),#1178,.F.);
#5987=ADVANCED_FACE('',(#5491),#1179,.F.);
#5988=ADVANCED_FACE('',(#5492),#11,.F.);
#5989=ADVANCED_FACE('',(#5493),#26,.F.);
#5990=ADVANCED_FACE('',(#5494),#12,.F.);
#5991=ADVANCED_FACE('',(#5495),#27,.F.);
#5992=ADVANCED_FACE('',(#5496),#983,.T.);
#5993=ADVANCED_FACE('',(#5497),#984,.T.);
#5994=ADVANCED_FACE('',(#5498),#985,.T.);
#5995=ADVANCED_FACE('',(#5499),#986,.T.);
#5996=ADVANCED_FACE('',(#5500),#987,.T.);
#5997=ADVANCED_FACE('',(#5501),#988,.T.);
#5998=ADVANCED_FACE('',(#5502),#989,.T.);
#5999=ADVANCED_FACE('',(#5503),#990,.T.);
#6000=ADVANCED_FACE('',(#5504,#5505),#28,.T.);
#6001=ADVANCED_FACE('',(#5506,#5507),#29,.T.);
#6002=ADVANCED_FACE('',(#5508,#5509,#5510,#5511,#5512,#5513),#1180,.F.);
#6003=ADVANCED_FACE('',(#5514,#5515),#1181,.F.);
#6004=ADVANCED_FACE('',(#5516,#5517),#1182,.F.);
#6005=ADVANCED_FACE('',(#5518,#5519),#991,.F.);
#6006=ADVANCED_FACE('',(#5520,#5521),#992,.F.);
#6007=ADVANCED_FACE('',(#5522,#5523),#993,.F.);
#6008=ADVANCED_FACE('',(#5524),#994,.T.);
#6009=ADVANCED_FACE('',(#5525),#995,.T.);
#6010=ADVANCED_FACE('',(#5526),#996,.T.);
#6011=ADVANCED_FACE('',(#5527),#997,.T.);
#6012=ADVANCED_FACE('',(#5528,#5529),#998,.F.);
#6013=ADVANCED_FACE('',(#5530,#5531),#1183,.F.);
#6014=ADVANCED_FACE('',(#5532,#5533),#1184,.F.);
#6015=ADVANCED_FACE('',(#5534),#35,.T.);
#6016=ADVANCED_FACE('',(#5535),#36,.T.);
#6017=ADVANCED_FACE('',(#5536),#37,.T.);
#6018=ADVANCED_FACE('',(#5537),#38,.T.);
#6019=ADVANCED_FACE('',(#5538,#5539),#999,.F.);
#6020=ADVANCED_FACE('',(#5540,#5541),#1000,.F.);
#6021=ADVANCED_FACE('',(#5542,#5543),#16,.F.);
#6022=ADVANCED_FACE('',(#5544,#5545,#5546,#5547,#5548,#5549),#1185,.T.);
#6023=ADVANCED_FACE('',(#5550,#5551),#1001,.F.);
#6024=ADVANCED_FACE('',(#5552,#5553),#1002,.F.);
#6025=ADVANCED_FACE('',(#5554,#5555,#5556,#5557,#5558,#5559),#17,.T.);
#6026=ADVANCED_FACE('',(#5560,#5561),#1003,.F.);
#6027=ADVANCED_FACE('',(#5562),#1004,.T.);
#6028=ADVANCED_FACE('',(#5563,#5564),#1186,.F.);
#6029=ADVANCED_FACE('',(#5565),#39,.T.);
#6030=ADVANCED_FACE('',(#5566,#5567),#1005,.F.);
#6031=ADVANCED_FACE('',(#5568),#1006,.T.);
#6032=ADVANCED_FACE('',(#5569,#5570),#1187,.F.);
#6033=ADVANCED_FACE('',(#5571),#40,.T.);
#6034=ADVANCED_FACE('',(#5572,#5573),#1007,.F.);
#6035=ADVANCED_FACE('',(#5574),#1008,.T.);
#6036=ADVANCED_FACE('',(#5575,#5576),#1188,.F.);
#6037=ADVANCED_FACE('',(#5577),#41,.T.);
#6038=ADVANCED_FACE('',(#5578,#5579),#1009,.F.);
#6039=ADVANCED_FACE('',(#5580),#1010,.T.);
#6040=ADVANCED_FACE('',(#5581,#5582),#1189,.F.);
#6041=ADVANCED_FACE('',(#5583),#42,.T.);
#6042=ADVANCED_FACE('',(#5584,#5585),#18,.F.);
#6043=ADVANCED_FACE('',(#5586,#5587,#5588,#5589,#5590),#19,.T.);
#6044=ADVANCED_FACE('',(#5591,#5592),#1011,.T.);
#6045=ADVANCED_FACE('',(#5593,#5594),#1190,.F.);
#6046=ADVANCED_FACE('',(#5595),#1012,.F.);
#6047=ADVANCED_FACE('',(#5596),#1191,.F.);
#6048=ADVANCED_FACE('',(#5597),#1013,.F.);
#6049=ADVANCED_FACE('',(#5598),#1192,.T.);
#6050=ADVANCED_FACE('',(#5599),#1193,.T.);
#6051=ADVANCED_FACE('',(#5600,#5601),#30,.F.);
#6052=ADVANCED_FACE('',(#5602,#5603,#5604,#5605,#5606,#5607),#1194,.T.);
#6053=ADVANCED_FACE('',(#5608),#1014,.F.);
#6054=ADVANCED_FACE('',(#5609),#1015,.T.);
#6055=ADVANCED_FACE('',(#5610),#1016,.T.);
#6056=ADVANCED_FACE('',(#5611,#5612),#1017,.F.);
#6057=ADVANCED_FACE('',(#5613,#5614),#1195,.T.);
#6058=ADVANCED_FACE('',(#5615),#1018,.F.);
#6059=ADVANCED_FACE('',(#5616),#1019,.T.);
#6060=ADVANCED_FACE('',(#5617),#1020,.T.);
#6061=ADVANCED_FACE('',(#5618,#5619),#1021,.F.);
#6062=ADVANCED_FACE('',(#5620,#5621),#1196,.T.);
#6063=ADVANCED_FACE('',(#5622),#1022,.F.);
#6064=ADVANCED_FACE('',(#5623),#1023,.T.);
#6065=ADVANCED_FACE('',(#5624),#1024,.T.);
#6066=ADVANCED_FACE('',(#5625,#5626),#1025,.F.);
#6067=ADVANCED_FACE('',(#5627,#5628),#1197,.T.);
#6068=ADVANCED_FACE('',(#5629),#1026,.F.);
#6069=ADVANCED_FACE('',(#5630),#1027,.T.);
#6070=ADVANCED_FACE('',(#5631),#1028,.T.);
#6071=ADVANCED_FACE('',(#5632,#5633),#1029,.F.);
#6072=ADVANCED_FACE('',(#5634,#5635),#1198,.T.);
#6073=ADVANCED_FACE('',(#5636),#1199,.F.);
#6074=ADVANCED_FACE('',(#5637),#1030,.T.);
#6075=ADVANCED_FACE('',(#5638),#1200,.T.);
#6076=ADVANCED_FACE('',(#5639,#5640),#1201,.T.);
#6077=ADVANCED_FACE('',(#5641),#1031,.T.);
#6078=ADVANCED_FACE('',(#5642),#1202,.T.);
#6079=ADVANCED_FACE('',(#5643),#1032,.T.);
#6080=ADVANCED_FACE('',(#5644),#31,.T.);
#6081=ADVANCED_FACE('',(#5645),#1033,.T.);
#6082=ADVANCED_FACE('',(#5646),#32,.T.);
#6083=ADVANCED_FACE('',(#5647),#1203,.T.);
#6084=ADVANCED_FACE('',(#5648),#1034,.T.);
#6085=ADVANCED_FACE('',(#5649),#1204,.T.);
#6086=ADVANCED_FACE('',(#5650),#1035,.T.);
#6087=ADVANCED_FACE('',(#5651),#1205,.T.);
#6088=ADVANCED_FACE('',(#5652,#5653),#1206,.F.);
#6089=ADVANCED_FACE('',(#5654,#5655),#1036,.T.);
#6090=ADVANCED_FACE('',(#5656),#1207,.T.);
#6091=ADVANCED_FACE('',(#5657),#1208,.F.);
#6092=ADVANCED_FACE('',(#5658),#1209,.F.);
#6093=ADVANCED_FACE('',(#5659,#5660),#1210,.T.);
#6094=ADVANCED_FACE('',(#5661,#5662),#1037,.T.);
#6095=ADVANCED_FACE('',(#5663,#5664),#1038,.T.);
#6096=ADVANCED_FACE('',(#5665),#1211,.T.);
#6097=ADVANCED_FACE('',(#5666),#1212,.T.);
#6098=ADVANCED_FACE('',(#5667),#1213,.F.);
#6099=ADVANCED_FACE('',(#5668),#1214,.F.);
#6100=ADVANCED_FACE('',(#5669),#1215,.F.);
#6101=ADVANCED_FACE('',(#5670),#1216,.F.);
#6102=ADVANCED_FACE('',(#5671),#1217,.F.);
#6103=ADVANCED_FACE('',(#5672,#5673),#1218,.F.);
#6104=ADVANCED_FACE('',(#5674),#1219,.T.);
#6105=ADVANCED_FACE('',(#5675),#1039,.T.);
#6106=ADVANCED_FACE('',(#5676),#1220,.T.);
#6107=ADVANCED_FACE('',(#5677),#1040,.T.);
#6108=ADVANCED_FACE('',(#5678,#5679),#1041,.F.);
#6109=ADVANCED_FACE('',(#5680,#5681),#1221,.T.);
#6110=ADVANCED_FACE('',(#5682),#1222,.T.);
#6111=ADVANCED_FACE('',(#5683,#5684,#5685,#5686,#5687,#5688,#5689),#1223,
 .F.);
#6112=ADVANCED_FACE('',(#5690,#5691,#5692,#5693,#5694,#5695,#5696),#1224,
 .T.);
#6113=ADVANCED_FACE('',(#5697),#1042,.T.);
#6114=ADVANCED_FACE('',(#5698),#1043,.T.);
#6115=ADVANCED_FACE('',(#5699),#1225,.T.);
#6116=ADVANCED_FACE('',(#5700),#1226,.T.);
#6117=ADVANCED_FACE('',(#5701,#5702),#1044,.F.);
#6118=ADVANCED_FACE('',(#5703,#5704),#1045,.F.);
#6119=ADVANCED_FACE('',(#5705,#5706),#1046,.F.);
#6120=ADVANCED_FACE('',(#5707),#1227,.T.);
#6121=ADVANCED_FACE('',(#5708,#5709),#1047,.T.);
#6122=ADVANCED_FACE('',(#5710),#1228,.T.);
#6123=ADVANCED_FACE('',(#5711,#5712),#1048,.T.);
#6124=ADVANCED_FACE('',(#5713),#1049,.F.);
#6125=ADVANCED_FACE('',(#5714,#5715),#1229,.T.);
#6126=ADVANCED_FACE('',(#5716),#1050,.F.);
#6127=ADVANCED_FACE('',(#5717),#1230,.T.);
#6128=ADVANCED_FACE('',(#5718),#1231,.T.);
#6129=ADVANCED_FACE('',(#5719),#1232,.T.);
#6130=ADVANCED_FACE('',(#5720),#1233,.T.);
#6131=ADVANCED_FACE('',(#5721),#1234,.T.);
#6132=ADVANCED_FACE('',(#5722),#1051,.T.);
#6133=ADVANCED_FACE('',(#5723),#1052,.T.);
#6134=ADVANCED_FACE('',(#5724,#5725),#1053,.F.);
#6135=ADVANCED_FACE('',(#5726,#5727),#1054,.F.);
#6136=ADVANCED_FACE('',(#5728,#5729,#5730,#5731,#5732,#5733),#1235,.F.);
#6137=ADVANCED_FACE('',(#5734),#1055,.T.);
#6138=ADVANCED_FACE('',(#5735),#1056,.T.);
#6139=ADVANCED_FACE('',(#5736),#1057,.T.);
#6140=ADVANCED_FACE('',(#5737),#1058,.T.);
#6141=ADVANCED_FACE('',(#5738,#5739),#20,.F.);
#6142=ADVANCED_FACE('',(#5740,#5741,#5742,#5743,#5744,#5745),#21,.T.);
#6143=ADVANCED_FACE('',(#5746,#5747,#5748,#5749,#5750,#5751),#1236,.T.);
#6144=ADVANCED_FACE('',(#5752,#5753),#1059,.F.);
#6145=ADVANCED_FACE('',(#5754),#43,.T.);
#6146=ADVANCED_FACE('',(#5755,#5756),#1060,.F.);
#6147=ADVANCED_FACE('',(#5757,#5758),#1237,.F.);
#6148=ADVANCED_FACE('',(#5759,#5760),#1061,.F.);
#6149=ADVANCED_FACE('',(#5761),#44,.T.);
#6150=ADVANCED_FACE('',(#5762,#5763),#1062,.F.);
#6151=ADVANCED_FACE('',(#5764,#5765),#1238,.F.);
#6152=ADVANCED_FACE('',(#5766,#5767),#1063,.F.);
#6153=ADVANCED_FACE('',(#5768),#45,.T.);
#6154=ADVANCED_FACE('',(#5769,#5770),#1064,.F.);
#6155=ADVANCED_FACE('',(#5771,#5772),#1239,.F.);
#6156=ADVANCED_FACE('',(#5773,#5774),#1065,.F.);
#6157=ADVANCED_FACE('',(#5775),#46,.T.);
#6158=ADVANCED_FACE('',(#5776,#5777),#1066,.F.);
#6159=ADVANCED_FACE('',(#5778,#5779),#1240,.F.);
#6160=ADVANCED_FACE('',(#5780,#5781),#1067,.F.);
#6161=ADVANCED_FACE('',(#5782),#1068,.T.);
#6162=ADVANCED_FACE('',(#5783,#5784),#1241,.F.);
#6163=ADVANCED_FACE('',(#5785),#47,.T.);
#6164=ADVANCED_FACE('',(#5786,#5787),#1069,.F.);
#6165=ADVANCED_FACE('',(#5788),#1070,.T.);
#6166=ADVANCED_FACE('',(#5789,#5790),#1242,.F.);
#6167=ADVANCED_FACE('',(#5791),#48,.T.);
#6168=ADVANCED_FACE('',(#5792,#5793),#1071,.F.);
#6169=ADVANCED_FACE('',(#5794),#1072,.T.);
#6170=ADVANCED_FACE('',(#5795,#5796),#1243,.F.);
#6171=ADVANCED_FACE('',(#5797),#49,.T.);
#6172=ADVANCED_FACE('',(#5798,#5799),#1073,.F.);
#6173=ADVANCED_FACE('',(#5800),#1074,.T.);
#6174=ADVANCED_FACE('',(#5801,#5802),#1244,.F.);
#6175=ADVANCED_FACE('',(#5803),#50,.T.);
#6176=CLOSED_SHELL('',(#5810,#5811,#5812,#5813,#5814,#5815,#5816,#5817,
#5818,#5819,#5820,#5821,#5822,#5823));
#6177=CLOSED_SHELL('',(#5824,#5825,#5826,#5827,#5828,#5829,#5830,#5831,
#5832,#5833,#5834,#5835,#5836,#5837,#5838,#5839,#5840,#5841,#5842,#5843,
#5844,#5845,#5846,#5847,#5848,#5849,#5850,#5851,#5852,#5853,#5854,#5855,
#5856,#5857,#5858,#5859,#5860,#5861,#5862,#5863,#5864,#5865,#5866,#5867,
#5868,#5869,#5870,#5871,#5872,#5873,#5874,#5875,#5876,#5877,#5878,#5879,
#5880,#5881,#5882,#5883,#5884,#5885,#5886,#5887,#5888,#5889,#5890,#5891,
#5892,#5893,#5894,#5895,#5896,#5897,#5898,#5899,#5900,#5901,#5902,#5903,
#5904,#5905,#5906,#5907,#5908,#5909,#5910,#5911,#5912,#5913,#5914,#5915,
#5916,#5917,#5918,#5919,#5920,#5921,#5922,#5923,#5924,#5925,#5926,#5927,
#5928,#5929,#5930,#5931,#5932,#5933,#5934,#5935,#5936,#5937));
#6178=CLOSED_SHELL('',(#5938,#5939,#5940,#5941,#5942,#5943,#5944,#5945,
#5946,#5947,#5948,#5949,#5950,#5951,#5952,#5953,#5954,#5955,#5956,#5957,
#5958,#5959,#5960,#5961,#5962,#5963,#5964));
#6179=CLOSED_SHELL('',(#5965,#5966,#5967,#5968,#5969,#5970,#5971,#5972,
#5973,#5974,#5975,#5976,#5977,#5978,#5979,#5980,#5981,#5982,#5983,#5984,
#5985,#5986,#5987,#5988,#5989,#5990,#5991,#5992,#5993,#5994,#5995,#5996,
#5997,#5998,#5999,#6000,#6001));
#6180=CLOSED_SHELL('',(#6002,#6003,#6004,#6005,#6006,#6007,#6008,#6009,
#6010,#6011,#6012,#6013,#6014,#6015,#6016,#6017,#6018,#6019,#6020,#6021,
#6022,#6023,#6024,#6025,#6026,#6027,#6028,#6029,#6030,#6031,#6032,#6033,
#6034,#6035,#6036,#6037,#6038,#6039,#6040,#6041));
#6181=CLOSED_SHELL('',(#6042,#6043,#6044,#6045,#6046,#6047,#6048,#6049,
#6050,#6051,#6052,#6053,#6054,#6055,#6056,#6057,#6058,#6059,#6060,#6061,
#6062,#6063,#6064,#6065,#6066,#6067,#6068,#6069,#6070,#6071,#6072));
#6182=CLOSED_SHELL('',(#6073,#6074,#6075,#6076,#6077,#6078,#6079,#6080,
#6081,#6082,#6083,#6084,#6085,#6086,#6087));
#6183=CLOSED_SHELL('',(#6088,#6089,#6090,#6091,#6092,#6093,#6094,#6095,
#6096,#6097,#6098,#6099,#6100,#6101,#6102));
#6184=CLOSED_SHELL('',(#6103,#6104,#6105,#6106,#6107,#6108,#6109,#6110,
#6111,#6112,#6113,#6114,#6115,#6116,#6117,#6118,#6119,#6120,#6121,#6122,
#6123,#6124,#6125,#6126,#6127,#6128,#6129,#6130,#6131,#6132,#6133,#6134,
#6135));
#6185=CLOSED_SHELL('',(#6136,#6137,#6138,#6139,#6140,#6141,#6142,#6143,
#6144,#6145,#6146,#6147,#6148,#6149,#6150,#6151,#6152,#6153,#6154,#6155,
#6156,#6157,#6158,#6159,#6160,#6161,#6162,#6163,#6164,#6165,#6166,#6167,
#6168,#6169,#6170,#6171,#6172,#6173,#6174,#6175));
#6186=STYLED_ITEM('',(#6196),#6273);
#6187=STYLED_ITEM('',(#6199),#6274);
#6188=STYLED_ITEM('',(#6200),#6275);
#6189=STYLED_ITEM('',(#6201),#6276);
#6190=STYLED_ITEM('',(#6202),#6277);
#6191=STYLED_ITEM('',(#6203),#6278);
#6192=STYLED_ITEM('',(#6204),#6279);
#6193=STYLED_ITEM('',(#6205),#6280);
#6194=STYLED_ITEM('',(#6206),#6281);
#6195=STYLED_ITEM('',(#6207),#6282);
#6196=PRESENTATION_STYLE_ASSIGNMENT((#6208));
#6197=PRESENTATION_STYLE_ASSIGNMENT((#6209));
#6198=PRESENTATION_STYLE_ASSIGNMENT((#6210));
#6199=PRESENTATION_STYLE_ASSIGNMENT((#6211));
#6200=PRESENTATION_STYLE_ASSIGNMENT((#6212));
#6201=PRESENTATION_STYLE_ASSIGNMENT((#6213));
#6202=PRESENTATION_STYLE_ASSIGNMENT((#6214));
#6203=PRESENTATION_STYLE_ASSIGNMENT((#6215));
#6204=PRESENTATION_STYLE_ASSIGNMENT((#6216));
#6205=PRESENTATION_STYLE_ASSIGNMENT((#6217));
#6206=PRESENTATION_STYLE_ASSIGNMENT((#6218));
#6207=PRESENTATION_STYLE_ASSIGNMENT((#6219));
#6208=SURFACE_STYLE_USAGE(.BOTH.,#6220);
#6209=SURFACE_STYLE_USAGE(.BOTH.,#6221);
#6210=SURFACE_STYLE_USAGE(.BOTH.,#6222);
#6211=SURFACE_STYLE_USAGE(.BOTH.,#6223);
#6212=SURFACE_STYLE_USAGE(.BOTH.,#6224);
#6213=SURFACE_STYLE_USAGE(.BOTH.,#6225);
#6214=SURFACE_STYLE_USAGE(.BOTH.,#6226);
#6215=SURFACE_STYLE_USAGE(.BOTH.,#6227);
#6216=SURFACE_STYLE_USAGE(.BOTH.,#6228);
#6217=SURFACE_STYLE_USAGE(.BOTH.,#6229);
#6218=SURFACE_STYLE_USAGE(.BOTH.,#6230);
#6219=SURFACE_STYLE_USAGE(.BOTH.,#6231);
#6220=SURFACE_SIDE_STYLE('',(#6232));
#6221=SURFACE_SIDE_STYLE('',(#6233));
#6222=SURFACE_SIDE_STYLE('',(#6234));
#6223=SURFACE_SIDE_STYLE('',(#6235));
#6224=SURFACE_SIDE_STYLE('',(#6236));
#6225=SURFACE_SIDE_STYLE('',(#6237));
#6226=SURFACE_SIDE_STYLE('',(#6238));
#6227=SURFACE_SIDE_STYLE('',(#6239));
#6228=SURFACE_SIDE_STYLE('',(#6240));
#6229=SURFACE_SIDE_STYLE('',(#6241));
#6230=SURFACE_SIDE_STYLE('',(#6242));
#6231=SURFACE_SIDE_STYLE('',(#6243));
#6232=SURFACE_STYLE_FILL_AREA(#6244);
#6233=SURFACE_STYLE_FILL_AREA(#6245);
#6234=SURFACE_STYLE_FILL_AREA(#6246);
#6235=SURFACE_STYLE_FILL_AREA(#6247);
#6236=SURFACE_STYLE_FILL_AREA(#6248);
#6237=SURFACE_STYLE_FILL_AREA(#6249);
#6238=SURFACE_STYLE_FILL_AREA(#6250);
#6239=SURFACE_STYLE_FILL_AREA(#6251);
#6240=SURFACE_STYLE_FILL_AREA(#6252);
#6241=SURFACE_STYLE_FILL_AREA(#6253);
#6242=SURFACE_STYLE_FILL_AREA(#6254);
#6243=SURFACE_STYLE_FILL_AREA(#6255);
#6244=FILL_AREA_STYLE('',(#6256));
#6245=FILL_AREA_STYLE('',(#6257));
#6246=FILL_AREA_STYLE('',(#6258));
#6247=FILL_AREA_STYLE('',(#6259));
#6248=FILL_AREA_STYLE('',(#6260));
#6249=FILL_AREA_STYLE('',(#6261));
#6250=FILL_AREA_STYLE('',(#6262));
#6251=FILL_AREA_STYLE('',(#6263));
#6252=FILL_AREA_STYLE('',(#6264));
#6253=FILL_AREA_STYLE('',(#6265));
#6254=FILL_AREA_STYLE('',(#6266));
#6255=FILL_AREA_STYLE('',(#6267));
#6256=FILL_AREA_STYLE_COLOUR('',#6268);
#6257=FILL_AREA_STYLE_COLOUR('',#6269);
#6258=FILL_AREA_STYLE_COLOUR('',#6269);
#6259=FILL_AREA_STYLE_COLOUR('',#6270);
#6260=FILL_AREA_STYLE_COLOUR('',#6270);
#6261=FILL_AREA_STYLE_COLOUR('',#6270);
#6262=FILL_AREA_STYLE_COLOUR('',#6270);
#6263=FILL_AREA_STYLE_COLOUR('',#6270);
#6264=FILL_AREA_STYLE_COLOUR('',#6271);
#6265=FILL_AREA_STYLE_COLOUR('',#6272);
#6266=FILL_AREA_STYLE_COLOUR('',#10);
#6267=FILL_AREA_STYLE_COLOUR('',#6270);
#6268=COLOUR_RGB('',0.8,0.8,0.8);
#6269=COLOUR_RGB('',0.0941176470588235,0.0941176470588235,0.0941176470588235);
#6270=COLOUR_RGB('',0.615686274509804,0.811764705882353,0.929411764705882);
#6271=COLOUR_RGB('',0.537254901960784,0.537254901960784,0.537254901960784);
#6272=COLOUR_RGB('',0.964705882352941,0.964705882352941,0.952941176470588);
#6273=MANIFOLD_SOLID_BREP('608ZZ_Ball_Bearing',#6176);
#6274=MANIFOLD_SOLID_BREP('Part 1',#6177);
#6275=MANIFOLD_SOLID_BREP('Part 1',#6178);
#6276=MANIFOLD_SOLID_BREP('Part 1',#6179);
#6277=MANIFOLD_SOLID_BREP('Part 2',#6180);
#6278=MANIFOLD_SOLID_BREP('Part 1',#6181);
#6279=MANIFOLD_SOLID_BREP('\X2\041C043E0442043E0440\X0\',#6182);
#6280=MANIFOLD_SOLID_BREP('\X2\04120430043B\X0\',#6183);
#6281=MANIFOLD_SOLID_BREP('\X2\041A043E0440043F04430441\X0\ (1)',#6184);
#6282=MANIFOLD_SOLID_BREP('Part 2',#6185);
#6283=SHAPE_DEFINITION_REPRESENTATION(#13754,#6296);
#6284=SHAPE_DEFINITION_REPRESENTATION(#13755,#6297);
#6285=SHAPE_DEFINITION_REPRESENTATION(#13757,#6298);
#6286=SHAPE_DEFINITION_REPRESENTATION(#13759,#6299);
#6287=SHAPE_DEFINITION_REPRESENTATION(#13761,#6300);
#6288=SHAPE_DEFINITION_REPRESENTATION(#13764,#6301);
#6289=SHAPE_DEFINITION_REPRESENTATION(#13766,#6302);
#6290=SHAPE_DEFINITION_REPRESENTATION(#13768,#6303);
#6291=SHAPE_DEFINITION_REPRESENTATION(#13769,#6304);
#6292=SHAPE_DEFINITION_REPRESENTATION(#13771,#6305);
#6293=SHAPE_DEFINITION_REPRESENTATION(#13773,#6306);
#6294=SHAPE_DEFINITION_REPRESENTATION(#13776,#6307);
#6295=SHAPE_DEFINITION_REPRESENTATION(#13781,#6308);
#6296=SHAPE_REPRESENTATION('RC Ball Prototype #1 Assembly',(#6309,#6338,
#6553,#6610,#6678,#6679,#6758,#6822,#6945,#6949,#7028),#13725);
#6297=SHAPE_REPRESENTATION('608ZZ_Ball_Bearing',(#6309),#13726);
#6298=SHAPE_REPRESENTATION('Part 1',(#6309),#13727);
#6299=SHAPE_REPRESENTATION('Part 1',(#6309),#13728);
#6300=SHAPE_REPRESENTATION('Part 1',(#6309),#13729);
#6301=SHAPE_REPRESENTATION('Part 2',(#6309),#13730);
#6302=SHAPE_REPRESENTATION('Part 1',(#6309),#13731);
#6303=SHAPE_REPRESENTATION('Swinging Motor <1>',(#6309,#6848,#6876,#6944),
#13732);
#6304=SHAPE_REPRESENTATION('?????',(#6309),#13733);
#6305=SHAPE_REPRESENTATION('???',(#6309),#13734);
#6306=SHAPE_REPRESENTATION('?????? (1)',(#6309),#13735);
#6307=SHAPE_REPRESENTATION('Central Motor <1>',(#6309,#6946,#6947,#6948),
#13736);
#6308=SHAPE_REPRESENTATION('Part 2',(#6309),#13737);
#6309=AXIS2_PLACEMENT_3D('',#8767,#7029,#7030);
#6310=AXIS2_PLACEMENT_3D('',#8768,#7031,#7032);
#6311=AXIS2_PLACEMENT_3D('',#8769,#7033,#7034);
#6312=AXIS2_PLACEMENT_3D('',#8771,#7035,#7036);
#6313=AXIS2_PLACEMENT_3D('',#8773,#7037,#7038);
#6314=AXIS2_PLACEMENT_3D('',#8774,#7039,#7040);
#6315=AXIS2_PLACEMENT_3D('',#8776,#7041,#7042);
#6316=AXIS2_PLACEMENT_3D('',#8777,#7043,#7044);
#6317=AXIS2_PLACEMENT_3D('',#8779,#7045,#7046);
#6318=AXIS2_PLACEMENT_3D('',#8780,#7047,#7048);
#6319=AXIS2_PLACEMENT_3D('',#8782,#7049,#7050);
#6320=AXIS2_PLACEMENT_3D('',#8783,#7051,#7052);
#6321=AXIS2_PLACEMENT_3D('',#8785,#7053,#7054);
#6322=AXIS2_PLACEMENT_3D('',#8786,#7055,#7056);
#6323=AXIS2_PLACEMENT_3D('',#8788,#7057,#7058);
#6324=AXIS2_PLACEMENT_3D('',#8789,#7059,#7060);
#6325=AXIS2_PLACEMENT_3D('',#8791,#7061,#7062);
#6326=AXIS2_PLACEMENT_3D('',#8792,#7063,#7064);
#6327=AXIS2_PLACEMENT_3D('',#8794,#7065,#7066);
#6328=AXIS2_PLACEMENT_3D('',#8795,#7067,#7068);
#6329=AXIS2_PLACEMENT_3D('',#8797,#7069,#7070);
#6330=AXIS2_PLACEMENT_3D('',#8798,#7071,#7072);
#6331=AXIS2_PLACEMENT_3D('',#8800,#7073,#7074);
#6332=AXIS2_PLACEMENT_3D('',#8801,#7075,#7076);
#6333=AXIS2_PLACEMENT_3D('',#8803,#7077,#7078);
#6334=AXIS2_PLACEMENT_3D('',#8804,#7079,#7080);
#6335=AXIS2_PLACEMENT_3D('',#8806,#7081,#7082);
#6336=AXIS2_PLACEMENT_3D('',#8807,#7083,#7084);
#6337=AXIS2_PLACEMENT_3D('',#8809,#7085,#7086);
#6338=AXIS2_PLACEMENT_3D('',#8810,#7087,#7088);
#6339=AXIS2_PLACEMENT_3D('',#8811,#7089,#7090);
#6340=AXIS2_PLACEMENT_3D('',#8812,#7091,#7092);
#6341=AXIS2_PLACEMENT_3D('',#8814,#7093,#7094);
#6342=AXIS2_PLACEMENT_3D('',#8816,#7095,#7096);
#6343=AXIS2_PLACEMENT_3D('',#8817,#7097,#7098);
#6344=AXIS2_PLACEMENT_3D('',#8819,#7099,#7100);
#6345=AXIS2_PLACEMENT_3D('',#8821,#7101,#7102);
#6346=AXIS2_PLACEMENT_3D('',#8827,#7105,#7106);
#6347=AXIS2_PLACEMENT_3D('',#8828,#7107,#7108);
#6348=AXIS2_PLACEMENT_3D('',#8832,#7110,#7111);
#6349=AXIS2_PLACEMENT_3D('',#8834,#7112,#7113);
#6350=AXIS2_PLACEMENT_3D('',#8839,#7116,#7117);
#6351=AXIS2_PLACEMENT_3D('',#8840,#7118,#7119);
#6352=AXIS2_PLACEMENT_3D('',#8843,#7120,#7121);
#6353=AXIS2_PLACEMENT_3D('',#8850,#7125,#7126);
#6354=AXIS2_PLACEMENT_3D('',#8851,#7127,#7128);
#6355=AXIS2_PLACEMENT_3D('',#8857,#7131,#7132);
#6356=AXIS2_PLACEMENT_3D('',#8858,#7133,#7134);
#6357=AXIS2_PLACEMENT_3D('',#8867,#7138,#7139);
#6358=AXIS2_PLACEMENT_3D('',#8868,#7140,#7141);
#6359=AXIS2_PLACEMENT_3D('',#8869,#7142,#7143);
#6360=AXIS2_PLACEMENT_3D('',#8872,#7144,#7145);
#6361=AXIS2_PLACEMENT_3D('',#8879,#7149,#7150);
#6362=AXIS2_PLACEMENT_3D('',#8882,#7153,#7154);
#6363=AXIS2_PLACEMENT_3D('',#8885,#7157,#7158);
#6364=AXIS2_PLACEMENT_3D('',#8886,#7159,#7160);
#6365=AXIS2_PLACEMENT_3D('',#8888,#7161,#7162);
#6366=AXIS2_PLACEMENT_3D('',#8890,#7163,#7164);
#6367=AXIS2_PLACEMENT_3D('',#8892,#7165,#7166);
#6368=AXIS2_PLACEMENT_3D('',#8894,#7167,#7168);
#6369=AXIS2_PLACEMENT_3D('',#8914,#7179,#7180);
#6370=AXIS2_PLACEMENT_3D('',#8915,#7181,#7182);
#6371=AXIS2_PLACEMENT_3D('',#8917,#7183,#7184);
#6372=AXIS2_PLACEMENT_3D('',#8919,#7185,#7186);
#6373=AXIS2_PLACEMENT_3D('',#8921,#7187,#7188);
#6374=AXIS2_PLACEMENT_3D('',#8923,#7189,#7190);
#6375=AXIS2_PLACEMENT_3D('',#8943,#7201,#7202);
#6376=AXIS2_PLACEMENT_3D('',#8944,#7203,#7204);
#6377=AXIS2_PLACEMENT_3D('',#8946,#7205,#7206);
#6378=AXIS2_PLACEMENT_3D('',#8960,#7210,#7211);
#6379=AXIS2_PLACEMENT_3D('',#8962,#7212,#7213);
#6380=AXIS2_PLACEMENT_3D('',#8968,#7216,#7217);
#6381=AXIS2_PLACEMENT_3D('',#8969,#7218,#7219);
#6382=AXIS2_PLACEMENT_3D('',#8970,#7220,#7221);
#6383=AXIS2_PLACEMENT_3D('',#8980,#7226,#7227);
#6384=AXIS2_PLACEMENT_3D('',#8981,#7228,#7229);
#6385=AXIS2_PLACEMENT_3D('',#8983,#7230,#7231);
#6386=AXIS2_PLACEMENT_3D('',#8990,#7234,#7235);
#6387=AXIS2_PLACEMENT_3D('',#8996,#7238,#7239);
#6388=AXIS2_PLACEMENT_3D('',#8998,#7240,#7241);
#6389=AXIS2_PLACEMENT_3D('',#9006,#7243,#7244);
#6390=AXIS2_PLACEMENT_3D('',#9010,#7246,#7247);
#6391=AXIS2_PLACEMENT_3D('',#9017,#7251,#7252);
#6392=AXIS2_PLACEMENT_3D('',#9025,#7253,#7254);
#6393=AXIS2_PLACEMENT_3D('',#9026,#7255,#7256);
#6394=AXIS2_PLACEMENT_3D('',#9027,#7257,#7258);
#6395=AXIS2_PLACEMENT_3D('',#9036,#7260,#7261);
#6396=AXIS2_PLACEMENT_3D('',#9037,#7262,#7263);
#6397=AXIS2_PLACEMENT_3D('',#9041,#7265,#7266);
#6398=AXIS2_PLACEMENT_3D('',#9044,#7268,#7269);
#6399=AXIS2_PLACEMENT_3D('',#9045,#7270,#7271);
#6400=AXIS2_PLACEMENT_3D('',#9049,#7273,#7274);
#6401=AXIS2_PLACEMENT_3D('',#9050,#7275,#7276);
#6402=AXIS2_PLACEMENT_3D('',#9061,#7279,#7280);
#6403=AXIS2_PLACEMENT_3D('',#9062,#7281,#7282);
#6404=AXIS2_PLACEMENT_3D('',#9063,#7283,#7284);
#6405=AXIS2_PLACEMENT_3D('',#9074,#7287,#7288);
#6406=AXIS2_PLACEMENT_3D('',#9080,#7290,#7291);
#6407=AXIS2_PLACEMENT_3D('',#9087,#7293,#7294);
#6408=AXIS2_PLACEMENT_3D('',#9096,#7299,#7300);
#6409=AXIS2_PLACEMENT_3D('',#9104,#7304,#7305);
#6410=AXIS2_PLACEMENT_3D('',#9107,#7307,#7308);
#6411=AXIS2_PLACEMENT_3D('',#9108,#7309,#7310);
#6412=AXIS2_PLACEMENT_3D('',#9114,#7313,#7314);
#6413=AXIS2_PLACEMENT_3D('',#9118,#7316,#7317);
#6414=AXIS2_PLACEMENT_3D('',#9125,#7321,#7322);
#6415=AXIS2_PLACEMENT_3D('',#9126,#7323,#7324);
#6416=AXIS2_PLACEMENT_3D('',#9132,#7327,#7328);
#6417=AXIS2_PLACEMENT_3D('',#9140,#7330,#7331);
#6418=AXIS2_PLACEMENT_3D('',#9141,#7332,#7333);
#6419=AXIS2_PLACEMENT_3D('',#9143,#7334,#7335);
#6420=AXIS2_PLACEMENT_3D('',#9154,#7337,#7338);
#6421=AXIS2_PLACEMENT_3D('',#9156,#7339,#7340);
#6422=AXIS2_PLACEMENT_3D('',#9157,#7341,#7342);
#6423=AXIS2_PLACEMENT_3D('',#9170,#7345,#7346);
#6424=AXIS2_PLACEMENT_3D('',#9172,#7348,#7349);
#6425=AXIS2_PLACEMENT_3D('',#9173,#7350,#7351);
#6426=AXIS2_PLACEMENT_3D('',#9174,#7352,#7353);
#6427=AXIS2_PLACEMENT_3D('',#9178,#7355,#7356);
#6428=AXIS2_PLACEMENT_3D('',#9180,#7357,#7358);
#6429=AXIS2_PLACEMENT_3D('',#9181,#7359,#7360);
#6430=AXIS2_PLACEMENT_3D('',#9186,#7363,#7364);
#6431=AXIS2_PLACEMENT_3D('',#9192,#7367,#7368);
#6432=AXIS2_PLACEMENT_3D('',#9195,#7370,#7371);
#6433=AXIS2_PLACEMENT_3D('',#9200,#7374,#7375);
#6434=AXIS2_PLACEMENT_3D('',#9206,#7378,#7379);
#6435=AXIS2_PLACEMENT_3D('',#9207,#7380,#7381);
#6436=AXIS2_PLACEMENT_3D('',#9208,#7382,#7383);
#6437=AXIS2_PLACEMENT_3D('',#9209,#7384,#7385);
#6438=AXIS2_PLACEMENT_3D('',#9216,#7386,#7387);
#6439=AXIS2_PLACEMENT_3D('',#9218,#7388,#7389);
#6440=AXIS2_PLACEMENT_3D('',#9219,#7390,#7391);
#6441=AXIS2_PLACEMENT_3D('',#9220,#7392,#7393);
#6442=AXIS2_PLACEMENT_3D('',#9221,#7394,#7395);
#6443=AXIS2_PLACEMENT_3D('',#9222,#7396,#7397);
#6444=AXIS2_PLACEMENT_3D('',#9228,#7400,#7401);
#6445=AXIS2_PLACEMENT_3D('',#9234,#7404,#7405);
#6446=AXIS2_PLACEMENT_3D('',#9235,#7406,#7407);
#6447=AXIS2_PLACEMENT_3D('',#9237,#7409,#7410);
#6448=AXIS2_PLACEMENT_3D('',#9239,#7412,#7413);
#6449=AXIS2_PLACEMENT_3D('',#9245,#7417,#7418);
#6450=AXIS2_PLACEMENT_3D('',#9251,#7422,#7423);
#6451=AXIS2_PLACEMENT_3D('',#9252,#7424,#7425);
#6452=AXIS2_PLACEMENT_3D('',#9254,#7426,#7427);
#6453=AXIS2_PLACEMENT_3D('',#9255,#7428,#7429);
#6454=AXIS2_PLACEMENT_3D('',#9257,#7430,#7431);
#6455=AXIS2_PLACEMENT_3D('',#9258,#7432,#7433);
#6456=AXIS2_PLACEMENT_3D('',#9260,#7434,#7435);
#6457=AXIS2_PLACEMENT_3D('',#9261,#7436,#7437);
#6458=AXIS2_PLACEMENT_3D('',#9263,#7438,#7439);
#6459=AXIS2_PLACEMENT_3D('',#9264,#7440,#7441);
#6460=AXIS2_PLACEMENT_3D('',#9266,#7442,#7443);
#6461=AXIS2_PLACEMENT_3D('',#9277,#7450,#7451);
#6462=AXIS2_PLACEMENT_3D('',#9278,#7452,#7453);
#6463=AXIS2_PLACEMENT_3D('',#9282,#7457,#7458);
#6464=AXIS2_PLACEMENT_3D('',#9284,#7460,#7461);
#6465=AXIS2_PLACEMENT_3D('',#9285,#7462,#7463);
#6466=AXIS2_PLACEMENT_3D('',#9287,#7465,#7466);
#6467=AXIS2_PLACEMENT_3D('',#9288,#7467,#7468);
#6468=AXIS2_PLACEMENT_3D('',#9289,#7469,#7470);
#6469=AXIS2_PLACEMENT_3D('',#9290,#7471,#7472);
#6470=AXIS2_PLACEMENT_3D('',#9296,#7476,#7477);
#6471=AXIS2_PLACEMENT_3D('',#9302,#7481,#7482);
#6472=AXIS2_PLACEMENT_3D('',#9303,#7483,#7484);
#6473=AXIS2_PLACEMENT_3D('',#9305,#7485,#7486);
#6474=AXIS2_PLACEMENT_3D('',#9306,#7487,#7488);
#6475=AXIS2_PLACEMENT_3D('',#9308,#7489,#7490);
#6476=AXIS2_PLACEMENT_3D('',#9309,#7491,#7492);
#6477=AXIS2_PLACEMENT_3D('',#9311,#7493,#7494);
#6478=AXIS2_PLACEMENT_3D('',#9312,#7495,#7496);
#6479=AXIS2_PLACEMENT_3D('',#9314,#7497,#7498);
#6480=AXIS2_PLACEMENT_3D('',#9315,#7499,#7500);
#6481=AXIS2_PLACEMENT_3D('',#9317,#7501,#7502);
#6482=AXIS2_PLACEMENT_3D('',#9328,#7509,#7510);
#6483=AXIS2_PLACEMENT_3D('',#9329,#7511,#7512);
#6484=AXIS2_PLACEMENT_3D('',#9333,#7516,#7517);
#6485=AXIS2_PLACEMENT_3D('',#9335,#7519,#7520);
#6486=AXIS2_PLACEMENT_3D('',#9336,#7521,#7522);
#6487=AXIS2_PLACEMENT_3D('',#9338,#7524,#7525);
#6488=AXIS2_PLACEMENT_3D('',#9339,#7526,#7527);
#6489=AXIS2_PLACEMENT_3D('',#9340,#7528,#7529);
#6490=AXIS2_PLACEMENT_3D('',#9341,#7530,#7531);
#6491=AXIS2_PLACEMENT_3D('',#9342,#7532,#7533);
#6492=AXIS2_PLACEMENT_3D('',#9343,#7534,#7535);
#6493=AXIS2_PLACEMENT_3D('',#9344,#7536,#7537);
#6494=AXIS2_PLACEMENT_3D('',#9347,#7540,#7541);
#6495=AXIS2_PLACEMENT_3D('',#9348,#7542,#7543);
#6496=AXIS2_PLACEMENT_3D('',#9350,#7544,#7545);
#6497=AXIS2_PLACEMENT_3D('',#9351,#7546,#7547);
#6498=AXIS2_PLACEMENT_3D('',#9353,#7548,#7549);
#6499=AXIS2_PLACEMENT_3D('',#9354,#7550,#7551);
#6500=AXIS2_PLACEMENT_3D('',#9368,#7559,#7560);
#6501=AXIS2_PLACEMENT_3D('',#9380,#7567,#7568);
#6502=AXIS2_PLACEMENT_3D('',#9385,#7572,#7573);
#6503=AXIS2_PLACEMENT_3D('',#9386,#7574,#7575);
#6504=AXIS2_PLACEMENT_3D('',#9390,#7578,#7579);
#6505=AXIS2_PLACEMENT_3D('',#9401,#7586,#7587);
#6506=AXIS2_PLACEMENT_3D('',#9412,#7594,#7595);
#6507=AXIS2_PLACEMENT_3D('',#9414,#7597,#7598);
#6508=AXIS2_PLACEMENT_3D('',#9416,#7600,#7601);
#6509=AXIS2_PLACEMENT_3D('',#9417,#7602,#7603);
#6510=AXIS2_PLACEMENT_3D('',#9420,#7606,#7607);
#6511=AXIS2_PLACEMENT_3D('',#9440,#7610,#7611);
#6512=AXIS2_PLACEMENT_3D('',#9442,#7612,#7613);
#6513=AXIS2_PLACEMENT_3D('',#9457,#7616,#7617);
#6514=AXIS2_PLACEMENT_3D('',#9459,#7618,#7619);
#6515=AXIS2_PLACEMENT_3D('',#9460,#7620,#7621);
#6516=AXIS2_PLACEMENT_3D('',#9462,#7622,#7623);
#6517=AXIS2_PLACEMENT_3D('',#9464,#7625,#7626);
#6518=AXIS2_PLACEMENT_3D('',#9466,#7628,#7629);
#6519=AXIS2_PLACEMENT_3D('',#9467,#7630,#7631);
#6520=AXIS2_PLACEMENT_3D('',#9469,#7632,#7633);
#6521=AXIS2_PLACEMENT_3D('',#9470,#7634,#7635);
#6522=AXIS2_PLACEMENT_3D('',#9472,#7636,#7637);
#6523=AXIS2_PLACEMENT_3D('',#9473,#7638,#7639);
#6524=AXIS2_PLACEMENT_3D('',#9475,#7640,#7641);
#6525=AXIS2_PLACEMENT_3D('',#9504,#7642,#7643);
#6526=AXIS2_PLACEMENT_3D('',#9505,#7644,#7645);
#6527=AXIS2_PLACEMENT_3D('',#9506,#7646,#7647);
#6528=AXIS2_PLACEMENT_3D('',#9507,#7648,#7649);
#6529=AXIS2_PLACEMENT_3D('',#9536,#7650,#7651);
#6530=AXIS2_PLACEMENT_3D('',#9538,#7653,#7654);
#6531=AXIS2_PLACEMENT_3D('',#9539,#7655,#7656);
#6532=AXIS2_PLACEMENT_3D('',#9540,#7657,#7658);
#6533=AXIS2_PLACEMENT_3D('',#9541,#7659,#7660);
#6534=AXIS2_PLACEMENT_3D('',#9542,#7661,#7662);
#6535=AXIS2_PLACEMENT_3D('',#9543,#7663,#7664);
#6536=AXIS2_PLACEMENT_3D('',#9544,#7665,#7666);
#6537=AXIS2_PLACEMENT_3D('',#9545,#7667,#7668);
#6538=AXIS2_PLACEMENT_3D('',#9546,#7669,#7670);
#6539=AXIS2_PLACEMENT_3D('',#9548,#7671,#7672);
#6540=AXIS2_PLACEMENT_3D('',#9550,#7673,#7674);
#6541=AXIS2_PLACEMENT_3D('',#9553,#7677,#7678);
#6542=AXIS2_PLACEMENT_3D('',#9555,#7679,#7680);
#6543=AXIS2_PLACEMENT_3D('',#9557,#7681,#7682);
#6544=AXIS2_PLACEMENT_3D('',#9558,#7683,#7684);
#6545=AXIS2_PLACEMENT_3D('',#9559,#7685,#7686);
#6546=AXIS2_PLACEMENT_3D('',#9561,#7687,#7688);
#6547=AXIS2_PLACEMENT_3D('',#9562,#7689,#7690);
#6548=AXIS2_PLACEMENT_3D('',#9564,#7691,#7692);
#6549=AXIS2_PLACEMENT_3D('',#9565,#7693,#7694);
#6550=AXIS2_PLACEMENT_3D('',#9566,#7695,#7696);
#6551=AXIS2_PLACEMENT_3D('',#9567,#7697,#7698);
#6552=AXIS2_PLACEMENT_3D('',#9568,#7699,#7700);
#6553=AXIS2_PLACEMENT_3D('',#9569,#7701,#7702);
#6554=AXIS2_PLACEMENT_3D('',#9570,#7703,#7704);
#6555=AXIS2_PLACEMENT_3D('',#9571,#7705,#7706);
#6556=AXIS2_PLACEMENT_3D('',#9573,#7707,#7708);
#6557=AXIS2_PLACEMENT_3D('',#9574,#7709,#7710);
#6558=AXIS2_PLACEMENT_3D('',#9576,#7711,#7712);
#6559=AXIS2_PLACEMENT_3D('',#9578,#7713,#7714);
#6560=AXIS2_PLACEMENT_3D('',#9579,#7715,#7716);
#6561=AXIS2_PLACEMENT_3D('',#9580,#7717,#7718);
#6562=AXIS2_PLACEMENT_3D('',#9582,#7719,#7720);
#6563=AXIS2_PLACEMENT_3D('',#9597,#7721,#7722);
#6564=AXIS2_PLACEMENT_3D('',#9611,#7723,#7724);
#6565=AXIS2_PLACEMENT_3D('',#9625,#7725,#7726);
#6566=AXIS2_PLACEMENT_3D('',#9638,#7727,#7728);
#6567=AXIS2_PLACEMENT_3D('',#9679,#7729,#7730);
#6568=AXIS2_PLACEMENT_3D('',#9721,#7731,#7732);
#6569=AXIS2_PLACEMENT_3D('',#9722,#7733,#7734);
#6570=AXIS2_PLACEMENT_3D('',#9723,#7735,#7736);
#6571=AXIS2_PLACEMENT_3D('',#9724,#7737,#7738);
#6572=AXIS2_PLACEMENT_3D('',#9725,#7739,#7740);
#6573=AXIS2_PLACEMENT_3D('',#9726,#7741,#7742);
#6574=AXIS2_PLACEMENT_3D('',#9727,#7743,#7744);
#6575=AXIS2_PLACEMENT_3D('',#9729,#7745,#7746);
#6576=AXIS2_PLACEMENT_3D('',#9731,#7747,#7748);
#6577=AXIS2_PLACEMENT_3D('',#9733,#7749,#7750);
#6578=AXIS2_PLACEMENT_3D('',#9735,#7751,#7752);
#6579=AXIS2_PLACEMENT_3D('',#9736,#7753,#7754);
#6580=AXIS2_PLACEMENT_3D('',#9737,#7755,#7756);
#6581=AXIS2_PLACEMENT_3D('',#9738,#7757,#7758);
#6582=AXIS2_PLACEMENT_3D('',#9739,#7759,#7760);
#6583=AXIS2_PLACEMENT_3D('',#9740,#7761,#7762);
#6584=AXIS2_PLACEMENT_3D('',#9741,#7763,#7764);
#6585=AXIS2_PLACEMENT_3D('',#9743,#7765,#7766);
#6586=AXIS2_PLACEMENT_3D('',#9744,#7767,#7768);
#6587=AXIS2_PLACEMENT_3D('',#9745,#7769,#7770);
#6588=AXIS2_PLACEMENT_3D('',#9746,#7771,#7772);
#6589=AXIS2_PLACEMENT_3D('',#9747,#7773,#7774);
#6590=AXIS2_PLACEMENT_3D('',#9748,#7775,#7776);
#6591=AXIS2_PLACEMENT_3D('',#9749,#7777,#7778);
#6592=AXIS2_PLACEMENT_3D('',#9750,#7779,#7780);
#6593=AXIS2_PLACEMENT_3D('',#9752,#7781,#7782);
#6594=AXIS2_PLACEMENT_3D('',#9753,#7783,#7784);
#6595=AXIS2_PLACEMENT_3D('',#9754,#7785,#7786);
#6596=AXIS2_PLACEMENT_3D('',#9755,#7787,#7788);
#6597=AXIS2_PLACEMENT_3D('',#9756,#7789,#7790);
#6598=AXIS2_PLACEMENT_3D('',#9757,#7791,#7792);
#6599=AXIS2_PLACEMENT_3D('',#9758,#7793,#7794);
#6600=AXIS2_PLACEMENT_3D('',#9759,#7795,#7796);
#6601=AXIS2_PLACEMENT_3D('',#9761,#7797,#7798);
#6602=AXIS2_PLACEMENT_3D('',#9762,#7799,#7800);
#6603=AXIS2_PLACEMENT_3D('',#9763,#7801,#7802);
#6604=AXIS2_PLACEMENT_3D('',#9764,#7803,#7804);
#6605=AXIS2_PLACEMENT_3D('',#9765,#7805,#7806);
#6606=AXIS2_PLACEMENT_3D('',#9766,#7807,#7808);
#6607=AXIS2_PLACEMENT_3D('',#9767,#7809,#7810);
#6608=AXIS2_PLACEMENT_3D('',#9768,#7811,#7812);
#6609=AXIS2_PLACEMENT_3D('',#9770,#7813,#7814);
#6610=AXIS2_PLACEMENT_3D('',#9771,#7815,#7816);
#6611=AXIS2_PLACEMENT_3D('',#9772,#7817,#7818);
#6612=AXIS2_PLACEMENT_3D('',#9773,#7819,#7820);
#6613=AXIS2_PLACEMENT_3D('',#9781,#7821,#7822);
#6614=AXIS2_PLACEMENT_3D('',#9787,#7823,#7824);
#6615=AXIS2_PLACEMENT_3D('',#9788,#7825,#7826);
#6616=AXIS2_PLACEMENT_3D('',#9793,#7828,#7829);
#6617=AXIS2_PLACEMENT_3D('',#9797,#7831,#7832);
#6618=AXIS2_PLACEMENT_3D('',#9800,#7834,#7835);
#6619=AXIS2_PLACEMENT_3D('',#9801,#7836,#7837);
#6620=AXIS2_PLACEMENT_3D('',#9809,#7838,#7839);
#6621=AXIS2_PLACEMENT_3D('',#9815,#7840,#7841);
#6622=AXIS2_PLACEMENT_3D('',#9816,#7842,#7843);
#6623=AXIS2_PLACEMENT_3D('',#9817,#7844,#7845);
#6624=AXIS2_PLACEMENT_3D('',#9818,#7846,#7847);
#6625=AXIS2_PLACEMENT_3D('',#9836,#7848,#7849);
#6626=AXIS2_PLACEMENT_3D('',#9854,#7850,#7851);
#6627=AXIS2_PLACEMENT_3D('',#9860,#7855,#7856);
#6628=AXIS2_PLACEMENT_3D('',#9862,#7858,#7859);
#6629=AXIS2_PLACEMENT_3D('',#9864,#7861,#7862);
#6630=AXIS2_PLACEMENT_3D('',#9927,#7871,#7872);
#6631=AXIS2_PLACEMENT_3D('',#9928,#7873,#7874);
#6632=AXIS2_PLACEMENT_3D('',#9930,#7875,#7876);
#6633=AXIS2_PLACEMENT_3D('',#9935,#7878,#7879);
#6634=AXIS2_PLACEMENT_3D('',#9938,#7881,#7882);
#6635=AXIS2_PLACEMENT_3D('',#9939,#7883,#7884);
#6636=AXIS2_PLACEMENT_3D('',#9953,#7885,#7886);
#6637=AXIS2_PLACEMENT_3D('',#9954,#7887,#7888);
#6638=AXIS2_PLACEMENT_3D('',#9955,#7889,#7890);
#6639=AXIS2_PLACEMENT_3D('',#9957,#7891,#7892);
#6640=AXIS2_PLACEMENT_3D('',#9958,#7893,#7894);
#6641=AXIS2_PLACEMENT_3D('',#9972,#7895,#7896);
#6642=AXIS2_PLACEMENT_3D('',#9973,#7897,#7898);
#6643=AXIS2_PLACEMENT_3D('',#9974,#7899,#7900);
#6644=AXIS2_PLACEMENT_3D('',#9979,#7902,#7903);
#6645=AXIS2_PLACEMENT_3D('',#9982,#7905,#7906);
#6646=AXIS2_PLACEMENT_3D('',#9985,#7909,#7910);
#6647=AXIS2_PLACEMENT_3D('',#9988,#7913,#7914);
#6648=AXIS2_PLACEMENT_3D('',#9989,#7915,#7916);
#6649=AXIS2_PLACEMENT_3D('',#9990,#7917,#7918);
#6650=AXIS2_PLACEMENT_3D('',#9995,#7920,#7921);
#6651=AXIS2_PLACEMENT_3D('',#9999,#7923,#7924);
#6652=AXIS2_PLACEMENT_3D('',#10002,#7926,#7927);
#6653=AXIS2_PLACEMENT_3D('',#10037,#7928,#7929);
#6654=AXIS2_PLACEMENT_3D('',#10038,#7930,#7931);
#6655=AXIS2_PLACEMENT_3D('',#10044,#7935,#7936);
#6656=AXIS2_PLACEMENT_3D('',#10046,#7938,#7939);
#6657=AXIS2_PLACEMENT_3D('',#10048,#7941,#7942);
#6658=AXIS2_PLACEMENT_3D('',#10082,#7943,#7944);
#6659=AXIS2_PLACEMENT_3D('',#10083,#7945,#7946);
#6660=AXIS2_PLACEMENT_3D('',#10084,#7947,#7948);
#6661=AXIS2_PLACEMENT_3D('',#10118,#7949,#7950);
#6662=AXIS2_PLACEMENT_3D('',#10119,#7951,#7952);
#6663=AXIS2_PLACEMENT_3D('',#10120,#7953,#7954);
#6664=AXIS2_PLACEMENT_3D('',#10121,#7955,#7956);
#6665=AXIS2_PLACEMENT_3D('',#10122,#7957,#7958);
#6666=AXIS2_PLACEMENT_3D('',#10128,#7959,#7960);
#6667=AXIS2_PLACEMENT_3D('',#10129,#7961,#7962);
#6668=AXIS2_PLACEMENT_3D('',#10130,#7963,#7964);
#6669=AXIS2_PLACEMENT_3D('',#10136,#7965,#7966);
#6670=AXIS2_PLACEMENT_3D('',#10137,#7967,#7968);
#6671=AXIS2_PLACEMENT_3D('',#10143,#7969,#7970);
#6672=AXIS2_PLACEMENT_3D('',#10149,#7971,#7972);
#6673=AXIS2_PLACEMENT_3D('',#10150,#7973,#7974);
#6674=AXIS2_PLACEMENT_3D('',#10151,#7975,#7976);
#6675=AXIS2_PLACEMENT_3D('',#10152,#7977,#7978);
#6676=AXIS2_PLACEMENT_3D('',#10153,#7979,#7980);
#6677=AXIS2_PLACEMENT_3D('',#10154,#7981,#7982);
#6678=AXIS2_PLACEMENT_3D('',#10155,#7983,#7984);
#6679=AXIS2_PLACEMENT_3D('',#10156,#7985,#7986);
#6680=AXIS2_PLACEMENT_3D('',#10157,#7987,#7988);
#6681=AXIS2_PLACEMENT_3D('',#10158,#7989,#7990);
#6682=AXIS2_PLACEMENT_3D('',#10160,#7991,#7992);
#6683=AXIS2_PLACEMENT_3D('',#10168,#7993,#7994);
#6684=AXIS2_PLACEMENT_3D('',#10175,#7995,#7996);
#6685=AXIS2_PLACEMENT_3D('',#10182,#7997,#7998);
#6686=AXIS2_PLACEMENT_3D('',#10189,#7999,#8000);
#6687=AXIS2_PLACEMENT_3D('',#10196,#8001,#8002);
#6688=AXIS2_PLACEMENT_3D('',#10203,#8003,#8004);
#6689=AXIS2_PLACEMENT_3D('',#10210,#8005,#8006);
#6690=AXIS2_PLACEMENT_3D('',#10216,#8007,#8008);
#6691=AXIS2_PLACEMENT_3D('',#10218,#8009,#8010);
#6692=AXIS2_PLACEMENT_3D('',#10220,#8011,#8012);
#6693=AXIS2_PLACEMENT_3D('',#10222,#8013,#8014);
#6694=AXIS2_PLACEMENT_3D('',#10224,#8015,#8016);
#6695=AXIS2_PLACEMENT_3D('',#10225,#8017,#8018);
#6696=AXIS2_PLACEMENT_3D('',#10227,#8019,#8020);
#6697=AXIS2_PLACEMENT_3D('',#10230,#8021,#8022);
#6698=AXIS2_PLACEMENT_3D('',#10231,#8023,#8024);
#6699=AXIS2_PLACEMENT_3D('',#10232,#8025,#8026);
#6700=AXIS2_PLACEMENT_3D('',#10234,#8027,#8028);
#6701=AXIS2_PLACEMENT_3D('',#10237,#8029,#8030);
#6702=AXIS2_PLACEMENT_3D('',#10238,#8031,#8032);
#6703=AXIS2_PLACEMENT_3D('',#10239,#8033,#8034);
#6704=AXIS2_PLACEMENT_3D('',#10241,#8035,#8036);
#6705=AXIS2_PLACEMENT_3D('',#10242,#8037,#8038);
#6706=AXIS2_PLACEMENT_3D('',#10244,#8039,#8040);
#6707=AXIS2_PLACEMENT_3D('',#10246,#8041,#8042);
#6708=AXIS2_PLACEMENT_3D('',#10247,#8043,#8044);
#6709=AXIS2_PLACEMENT_3D('',#10249,#8045,#8046);
#6710=AXIS2_PLACEMENT_3D('',#10279,#8047,#8048);
#6711=AXIS2_PLACEMENT_3D('',#10280,#8049,#8050);
#6712=AXIS2_PLACEMENT_3D('',#10296,#8051,#8052);
#6713=AXIS2_PLACEMENT_3D('',#10313,#8053,#8054);
#6714=AXIS2_PLACEMENT_3D('',#10314,#8055,#8056);
#6715=AXIS2_PLACEMENT_3D('',#10344,#8057,#8058);
#6716=AXIS2_PLACEMENT_3D('',#10345,#8059,#8060);
#6717=AXIS2_PLACEMENT_3D('',#10361,#8061,#8062);
#6718=AXIS2_PLACEMENT_3D('',#10378,#8063,#8064);
#6719=AXIS2_PLACEMENT_3D('',#10379,#8065,#8066);
#6720=AXIS2_PLACEMENT_3D('',#10380,#8067,#8068);
#6721=AXIS2_PLACEMENT_3D('',#10382,#8069,#8070);
#6722=AXIS2_PLACEMENT_3D('',#10384,#8071,#8072);
#6723=AXIS2_PLACEMENT_3D('',#10385,#8073,#8074);
#6724=AXIS2_PLACEMENT_3D('',#10386,#8075,#8076);
#6725=AXIS2_PLACEMENT_3D('',#10387,#8077,#8078);
#6726=AXIS2_PLACEMENT_3D('',#11048,#8079,#8080);
#6727=AXIS2_PLACEMENT_3D('',#11090,#8081,#8082);
#6728=AXIS2_PLACEMENT_3D('',#11131,#8083,#8084);
#6729=AXIS2_PLACEMENT_3D('',#11212,#8085,#8086);
#6730=AXIS2_PLACEMENT_3D('',#11213,#8087,#8088);
#6731=AXIS2_PLACEMENT_3D('',#11214,#8089,#8090);
#6732=AXIS2_PLACEMENT_3D('',#11215,#8091,#8092);
#6733=AXIS2_PLACEMENT_3D('',#11216,#8093,#8094);
#6734=AXIS2_PLACEMENT_3D('',#11217,#8095,#8096);
#6735=AXIS2_PLACEMENT_3D('',#11219,#8097,#8098);
#6736=AXIS2_PLACEMENT_3D('',#11261,#8099,#8100);
#6737=AXIS2_PLACEMENT_3D('',#11302,#8101,#8102);
#6738=AXIS2_PLACEMENT_3D('',#11303,#8103,#8104);
#6739=AXIS2_PLACEMENT_3D('',#11304,#8105,#8106);
#6740=AXIS2_PLACEMENT_3D('',#11306,#8107,#8108);
#6741=AXIS2_PLACEMENT_3D('',#11324,#8109,#8110);
#6742=AXIS2_PLACEMENT_3D('',#11346,#8111,#8112);
#6743=AXIS2_PLACEMENT_3D('',#11390,#8113,#8114);
#6744=AXIS2_PLACEMENT_3D('',#11391,#8115,#8116);
#6745=AXIS2_PLACEMENT_3D('',#11393,#8117,#8118);
#6746=AXIS2_PLACEMENT_3D('',#11411,#8119,#8120);
#6747=AXIS2_PLACEMENT_3D('',#11429,#8121,#8122);
#6748=AXIS2_PLACEMENT_3D('',#11477,#8123,#8124);
#6749=AXIS2_PLACEMENT_3D('',#11478,#8125,#8126);
#6750=AXIS2_PLACEMENT_3D('',#11480,#8127,#8128);
#6751=AXIS2_PLACEMENT_3D('',#11499,#8129,#8130);
#6752=AXIS2_PLACEMENT_3D('',#11517,#8131,#8132);
#6753=AXIS2_PLACEMENT_3D('',#11565,#8133,#8134);
#6754=AXIS2_PLACEMENT_3D('',#11566,#8135,#8136);
#6755=AXIS2_PLACEMENT_3D('',#11568,#8137,#8138);
#6756=AXIS2_PLACEMENT_3D('',#11586,#8139,#8140);
#6757=AXIS2_PLACEMENT_3D('',#11604,#8141,#8142);
#6758=AXIS2_PLACEMENT_3D('',#11652,#8143,#8144);
#6759=AXIS2_PLACEMENT_3D('',#11653,#8145,#8146);
#6760=AXIS2_PLACEMENT_3D('',#11654,#8147,#8148);
#6761=AXIS2_PLACEMENT_3D('',#11656,#8149,#8150);
#6762=AXIS2_PLACEMENT_3D('',#11671,#8151,#8152);
#6763=AXIS2_PLACEMENT_3D('',#11685,#8153,#8154);
#6764=AXIS2_PLACEMENT_3D('',#11699,#8155,#8156);
#6765=AXIS2_PLACEMENT_3D('',#11712,#8157,#8158);
#6766=AXIS2_PLACEMENT_3D('',#11753,#8159,#8160);
#6767=AXIS2_PLACEMENT_3D('',#11795,#8161,#8162);
#6768=AXIS2_PLACEMENT_3D('',#11796,#8163,#8164);
#6769=AXIS2_PLACEMENT_3D('',#11798,#8165,#8166);
#6770=AXIS2_PLACEMENT_3D('',#11800,#8167,#8168);
#6771=AXIS2_PLACEMENT_3D('',#11804,#8170,#8171);
#6772=AXIS2_PLACEMENT_3D('',#11808,#8173,#8174);
#6773=AXIS2_PLACEMENT_3D('',#11809,#8175,#8176);
#6774=AXIS2_PLACEMENT_3D('',#11812,#8178,#8179);
#6775=AXIS2_PLACEMENT_3D('',#11815,#8181,#8182);
#6776=AXIS2_PLACEMENT_3D('',#11819,#8185,#8186);
#6777=AXIS2_PLACEMENT_3D('',#11822,#8188,#8189);
#6778=AXIS2_PLACEMENT_3D('',#11823,#8190,#8191);
#6779=AXIS2_PLACEMENT_3D('',#11825,#8193,#8194);
#6780=AXIS2_PLACEMENT_3D('',#11826,#8195,#8196);
#6781=AXIS2_PLACEMENT_3D('',#11827,#8197,#8198);
#6782=AXIS2_PLACEMENT_3D('',#11828,#8199,#8200);
#6783=AXIS2_PLACEMENT_3D('',#11829,#8201,#8202);
#6784=AXIS2_PLACEMENT_3D('',#11830,#8203,#8204);
#6785=AXIS2_PLACEMENT_3D('',#11831,#8205,#8206);
#6786=AXIS2_PLACEMENT_3D('',#11832,#8207,#8208);
#6787=AXIS2_PLACEMENT_3D('',#11834,#8209,#8210);
#6788=AXIS2_PLACEMENT_3D('',#11836,#8211,#8212);
#6789=AXIS2_PLACEMENT_3D('',#11838,#8213,#8214);
#6790=AXIS2_PLACEMENT_3D('',#11840,#8215,#8216);
#6791=AXIS2_PLACEMENT_3D('',#11841,#8217,#8218);
#6792=AXIS2_PLACEMENT_3D('',#11842,#8219,#8220);
#6793=AXIS2_PLACEMENT_3D('',#11843,#8221,#8222);
#6794=AXIS2_PLACEMENT_3D('',#11844,#8223,#8224);
#6795=AXIS2_PLACEMENT_3D('',#11845,#8225,#8226);
#6796=AXIS2_PLACEMENT_3D('',#11846,#8227,#8228);
#6797=AXIS2_PLACEMENT_3D('',#11848,#8229,#8230);
#6798=AXIS2_PLACEMENT_3D('',#11849,#8231,#8232);
#6799=AXIS2_PLACEMENT_3D('',#11850,#8233,#8234);
#6800=AXIS2_PLACEMENT_3D('',#11851,#8235,#8236);
#6801=AXIS2_PLACEMENT_3D('',#11852,#8237,#8238);
#6802=AXIS2_PLACEMENT_3D('',#11853,#8239,#8240);
#6803=AXIS2_PLACEMENT_3D('',#11854,#8241,#8242);
#6804=AXIS2_PLACEMENT_3D('',#11855,#8243,#8244);
#6805=AXIS2_PLACEMENT_3D('',#11857,#8245,#8246);
#6806=AXIS2_PLACEMENT_3D('',#11858,#8247,#8248);
#6807=AXIS2_PLACEMENT_3D('',#11859,#8249,#8250);
#6808=AXIS2_PLACEMENT_3D('',#11860,#8251,#8252);
#6809=AXIS2_PLACEMENT_3D('',#11861,#8253,#8254);
#6810=AXIS2_PLACEMENT_3D('',#11862,#8255,#8256);
#6811=AXIS2_PLACEMENT_3D('',#11863,#8257,#8258);
#6812=AXIS2_PLACEMENT_3D('',#11864,#8259,#8260);
#6813=AXIS2_PLACEMENT_3D('',#11866,#8261,#8262);
#6814=AXIS2_PLACEMENT_3D('',#11867,#8263,#8264);
#6815=AXIS2_PLACEMENT_3D('',#11868,#8265,#8266);
#6816=AXIS2_PLACEMENT_3D('',#11869,#8267,#8268);
#6817=AXIS2_PLACEMENT_3D('',#11870,#8269,#8270);
#6818=AXIS2_PLACEMENT_3D('',#11871,#8271,#8272);
#6819=AXIS2_PLACEMENT_3D('',#11872,#8273,#8274);
#6820=AXIS2_PLACEMENT_3D('',#11873,#8275,#8276);
#6821=AXIS2_PLACEMENT_3D('',#11875,#8277,#8278);
#6822=AXIS2_PLACEMENT_3D('',#11876,#8279,#8280);
#6823=AXIS2_PLACEMENT_3D('',#11877,#8281,#8282);
#6824=AXIS2_PLACEMENT_3D('',#11878,#8283,#8284);
#6825=AXIS2_PLACEMENT_3D('',#11883,#8286,#8287);
#6826=AXIS2_PLACEMENT_3D('',#11886,#8289,#8290);
#6827=AXIS2_PLACEMENT_3D('',#11887,#8291,#8292);
#6828=AXIS2_PLACEMENT_3D('',#11892,#8295,#8296);
#6829=AXIS2_PLACEMENT_3D('',#11896,#8299,#8300);
#6830=AXIS2_PLACEMENT_3D('',#11900,#8302,#8303);
#6831=AXIS2_PLACEMENT_3D('',#11904,#8305,#8306);
#6832=AXIS2_PLACEMENT_3D('',#11905,#8307,#8308);
#6833=AXIS2_PLACEMENT_3D('',#11910,#8310,#8311);
#6834=AXIS2_PLACEMENT_3D('',#11913,#8313,#8314);
#6835=AXIS2_PLACEMENT_3D('',#11914,#8315,#8316);
#6836=AXIS2_PLACEMENT_3D('',#11917,#8318,#8319);
#6837=AXIS2_PLACEMENT_3D('',#11919,#8321,#8322);
#6838=AXIS2_PLACEMENT_3D('',#11948,#8323,#8324);
#6839=AXIS2_PLACEMENT_3D('',#11963,#8325,#8326);
#6840=AXIS2_PLACEMENT_3D('',#11978,#8327,#8328);
#6841=AXIS2_PLACEMENT_3D('',#11979,#8329,#8330);
#6842=AXIS2_PLACEMENT_3D('',#11980,#8331,#8332);
#6843=AXIS2_PLACEMENT_3D('',#11985,#8334,#8335);
#6844=AXIS2_PLACEMENT_3D('',#11988,#8337,#8338);
#6845=AXIS2_PLACEMENT_3D('',#11991,#8341,#8342);
#6846=AXIS2_PLACEMENT_3D('',#11993,#8344,#8345);
#6847=AXIS2_PLACEMENT_3D('',#11995,#8347,#8348);
#6848=AXIS2_PLACEMENT_3D('',#11996,#8349,#8350);
#6849=AXIS2_PLACEMENT_3D('',#11997,#8351,#8352);
#6850=AXIS2_PLACEMENT_3D('',#11998,#8353,#8354);
#6851=AXIS2_PLACEMENT_3D('',#12000,#8355,#8356);
#6852=AXIS2_PLACEMENT_3D('',#12002,#8357,#8358);
#6853=AXIS2_PLACEMENT_3D('',#12003,#8359,#8360);
#6854=AXIS2_PLACEMENT_3D('',#12005,#8361,#8362);
#6855=AXIS2_PLACEMENT_3D('',#12006,#8363,#8364);
#6856=AXIS2_PLACEMENT_3D('',#12011,#8366,#8367);
#6857=AXIS2_PLACEMENT_3D('',#12014,#8369,#8370);
#6858=AXIS2_PLACEMENT_3D('',#12020,#8374,#8375);
#6859=AXIS2_PLACEMENT_3D('',#12026,#8379,#8380);
#6860=AXIS2_PLACEMENT_3D('',#12027,#8381,#8382);
#6861=AXIS2_PLACEMENT_3D('',#12029,#8383,#8384);
#6862=AXIS2_PLACEMENT_3D('',#12030,#8385,#8386);
#6863=AXIS2_PLACEMENT_3D('',#12031,#8387,#8388);
#6864=AXIS2_PLACEMENT_3D('',#12032,#8389,#8390);
#6865=AXIS2_PLACEMENT_3D('',#12033,#8391,#8392);
#6866=AXIS2_PLACEMENT_3D('',#12038,#8394,#8395);
#6867=AXIS2_PLACEMENT_3D('',#12042,#8397,#8398);
#6868=AXIS2_PLACEMENT_3D('',#12046,#8400,#8401);
#6869=AXIS2_PLACEMENT_3D('',#12049,#8403,#8404);
#6870=AXIS2_PLACEMENT_3D('',#12051,#8406,#8407);
#6871=AXIS2_PLACEMENT_3D('',#12053,#8409,#8410);
#6872=AXIS2_PLACEMENT_3D('',#12056,#8413,#8414);
#6873=AXIS2_PLACEMENT_3D('',#12057,#8415,#8416);
#6874=AXIS2_PLACEMENT_3D('',#12058,#8417,#8418);
#6875=AXIS2_PLACEMENT_3D('',#12059,#8419,#8420);
#6876=AXIS2_PLACEMENT_3D('',#12060,#8421,#8422);
#6877=AXIS2_PLACEMENT_3D('',#12061,#8423,#8424);
#6878=AXIS2_PLACEMENT_3D('',#12062,#8425,#8426);
#6879=AXIS2_PLACEMENT_3D('',#12067,#8428,#8429);
#6880=AXIS2_PLACEMENT_3D('',#12071,#8431,#8432);
#6881=AXIS2_PLACEMENT_3D('',#12075,#8434,#8435);
#6882=AXIS2_PLACEMENT_3D('',#12079,#8437,#8438);
#6883=AXIS2_PLACEMENT_3D('',#12080,#8439,#8440);
#6884=AXIS2_PLACEMENT_3D('',#12086,#8444,#8445);
#6885=AXIS2_PLACEMENT_3D('',#12089,#8447,#8448);
#6886=AXIS2_PLACEMENT_3D('',#12090,#8449,#8450);
#6887=AXIS2_PLACEMENT_3D('',#12094,#8453,#8454);
#6888=AXIS2_PLACEMENT_3D('',#12097,#8456,#8457);
#6889=AXIS2_PLACEMENT_3D('',#12098,#8458,#8459);
#6890=AXIS2_PLACEMENT_3D('',#12099,#8460,#8461);
#6891=AXIS2_PLACEMENT_3D('',#12101,#8462,#8463);
#6892=AXIS2_PLACEMENT_3D('',#12105,#8465,#8466);
#6893=AXIS2_PLACEMENT_3D('',#12108,#8468,#8469);
#6894=AXIS2_PLACEMENT_3D('',#12109,#8470,#8471);
#6895=AXIS2_PLACEMENT_3D('',#12111,#8473,#8474);
#6896=AXIS2_PLACEMENT_3D('',#12112,#8475,#8476);
#6897=AXIS2_PLACEMENT_3D('',#12114,#8477,#8478);
#6898=AXIS2_PLACEMENT_3D('',#12116,#8479,#8480);
#6899=AXIS2_PLACEMENT_3D('',#12118,#8481,#8482);
#6900=AXIS2_PLACEMENT_3D('',#12120,#8483,#8484);
#6901=AXIS2_PLACEMENT_3D('',#12122,#8485,#8486);
#6902=AXIS2_PLACEMENT_3D('',#12124,#8487,#8488);
#6903=AXIS2_PLACEMENT_3D('',#12141,#8496,#8497);
#6904=AXIS2_PLACEMENT_3D('',#12144,#8499,#8500);
#6905=AXIS2_PLACEMENT_3D('',#12145,#8501,#8502);
#6906=AXIS2_PLACEMENT_3D('',#12147,#8503,#8504);
#6907=AXIS2_PLACEMENT_3D('',#12149,#8505,#8506);
#6908=AXIS2_PLACEMENT_3D('',#12151,#8507,#8508);
#6909=AXIS2_PLACEMENT_3D('',#12153,#8509,#8510);
#6910=AXIS2_PLACEMENT_3D('',#12155,#8511,#8512);
#6911=AXIS2_PLACEMENT_3D('',#12157,#8513,#8514);
#6912=AXIS2_PLACEMENT_3D('',#12162,#8516,#8517);
#6913=AXIS2_PLACEMENT_3D('',#12177,#8525,#8526);
#6914=AXIS2_PLACEMENT_3D('',#12180,#8529,#8530);
#6915=AXIS2_PLACEMENT_3D('',#12183,#8533,#8534);
#6916=AXIS2_PLACEMENT_3D('',#12187,#8537,#8538);
#6917=AXIS2_PLACEMENT_3D('',#12191,#8541,#8542);
#6918=AXIS2_PLACEMENT_3D('',#12192,#8543,#8544);
#6919=AXIS2_PLACEMENT_3D('',#12193,#8545,#8546);
#6920=AXIS2_PLACEMENT_3D('',#12194,#8547,#8548);
#6921=AXIS2_PLACEMENT_3D('',#12195,#8549,#8550);
#6922=AXIS2_PLACEMENT_3D('',#12197,#8551,#8552);
#6923=AXIS2_PLACEMENT_3D('',#12198,#8553,#8554);
#6924=AXIS2_PLACEMENT_3D('',#12199,#8555,#8556);
#6925=AXIS2_PLACEMENT_3D('',#12201,#8557,#8558);
#6926=AXIS2_PLACEMENT_3D('',#12202,#8559,#8560);
#6927=AXIS2_PLACEMENT_3D('',#12204,#8562,#8563);
#6928=AXIS2_PLACEMENT_3D('',#12206,#8565,#8566);
#6929=AXIS2_PLACEMENT_3D('',#12207,#8567,#8568);
#6930=AXIS2_PLACEMENT_3D('',#12208,#8569,#8570);
#6931=AXIS2_PLACEMENT_3D('',#12209,#8571,#8572);
#6932=AXIS2_PLACEMENT_3D('',#12210,#8573,#8574);
#6933=AXIS2_PLACEMENT_3D('',#12211,#8575,#8576);
#6934=AXIS2_PLACEMENT_3D('',#12212,#8577,#8578);
#6935=AXIS2_PLACEMENT_3D('',#12213,#8579,#8580);
#6936=AXIS2_PLACEMENT_3D('',#12214,#8581,#8582);
#6937=AXIS2_PLACEMENT_3D('',#12215,#8583,#8584);
#6938=AXIS2_PLACEMENT_3D('',#12216,#8585,#8586);
#6939=AXIS2_PLACEMENT_3D('',#12217,#8587,#8588);
#6940=AXIS2_PLACEMENT_3D('',#12218,#8589,#8590);
#6941=AXIS2_PLACEMENT_3D('',#12219,#8591,#8592);
#6942=AXIS2_PLACEMENT_3D('',#12220,#8593,#8594);
#6943=AXIS2_PLACEMENT_3D('',#12221,#8595,#8596);
#6944=AXIS2_PLACEMENT_3D('',#12222,#8597,#8598);
#6945=AXIS2_PLACEMENT_3D('',#12223,#8599,#8600);
#6946=AXIS2_PLACEMENT_3D('',#12224,#8601,#8602);
#6947=AXIS2_PLACEMENT_3D('',#12225,#8603,#8604);
#6948=AXIS2_PLACEMENT_3D('',#12226,#8605,#8606);
#6949=AXIS2_PLACEMENT_3D('',#12227,#8607,#8608);
#6950=AXIS2_PLACEMENT_3D('',#12228,#8609,#8610);
#6951=AXIS2_PLACEMENT_3D('',#12229,#8611,#8612);
#6952=AXIS2_PLACEMENT_3D('',#12231,#8613,#8614);
#6953=AXIS2_PLACEMENT_3D('',#12239,#8615,#8616);
#6954=AXIS2_PLACEMENT_3D('',#12246,#8617,#8618);
#6955=AXIS2_PLACEMENT_3D('',#12253,#8619,#8620);
#6956=AXIS2_PLACEMENT_3D('',#12260,#8621,#8622);
#6957=AXIS2_PLACEMENT_3D('',#12267,#8623,#8624);
#6958=AXIS2_PLACEMENT_3D('',#12274,#8625,#8626);
#6959=AXIS2_PLACEMENT_3D('',#12281,#8627,#8628);
#6960=AXIS2_PLACEMENT_3D('',#12287,#8629,#8630);
#6961=AXIS2_PLACEMENT_3D('',#12289,#8631,#8632);
#6962=AXIS2_PLACEMENT_3D('',#12291,#8633,#8634);
#6963=AXIS2_PLACEMENT_3D('',#12293,#8635,#8636);
#6964=AXIS2_PLACEMENT_3D('',#12295,#8637,#8638);
#6965=AXIS2_PLACEMENT_3D('',#12311,#8639,#8640);
#6966=AXIS2_PLACEMENT_3D('',#12328,#8641,#8642);
#6967=AXIS2_PLACEMENT_3D('',#12329,#8643,#8644);
#6968=AXIS2_PLACEMENT_3D('',#12345,#8645,#8646);
#6969=AXIS2_PLACEMENT_3D('',#12362,#8647,#8648);
#6970=AXIS2_PLACEMENT_3D('',#12363,#8649,#8650);
#6971=AXIS2_PLACEMENT_3D('',#12379,#8651,#8652);
#6972=AXIS2_PLACEMENT_3D('',#12396,#8653,#8654);
#6973=AXIS2_PLACEMENT_3D('',#12397,#8655,#8656);
#6974=AXIS2_PLACEMENT_3D('',#12413,#8657,#8658);
#6975=AXIS2_PLACEMENT_3D('',#12430,#8659,#8660);
#6976=AXIS2_PLACEMENT_3D('',#12431,#8661,#8662);
#6977=AXIS2_PLACEMENT_3D('',#12512,#8663,#8664);
#6978=AXIS2_PLACEMENT_3D('',#12579,#8665,#8666);
#6979=AXIS2_PLACEMENT_3D('',#12673,#8667,#8668);
#6980=AXIS2_PLACEMENT_3D('',#12739,#8669,#8670);
#6981=AXIS2_PLACEMENT_3D('',#12832,#8671,#8672);
#6982=AXIS2_PLACEMENT_3D('',#12914,#8673,#8674);
#6983=AXIS2_PLACEMENT_3D('',#12997,#8675,#8676);
#6984=AXIS2_PLACEMENT_3D('',#12998,#8677,#8678);
#6985=AXIS2_PLACEMENT_3D('',#13032,#8679,#8680);
#6986=AXIS2_PLACEMENT_3D('',#13034,#8681,#8682);
#6987=AXIS2_PLACEMENT_3D('',#13036,#8683,#8684);
#6988=AXIS2_PLACEMENT_3D('',#13038,#8685,#8686);
#6989=AXIS2_PLACEMENT_3D('',#13039,#8687,#8688);
#6990=AXIS2_PLACEMENT_3D('',#13119,#8689,#8690);
#6991=AXIS2_PLACEMENT_3D('',#13120,#8691,#8692);
#6992=AXIS2_PLACEMENT_3D('',#13121,#8693,#8694);
#6993=AXIS2_PLACEMENT_3D('',#13122,#8695,#8696);
#6994=AXIS2_PLACEMENT_3D('',#13123,#8697,#8698);
#6995=AXIS2_PLACEMENT_3D('',#13203,#8699,#8700);
#6996=AXIS2_PLACEMENT_3D('',#13204,#8701,#8702);
#6997=AXIS2_PLACEMENT_3D('',#13205,#8703,#8704);
#6998=AXIS2_PLACEMENT_3D('',#13206,#8705,#8706);
#6999=AXIS2_PLACEMENT_3D('',#13207,#8707,#8708);
#7000=AXIS2_PLACEMENT_3D('',#13287,#8709,#8710);
#7001=AXIS2_PLACEMENT_3D('',#13288,#8711,#8712);
#7002=AXIS2_PLACEMENT_3D('',#13289,#8713,#8714);
#7003=AXIS2_PLACEMENT_3D('',#13290,#8715,#8716);
#7004=AXIS2_PLACEMENT_3D('',#13291,#8717,#8718);
#7005=AXIS2_PLACEMENT_3D('',#13371,#8719,#8720);
#7006=AXIS2_PLACEMENT_3D('',#13372,#8721,#8722);
#7007=AXIS2_PLACEMENT_3D('',#13373,#8723,#8724);
#7008=AXIS2_PLACEMENT_3D('',#13374,#8725,#8726);
#7009=AXIS2_PLACEMENT_3D('',#13375,#8727,#8728);
#7010=AXIS2_PLACEMENT_3D('',#13377,#8729,#8730);
#7011=AXIS2_PLACEMENT_3D('',#13395,#8731,#8732);
#7012=AXIS2_PLACEMENT_3D('',#13417,#8733,#8734);
#7013=AXIS2_PLACEMENT_3D('',#13461,#8735,#8736);
#7014=AXIS2_PLACEMENT_3D('',#13462,#8737,#8738);
#7015=AXIS2_PLACEMENT_3D('',#13464,#8739,#8740);
#7016=AXIS2_PLACEMENT_3D('',#13482,#8741,#8742);
#7017=AXIS2_PLACEMENT_3D('',#13500,#8743,#8744);
#7018=AXIS2_PLACEMENT_3D('',#13548,#8745,#8746);
#7019=AXIS2_PLACEMENT_3D('',#13549,#8747,#8748);
#7020=AXIS2_PLACEMENT_3D('',#13551,#8749,#8750);
#7021=AXIS2_PLACEMENT_3D('',#13570,#8751,#8752);
#7022=AXIS2_PLACEMENT_3D('',#13588,#8753,#8754);
#7023=AXIS2_PLACEMENT_3D('',#13636,#8755,#8756);
#7024=AXIS2_PLACEMENT_3D('',#13637,#8757,#8758);
#7025=AXIS2_PLACEMENT_3D('',#13639,#8759,#8760);
#7026=AXIS2_PLACEMENT_3D('',#13657,#8761,#8762);
#7027=AXIS2_PLACEMENT_3D('',#13675,#8763,#8764);
#7028=AXIS2_PLACEMENT_3D('',#13723,#8765,#8766);
#7029=DIRECTION('',(0.,0.,1.));
#7030=DIRECTION('',(1.,0.,0.));
#7031=DIRECTION('',(0.,0.,1.));
#7032=DIRECTION('',(1.,-1.19562479575E-16,0.));
#7033=DIRECTION('',(5.473822126269E-48,-4.440892098501E-16,-1.));
#7034=DIRECTION('',(1.,-1.069103692162E-16,4.747774139002E-32));
#7035=DIRECTION('',(1.094764425254E-47,-4.440892098501E-16,-1.));
#7036=DIRECTION('',(1.,-1.19562479575E-16,5.309640708218E-32));
#7037=DIRECTION('',(0.,0.,1.));
#7038=DIRECTION('',(-1.,8.40168775392E-17,0.));
#7039=DIRECTION('',(1.094764425254E-47,-4.440892098501E-16,-1.));
#7040=DIRECTION('',(1.,-1.942890293094E-16,8.628166150855E-32));
#7041=DIRECTION('',(0.,0.,-1.));
#7042=DIRECTION('',(1.,-1.069103692162E-16,0.));
#7043=DIRECTION('',(5.473822126269E-48,-4.440892098501E-16,-1.));
#7044=DIRECTION('',(1.,-8.01827718171E-17,3.560830377984E-32));
#7045=DIRECTION('',(0.,0.,-1.));
#7046=DIRECTION('',(1.,1.942890293094E-16,0.));
#7047=DIRECTION('',(-1.094764425254E-47,-4.440892098501E-16,-1.));
#7048=DIRECTION('',(1.,1.942890293094E-16,-8.628166150855E-32));
#7049=DIRECTION('',(0.,0.,-1.));
#7050=DIRECTION('',(1.,-8.01827718171E-17,0.));
#7051=DIRECTION('',(5.473822126269E-48,-4.440892098501E-16,-1.));
#7052=DIRECTION('',(1.,-8.40168775392E-17,3.731098876045E-32));
#7053=DIRECTION('',(0.,0.,-1.));
#7054=DIRECTION('',(1.,7.065055611251E-17,0.));
#7055=DIRECTION('',(-1.094764425254E-47,-4.440892098501E-16,-1.));
#7056=DIRECTION('',(1.,1.19562479575E-16,-5.309640708218E-32));
#7057=DIRECTION('',(0.,0.,1.));
#7058=DIRECTION('',(-1.,8.40168775392E-17,0.));
#7059=DIRECTION('',(5.473822126269E-48,-4.440892098501E-16,-1.));
#7060=DIRECTION('',(1.,-7.065055611251E-17,3.137514963947E-32));
#7061=DIRECTION('',(0.,0.,-1.));
#7062=DIRECTION('',(1.,1.19562479575E-16,0.));
#7063=DIRECTION('',(-5.473822126269E-48,-4.440892098501E-16,-1.));
#7064=DIRECTION('',(1.,1.069103692162E-16,-4.747774139002E-32));
#7065=DIRECTION('',(0.,0.,1.));
#7066=DIRECTION('',(1.,-7.065055611251E-17,0.));
#7067=DIRECTION('',(5.473822126269E-48,-4.440892098501E-16,-1.));
#7068=DIRECTION('',(1.,-7.065055611251E-17,3.137514963947E-32));
#7069=DIRECTION('',(0.,0.,-1.));
#7070=DIRECTION('',(1.,1.069103692162E-16,0.));
#7071=DIRECTION('',(0.,-4.440892098501E-16,-1.));
#7072=DIRECTION('',(1.,8.01827718171E-17,-3.560830377984E-32));
#7073=DIRECTION('',(0.,0.,1.));
#7074=DIRECTION('',(1.,-7.065055611251E-17,0.));
#7075=DIRECTION('',(0.,-4.440892098501E-16,-1.));
#7076=DIRECTION('',(1.,7.065055611251E-17,-3.137514963947E-32));
#7077=DIRECTION('',(0.,0.,1.));
#7078=DIRECTION('',(1.,8.01827718171E-17,0.));
#7079=DIRECTION('',(-5.473822126269E-48,-4.440892098501E-16,-1.));
#7080=DIRECTION('',(1.,8.40168775392E-17,-3.731098876045E-32));
#7081=DIRECTION('',(0.,0.,-1.));
#7082=DIRECTION('',(1.,7.065055611251E-17,0.));
#7083=DIRECTION('',(0.,-4.440892098501E-16,-1.));
#7084=DIRECTION('',(1.,7.065055611251E-17,-3.137514963947E-32));
#7085=DIRECTION('',(0.,0.,-1.));
#7086=DIRECTION('',(1.,7.065055611251E-17,0.));
#7087=DIRECTION('',(0.,-1.,0.));
#7088=DIRECTION('',(1.,0.,0.));
#7089=DIRECTION('',(0.,0.,1.));
#7090=DIRECTION('',(-4.44089209850063E-16,1.,0.));
#7091=DIRECTION('',(0.,0.,-1.));
#7092=DIRECTION('',(-4.44089209850063E-16,1.,0.));
#7093=DIRECTION('',(0.,0.,-1.));
#7094=DIRECTION('',(-4.44089209850063E-16,1.,0.));
#7095=DIRECTION('',(0.,0.,1.));
#7096=DIRECTION('',(-4.44089209850063E-16,1.,0.));
#7097=DIRECTION('',(0.,0.,-1.));
#7098=DIRECTION('',(-4.44089209850063E-16,1.,0.));
#7099=DIRECTION('',(0.,0.,-1.));
#7100=DIRECTION('',(-4.44089209850063E-16,1.,0.));
#7101=DIRECTION('',(0.,0.,1.));
#7102=DIRECTION('',(1.,0.,0.));
#7103=DIRECTION('',(1.,4.44089209850063E-16,0.));
#7104=DIRECTION('',(-0.312528018831677,0.949908541621322,0.));
#7105=DIRECTION('',(0.,0.,1.));
#7106=DIRECTION('',(1.,0.,0.));
#7107=DIRECTION('',(0.,0.,1.));
#7108=DIRECTION('',(1.,0.,0.));
#7109=DIRECTION('',(4.44089209850063E-16,-1.,0.));
#7110=DIRECTION('',(0.,0.,1.));
#7111=DIRECTION('',(1.,0.,0.));
#7112=DIRECTION('',(0.,0.,1.));
#7113=DIRECTION('',(1.,0.,0.));
#7114=DIRECTION('',(-1.,-4.44089209850063E-16,0.));
#7115=DIRECTION('',(0.707106781186549,-0.707106781186546,0.));
#7116=DIRECTION('',(0.,0.,1.));
#7117=DIRECTION('',(1.,0.,0.));
#7118=DIRECTION('',(0.,0.,1.));
#7119=DIRECTION('',(1.,0.,0.));
#7120=DIRECTION('',(0.,0.,1.));
#7121=DIRECTION('',(1.,0.,0.));
#7122=DIRECTION('',(1.,0.,0.));
#7123=DIRECTION('',(-0.707106781186547,0.707106781186548,0.));
#7124=DIRECTION('',(0.,-1.,0.));
#7125=DIRECTION('',(0.,0.,1.));
#7126=DIRECTION('',(1.,0.,0.));
#7127=DIRECTION('',(0.,0.,1.));
#7128=DIRECTION('',(1.,0.,0.));
#7129=DIRECTION('',(0.312528018831677,-0.949908541621322,0.));
#7130=DIRECTION('',(-1.,-4.44089209850063E-16,0.));
#7131=DIRECTION('',(0.,0.,1.));
#7132=DIRECTION('',(1.,0.,0.));
#7133=DIRECTION('',(0.,0.,1.));
#7134=DIRECTION('',(1.,0.,0.));
#7135=DIRECTION('',(-4.44089209850063E-16,1.,0.));
#7136=DIRECTION('',(-0.707106781186549,0.707106781186546,0.));
#7137=DIRECTION('',(-1.,-4.44089209850063E-16,0.));
#7138=DIRECTION('',(0.,0.,1.));
#7139=DIRECTION('',(1.,0.,0.));
#7140=DIRECTION('',(0.,0.,1.));
#7141=DIRECTION('',(1.,0.,0.));
#7142=DIRECTION('',(0.,0.,1.));
#7143=DIRECTION('',(1.,0.,0.));
#7144=DIRECTION('',(0.,0.,1.));
#7145=DIRECTION('',(1.,0.,0.));
#7146=DIRECTION('',(0.,-1.,0.));
#7147=DIRECTION('',(0.707106781186547,-0.707106781186548,0.));
#7148=DIRECTION('',(-1.,0.,0.));
#7149=DIRECTION('',(0.,0.,-1.));
#7150=DIRECTION('',(-1.,0.,0.));
#7151=DIRECTION('',(0.,0.,-1.));
#7152=DIRECTION('',(0.,0.,-1.));
#7153=DIRECTION('',(0.,0.,-1.));
#7154=DIRECTION('',(-1.,0.,0.));
#7155=DIRECTION('',(0.,0.,-1.));
#7156=DIRECTION('',(0.,0.,-1.));
#7157=DIRECTION('',(0.,-1.,0.));
#7158=DIRECTION('',(1.,0.,0.));
#7159=DIRECTION('',(0.,-1.,0.));
#7160=DIRECTION('',(0.,0.,-1.));
#7161=DIRECTION('',(0.,-1.,0.));
#7162=DIRECTION('',(0.,0.,-1.));
#7163=DIRECTION('',(0.,-1.,0.));
#7164=DIRECTION('',(0.,0.,-1.));
#7165=DIRECTION('',(0.,-1.,0.));
#7166=DIRECTION('',(0.,0.,-1.));
#7167=DIRECTION('',(0.,-1.,0.));
#7168=DIRECTION('',(0.,0.,-1.));
#7169=DIRECTION('',(0.707106781186548,0.,0.707106781186548));
#7170=DIRECTION('',(0.,0.,-1.));
#7171=DIRECTION('',(0.,0.,1.));
#7172=DIRECTION('',(0.,0.,-1.));
#7173=DIRECTION('',(0.707106781186548,0.,-0.707106781186548));
#7174=DIRECTION('',(1.,0.,0.));
#7175=DIRECTION('',(-0.707106781186548,0.,-0.707106781186547));
#7176=DIRECTION('',(0.,0.,-1.));
#7177=DIRECTION('',(-0.707106781186547,0.,0.707106781186548));
#7178=DIRECTION('',(1.,0.,0.));
#7179=DIRECTION('',(-1.,-4.44089209850063E-16,0.));
#7180=DIRECTION('',(-4.44089209850063E-16,1.,0.));
#7181=DIRECTION('',(1.,4.44089209850063E-16,0.));
#7182=DIRECTION('',(0.,0.,-1.));
#7183=DIRECTION('',(1.,4.44089209850063E-16,0.));
#7184=DIRECTION('',(0.,0.,-1.));
#7185=DIRECTION('',(1.,4.44089209850063E-16,0.));
#7186=DIRECTION('',(0.,0.,-1.));
#7187=DIRECTION('',(1.,4.44089209850063E-16,0.));
#7188=DIRECTION('',(0.,0.,-1.));
#7189=DIRECTION('',(1.,4.44089209850063E-16,0.));
#7190=DIRECTION('',(0.,0.,-1.));
#7191=DIRECTION('',(-3.14018491736755E-16,0.707106781186548,-0.707106781186548));
#7192=DIRECTION('',(0.,0.,-1.));
#7193=DIRECTION('',(0.,0.,-1.));
#7194=DIRECTION('',(0.,0.,-1.));
#7195=DIRECTION('',(-3.14018491736755E-16,0.707106781186548,0.707106781186548));
#7196=DIRECTION('',(-4.44089209850063E-16,1.,0.));
#7197=DIRECTION('',(3.14018491736755E-16,-0.707106781186547,0.707106781186548));
#7198=DIRECTION('',(0.,0.,-1.));
#7199=DIRECTION('',(3.14018491736755E-16,-0.707106781186548,-0.707106781186547));
#7200=DIRECTION('',(-4.44089209850063E-16,1.,0.));
#7201=DIRECTION('',(0.,0.,1.));
#7202=DIRECTION('',(1.,0.,0.));
#7203=DIRECTION('',(0.,0.,1.));
#7204=DIRECTION('',(1.,0.,0.));
#7205=DIRECTION('',(0.,0.,1.));
#7206=DIRECTION('',(1.,0.,0.));
#7207=DIRECTION('',(-1.,0.,0.));
#7208=DIRECTION('',(0.,1.,0.));
#7209=DIRECTION('',(-1.,0.,0.));
#7210=DIRECTION('',(0.,0.,1.));
#7211=DIRECTION('',(1.,0.,0.));
#7212=DIRECTION('',(0.,0.,1.));
#7213=DIRECTION('',(1.,0.,0.));
#7214=DIRECTION('',(-0.816325331357303,0.577592376494349,0.));
#7215=DIRECTION('',(0.,-1.,0.));
#7216=DIRECTION('',(0.,0.,1.));
#7217=DIRECTION('',(1.,0.,0.));
#7218=DIRECTION('',(0.,0.,1.));
#7219=DIRECTION('',(1.,0.,0.));
#7220=DIRECTION('',(0.,0.,1.));
#7221=DIRECTION('',(1.,0.,0.));
#7222=DIRECTION('',(-1.,0.,0.));
#7223=DIRECTION('',(0.,-1.,0.));
#7224=DIRECTION('',(-1.,0.,0.));
#7225=DIRECTION('',(0.707106781186548,-0.707106781186548,0.));
#7226=DIRECTION('',(0.,0.,1.));
#7227=DIRECTION('',(1.,0.,0.));
#7228=DIRECTION('',(0.,0.,1.));
#7229=DIRECTION('',(1.,0.,0.));
#7230=DIRECTION('',(0.,0.,1.));
#7231=DIRECTION('',(1.,0.,0.));
#7232=DIRECTION('',(0.,-1.,0.));
#7233=DIRECTION('',(-1.,0.,0.));
#7234=DIRECTION('',(0.,0.,1.));
#7235=DIRECTION('',(1.,0.,0.));
#7236=DIRECTION('',(0.,1.,0.));
#7237=DIRECTION('',(0.816325331357303,-0.577592376494349,0.));
#7238=DIRECTION('',(0.,0.,1.));
#7239=DIRECTION('',(1.,0.,0.));
#7240=DIRECTION('',(0.,0.,1.));
#7241=DIRECTION('',(1.,0.,0.));
#7242=DIRECTION('',(1.,0.,0.));
#7243=DIRECTION('',(0.,0.,1.));
#7244=DIRECTION('',(1.,0.,0.));
#7245=DIRECTION('',(-1.,0.,0.));
#7246=DIRECTION('',(0.,0.,1.));
#7247=DIRECTION('',(1.,0.,0.));
#7248=DIRECTION('',(0.707106781186548,-0.707106781186548,0.));
#7249=DIRECTION('',(-1.,0.,0.));
#7250=DIRECTION('',(0.,1.,0.));
#7251=DIRECTION('',(0.,0.,-1.));
#7252=DIRECTION('',(-1.,0.,0.));
#7253=DIRECTION('',(-0.707106781186548,0.,-0.707106781186547));
#7254=DIRECTION('',(0.707106781186547,0.,-0.707106781186548));
#7255=DIRECTION('',(0.707106781186547,0.,-0.707106781186548));
#7256=DIRECTION('',(-0.707106781186548,0.,-0.707106781186547));
#7257=DIRECTION('',(0.,0.,-1.));
#7258=DIRECTION('',(-1.,0.,0.));
#7259=DIRECTION('',(0.,0.,-1.));
#7260=DIRECTION('',(-0.707106781186547,0.,0.707106781186548));
#7261=DIRECTION('',(0.,1.,0.));
#7262=DIRECTION('',(-0.707106781186547,0.,0.707106781186548));
#7263=DIRECTION('',(-0.707106781186548,0.,-0.707106781186547));
#7264=DIRECTION('',(0.,-1.,0.));
#7265=DIRECTION('',(-0.707106781186547,0.,0.707106781186548));
#7266=DIRECTION('',(-0.707106781186548,0.,-0.707106781186547));
#7267=DIRECTION('',(-0.470698296393289,-0.746248100530186,-0.470698296393289));
#7268=DIRECTION('',(0.707106781186547,0.,0.707106781186548));
#7269=DIRECTION('',(0.,-1.,0.));
#7270=DIRECTION('',(0.707106781186547,0.,0.707106781186548));
#7271=DIRECTION('',(-0.707106781186548,0.,0.707106781186547));
#7272=DIRECTION('',(0.,1.,0.));
#7273=DIRECTION('',(0.707106781186547,0.,0.707106781186548));
#7274=DIRECTION('',(-0.707106781186548,0.,0.707106781186547));
#7275=DIRECTION('',(0.,0.,1.));
#7276=DIRECTION('',(1.,0.,0.));
#7277=DIRECTION('',(-0.707106781186548,-0.707106781186548,0.));
#7278=DIRECTION('',(-1.,0.,0.));
#7279=DIRECTION('',(0.,0.,1.));
#7280=DIRECTION('',(1.,0.,0.));
#7281=DIRECTION('',(0.,0.,1.));
#7282=DIRECTION('',(1.,0.,0.));
#7283=DIRECTION('',(0.,0.,1.));
#7284=DIRECTION('',(1.,0.,0.));
#7285=DIRECTION('',(1.,0.,0.));
#7286=DIRECTION('',(-0.707106781186548,-0.707106781186548,0.));
#7287=DIRECTION('',(0.,0.,-1.));
#7288=DIRECTION('',(-1.,0.,0.));
#7289=DIRECTION('',(0.,0.,-1.));
#7290=DIRECTION('',(0.,0.,-1.));
#7291=DIRECTION('',(-1.,0.,0.));
#7292=DIRECTION('',(0.,0.,-1.));
#7293=DIRECTION('',(-0.707106781186548,-0.707106781186548,0.));
#7294=DIRECTION('',(0.707106781186548,-0.707106781186548,0.));
#7295=DIRECTION('',(-1.15648231731787E-16,1.15648231731787E-16,-1.));
#7296=DIRECTION('',(-0.707106781186548,0.707106781186548,1.06207559753682E-16));
#7297=DIRECTION('',(-1.15648231731787E-16,1.15648231731787E-16,-1.));
#7298=DIRECTION('',(-0.707106781186548,0.707106781186548,1.41610079671576E-16));
#7299=DIRECTION('',(0.,0.,1.));
#7300=DIRECTION('',(1.,0.,0.));
#7301=DIRECTION('',(0.,1.,0.));
#7302=DIRECTION('',(1.,0.,0.));
#7303=DIRECTION('',(0.,1.,0.));
#7304=DIRECTION('',(0.,0.,1.));
#7305=DIRECTION('',(1.,0.,0.));
#7306=DIRECTION('',(0.707106781186548,-0.707106781186548,0.));
#7307=DIRECTION('',(0.,0.,1.));
#7308=DIRECTION('',(1.,0.,0.));
#7309=DIRECTION('',(0.,0.,1.));
#7310=DIRECTION('',(1.,0.,0.));
#7311=DIRECTION('',(0.,1.,0.));
#7312=DIRECTION('',(-0.707106781186548,-0.707106781186548,0.));
#7313=DIRECTION('',(0.,0.,1.));
#7314=DIRECTION('',(1.,0.,0.));
#7315=DIRECTION('',(0.707106781186548,-0.707106781186548,0.));
#7316=DIRECTION('',(0.,0.,1.));
#7317=DIRECTION('',(1.,0.,0.));
#7318=DIRECTION('',(0.,1.,0.));
#7319=DIRECTION('',(1.,0.,0.));
#7320=DIRECTION('',(0.,1.,0.));
#7321=DIRECTION('',(0.,0.,1.));
#7322=DIRECTION('',(1.,0.,0.));
#7323=DIRECTION('',(0.,0.,1.));
#7324=DIRECTION('',(1.,0.,0.));
#7325=DIRECTION('',(-0.707106781186548,-0.707106781186548,0.));
#7326=DIRECTION('',(0.,1.,0.));
#7327=DIRECTION('',(0.,0.,-1.));
#7328=DIRECTION('',(-1.,0.,0.));
#7329=DIRECTION('',(0.,0.,-1.));
#7330=DIRECTION('',(0.,1.,0.));
#7331=DIRECTION('',(0.,0.,1.));
#7332=DIRECTION('',(0.,-1.,0.));
#7333=DIRECTION('',(0.,0.,-1.));
#7334=DIRECTION('',(0.,-1.,0.));
#7335=DIRECTION('',(0.,0.,-1.));
#7336=DIRECTION('',(0.,1.,0.));
#7337=DIRECTION('',(-0.707106781186548,0.707106781186548,8.177564888978E-17));
#7338=DIRECTION('',(0.707106781186548,0.707106781186548,-8.177564888978E-17));
#7339=DIRECTION('',(-0.707106781186548,-0.707106781186548,0.));
#7340=DIRECTION('',(-0.707106781186548,0.707106781186548,0.));
#7341=DIRECTION('',(0.,-1.,0.));
#7342=DIRECTION('',(0.,0.,-1.));
#7343=DIRECTION('',(0.,1.,0.));
#7344=DIRECTION('',(0.,1.,0.));
#7345=DIRECTION('',(0.,0.,-1.));
#7346=DIRECTION('',(-1.,0.,0.));
#7347=DIRECTION('',(0.,0.,-1.));
#7348=DIRECTION('',(0.546205414555985,0.,-0.837651267001802));
#7349=DIRECTION('',(-0.837651267001802,0.,-0.546205414555985));
#7350=DIRECTION('',(0.,0.,-1.));
#7351=DIRECTION('',(-1.,0.,0.));
#7352=DIRECTION('',(0.,0.,1.));
#7353=DIRECTION('',(1.,0.,0.));
#7354=DIRECTION('',(0.,0.,-1.));
#7355=DIRECTION('',(0.,0.,1.));
#7356=DIRECTION('',(1.,0.,0.));
#7357=DIRECTION('',(0.546205414555985,0.,0.837651267001802));
#7358=DIRECTION('',(0.837651267001802,0.,-0.546205414555985));
#7359=DIRECTION('',(0.,0.,1.));
#7360=DIRECTION('',(1.,0.,0.));
#7361=DIRECTION('',(1.,0.,0.));
#7362=DIRECTION('',(0.,-1.,0.));
#7363=DIRECTION('',(0.,0.,1.));
#7364=DIRECTION('',(1.,0.,0.));
#7365=DIRECTION('',(0.57759237649435,-0.816325331357302,0.));
#7366=DIRECTION('',(-1.,-4.44089209850063E-16,0.));
#7367=DIRECTION('',(0.,0.,1.));
#7368=DIRECTION('',(1.,0.,0.));
#7369=DIRECTION('',(0.,1.,0.));
#7370=DIRECTION('',(0.,0.,1.));
#7371=DIRECTION('',(1.,0.,0.));
#7372=DIRECTION('',(1.,0.,0.));
#7373=DIRECTION('',(0.,1.,0.));
#7374=DIRECTION('',(0.,0.,1.));
#7375=DIRECTION('',(1.,0.,0.));
#7376=DIRECTION('',(1.,4.44089209850063E-16,0.));
#7377=DIRECTION('',(-0.57759237649435,0.816325331357302,0.));
#7378=DIRECTION('',(0.,0.,1.));
#7379=DIRECTION('',(1.,0.,0.));
#7380=DIRECTION('',(0.,1.,0.));
#7381=DIRECTION('',(0.,0.,1.));
#7382=DIRECTION('',(0.,-1.,0.));
#7383=DIRECTION('',(0.,0.,-1.));
#7384=DIRECTION('',(0.,-1.,0.));
#7385=DIRECTION('',(0.,0.,-1.));
#7386=DIRECTION('',(0.,-1.,0.));
#7387=DIRECTION('',(0.,0.,-1.));
#7388=DIRECTION('',(0.,0.,-1.));
#7389=DIRECTION('',(-1.,0.,0.));
#7390=DIRECTION('',(3.14018491736755E-16,-0.707106781186547,0.707106781186548));
#7391=DIRECTION('',(3.14018491736755E-16,-0.707106781186548,-0.707106781186547));
#7392=DIRECTION('',(-3.14018491736755E-16,0.707106781186548,0.707106781186547));
#7393=DIRECTION('',(-3.14018491736755E-16,0.707106781186547,-0.707106781186548));
#7394=DIRECTION('',(0.,0.,1.));
#7395=DIRECTION('',(1.,0.,0.));
#7396=DIRECTION('',(0.,0.,1.));
#7397=DIRECTION('',(1.,0.,0.));
#7398=DIRECTION('',(0.949908541621323,-0.312528018831676,0.));
#7399=DIRECTION('',(0.,-1.,0.));
#7400=DIRECTION('',(0.,0.,1.));
#7401=DIRECTION('',(1.,0.,0.));
#7402=DIRECTION('',(0.,1.,0.));
#7403=DIRECTION('',(-0.949908541621323,0.312528018831676,0.));
#7404=DIRECTION('',(0.,0.,1.));
#7405=DIRECTION('',(1.,0.,0.));
#7406=DIRECTION('',(-4.44089209850063E-16,1.,0.));
#7407=DIRECTION('',(-1.,-4.44089209850063E-16,0.));
#7408=DIRECTION('',(0.,0.,1.));
#7409=DIRECTION('',(-1.,0.,0.));
#7410=DIRECTION('',(0.,0.,1.));
#7411=DIRECTION('',(0.,0.,-1.));
#7412=DIRECTION('',(0.,0.,1.));
#7413=DIRECTION('',(1.,0.,0.));
#7414=DIRECTION('',(1.,0.,0.));
#7415=DIRECTION('',(0.,1.,0.));
#7416=DIRECTION('',(0.,1.,0.));
#7417=DIRECTION('',(0.,0.,1.));
#7418=DIRECTION('',(1.,0.,0.));
#7419=DIRECTION('',(1.,0.,0.));
#7420=DIRECTION('',(0.,1.,0.));
#7421=DIRECTION('',(0.,1.,0.));
#7422=DIRECTION('',(0.,1.,0.));
#7423=DIRECTION('',(0.,0.,1.));
#7424=DIRECTION('',(0.,-1.,0.));
#7425=DIRECTION('',(0.,0.,-1.));
#7426=DIRECTION('',(0.,1.,0.));
#7427=DIRECTION('',(0.,0.,1.));
#7428=DIRECTION('',(0.,-1.,0.));
#7429=DIRECTION('',(0.,0.,-1.));
#7430=DIRECTION('',(0.,1.,0.));
#7431=DIRECTION('',(0.,0.,1.));
#7432=DIRECTION('',(0.,-1.,0.));
#7433=DIRECTION('',(0.,0.,-1.));
#7434=DIRECTION('',(0.,1.,0.));
#7435=DIRECTION('',(0.,0.,1.));
#7436=DIRECTION('',(0.,-1.,0.));
#7437=DIRECTION('',(0.,0.,-1.));
#7438=DIRECTION('',(0.,1.,0.));
#7439=DIRECTION('',(0.,0.,1.));
#7440=DIRECTION('',(0.,-1.,0.));
#7441=DIRECTION('',(0.,0.,-1.));
#7442=DIRECTION('',(0.,-1.,0.));
#7443=DIRECTION('',(1.,0.,0.));
#7444=DIRECTION('',(-0.707106781186548,0.,0.707106781186548));
#7445=DIRECTION('',(0.,0.,-1.));
#7446=DIRECTION('',(-0.707106781186548,0.,-0.707106781186548));
#7447=DIRECTION('',(0.707106781186547,0.,-0.707106781186548));
#7448=DIRECTION('',(0.,0.,-1.));
#7449=DIRECTION('',(0.707106781186548,0.,0.707106781186547));
#7450=DIRECTION('',(-0.707106781186548,-0.707106781186547,0.));
#7451=DIRECTION('',(0.,0.,1.));
#7452=DIRECTION('',(-0.577592376494349,-0.816325331357303,0.));
#7453=DIRECTION('',(0.,0.,-1.));
#7454=DIRECTION('',(0.,0.,-1.));
#7455=DIRECTION('',(-0.632375932409128,0.447438666433036,-0.632375932409127));
#7456=DIRECTION('',(-0.632375932409127,0.447438666433035,0.632375932409128));
#7457=DIRECTION('',(0.707106781186548,0.,0.707106781186548));
#7458=DIRECTION('',(0.,1.,0.));
#7459=DIRECTION('',(-0.688714606821274,0.226592984670829,0.688714606821275));
#7460=DIRECTION('',(0.707106781186548,0.,0.707106781186548));
#7461=DIRECTION('',(0.707106781186548,0.,-0.707106781186548));
#7462=DIRECTION('',(-0.707106781186548,0.,0.707106781186548));
#7463=DIRECTION('',(0.,-1.,0.));
#7464=DIRECTION('',(-0.688714606821274,0.226592984670829,-0.688714606821275));
#7465=DIRECTION('',(-0.707106781186548,0.,0.707106781186548));
#7466=DIRECTION('',(-0.707106781186548,0.,-0.707106781186548));
#7467=DIRECTION('',(-0.707106781186548,0.,-0.707106781186547));
#7468=DIRECTION('',(0.,-1.,0.));
#7469=DIRECTION('',(0.707106781186547,0.,-0.707106781186548));
#7470=DIRECTION('',(0.,1.,0.));
#7471=DIRECTION('',(0.,0.,-1.));
#7472=DIRECTION('',(-1.,0.,0.));
#7473=DIRECTION('',(-4.44089209850063E-16,1.,0.));
#7474=DIRECTION('',(1.,4.44089209850063E-16,0.));
#7475=DIRECTION('',(1.,4.44089209850063E-16,0.));
#7476=DIRECTION('',(0.,0.,-1.));
#7477=DIRECTION('',(-1.,0.,0.));
#7478=DIRECTION('',(-4.44089209850063E-16,1.,0.));
#7479=DIRECTION('',(1.,4.44089209850063E-16,0.));
#7480=DIRECTION('',(1.,4.44089209850063E-16,0.));
#7481=DIRECTION('',(1.,4.44089209850063E-16,0.));
#7482=DIRECTION('',(-4.44089209850063E-16,1.,0.));
#7483=DIRECTION('',(1.,4.44089209850063E-16,0.));
#7484=DIRECTION('',(0.,0.,-1.));
#7485=DIRECTION('',(1.,4.44089209850063E-16,0.));
#7486=DIRECTION('',(-4.44089209850063E-16,1.,0.));
#7487=DIRECTION('',(1.,4.44089209850063E-16,0.));
#7488=DIRECTION('',(0.,0.,-1.));
#7489=DIRECTION('',(1.,4.44089209850063E-16,0.));
#7490=DIRECTION('',(-4.44089209850063E-16,1.,0.));
#7491=DIRECTION('',(1.,4.44089209850063E-16,0.));
#7492=DIRECTION('',(0.,0.,-1.));
#7493=DIRECTION('',(1.,4.44089209850063E-16,0.));
#7494=DIRECTION('',(-4.44089209850063E-16,1.,0.));
#7495=DIRECTION('',(1.,4.44089209850063E-16,0.));
#7496=DIRECTION('',(0.,0.,-1.));
#7497=DIRECTION('',(1.,4.44089209850063E-16,0.));
#7498=DIRECTION('',(-4.44089209850063E-16,1.,0.));
#7499=DIRECTION('',(1.,4.44089209850063E-16,0.));
#7500=DIRECTION('',(0.,0.,-1.));
#7501=DIRECTION('',(-1.,-4.44089209850063E-16,0.));
#7502=DIRECTION('',(-4.44089209850063E-16,1.,0.));
#7503=DIRECTION('',(3.14018491736755E-16,-0.707106781186548,-0.707106781186548));
#7504=DIRECTION('',(0.,0.,1.));
#7505=DIRECTION('',(3.14018491736755E-16,-0.707106781186548,0.707106781186548));
#7506=DIRECTION('',(-3.14018491736755E-16,0.707106781186548,0.707106781186547));
#7507=DIRECTION('',(0.,0.,1.));
#7508=DIRECTION('',(-3.14018491736755E-16,0.707106781186547,-0.707106781186548));
#7509=DIRECTION('',(0.707106781186546,0.707106781186549,0.));
#7510=DIRECTION('',(0.,0.,-1.));
#7511=DIRECTION('',(-0.816325331357302,-0.57759237649435,0.));
#7512=DIRECTION('',(0.,0.,-1.));
#7513=DIRECTION('',(0.,0.,-1.));
#7514=DIRECTION('',(0.447438666433036,-0.632375932409127,0.632375932409128));
#7515=DIRECTION('',(0.447438666433036,-0.632375932409127,-0.632375932409127));
#7516=DIRECTION('',(3.14018491736755E-16,-0.707106781186548,-0.707106781186548));
#7517=DIRECTION('',(-1.,-4.44089209850063E-16,0.));
#7518=DIRECTION('',(-0.22659298467083,0.688714606821274,-0.688714606821275));
#7519=DIRECTION('',(3.14018491736755E-16,-0.707106781186548,-0.707106781186548));
#7520=DIRECTION('',(-3.14018491736755E-16,0.707106781186548,-0.707106781186548));
#7521=DIRECTION('',(-3.14018491736755E-16,0.707106781186548,-0.707106781186548));
#7522=DIRECTION('',(1.,4.44089209850063E-16,0.));
#7523=DIRECTION('',(-0.22659298467083,0.688714606821274,0.688714606821275));
#7524=DIRECTION('',(-3.14018491736755E-16,0.707106781186548,-0.707106781186548));
#7525=DIRECTION('',(3.14018491736755E-16,-0.707106781186548,-0.707106781186548));
#7526=DIRECTION('',(-3.14018491736755E-16,0.707106781186548,0.707106781186547));
#7527=DIRECTION('',(1.,4.44089209850063E-16,0.));
#7528=DIRECTION('',(3.14018491736755E-16,-0.707106781186547,0.707106781186548));
#7529=DIRECTION('',(-1.,-4.44089209850063E-16,0.));
#7530=DIRECTION('',(0.,0.,-1.));
#7531=DIRECTION('',(-1.,0.,0.));
#7532=DIRECTION('',(0.,0.,-1.));
#7533=DIRECTION('',(-1.,0.,0.));
#7534=DIRECTION('',(0.,-1.,0.));
#7535=DIRECTION('',(1.,0.,0.));
#7536=DIRECTION('',(0.,-1.,0.));
#7537=DIRECTION('',(1.,0.,0.));
#7538=DIRECTION('',(0.837651267001802,0.,0.546205414555985));
#7539=DIRECTION('',(-0.837651267001802,0.,0.546205414555985));
#7540=DIRECTION('',(0.,-1.,0.));
#7541=DIRECTION('',(1.,0.,0.));
#7542=DIRECTION('',(0.,-1.,0.));
#7543=DIRECTION('',(0.,0.,-1.));
#7544=DIRECTION('',(0.,1.,0.));
#7545=DIRECTION('',(0.,0.,1.));
#7546=DIRECTION('',(0.,-1.,0.));
#7547=DIRECTION('',(0.,0.,-1.));
#7548=DIRECTION('',(0.,-1.,0.));
#7549=DIRECTION('',(1.,0.,0.));
#7550=DIRECTION('',(-0.707106781186548,0.707106781186548,8.177564888978E-17));
#7551=DIRECTION('',(-0.707106781186548,-0.707106781186548,0.));
#7552=DIRECTION('',(0.643795722593308,0.643795722593309,-0.413586913648292));
#7553=DIRECTION('',(-5.78241158658936E-17,5.78241158658936E-17,-1.));
#7554=DIRECTION('',(-0.707106781186548,-0.707106781186548,0.));
#7555=DIRECTION('',(5.78241158658936E-17,-5.78241158658936E-17,1.));
#7556=DIRECTION('',(-0.707106781186548,-0.707106781186548,0.));
#7557=DIRECTION('',(-5.78241158658936E-17,5.78241158658936E-17,-1.));
#7558=DIRECTION('',(-0.643795722593308,-0.643795722593309,-0.413586913648292));
#7559=DIRECTION('',(-0.707106781186548,0.707106781186548,8.177564888978E-17));
#7560=DIRECTION('',(-0.707106781186548,-0.707106781186548,0.));
#7561=DIRECTION('',(-0.707106781186548,-0.707106781186548,0.));
#7562=DIRECTION('',(-5.78241158658936E-17,5.78241158658936E-17,-1.));
#7563=DIRECTION('',(-0.707106781186548,-0.707106781186548,0.));
#7564=DIRECTION('',(-5.78241158658936E-17,5.78241158658936E-17,-1.));
#7565=DIRECTION('',(0.64213582477067,0.64213582477067,0.418716091274484));
#7566=DIRECTION('',(-5.78241158658936E-17,5.78241158658936E-17,-1.));
#7567=DIRECTION('',(-0.707106781186548,-0.707106781186548,0.));
#7568=DIRECTION('',(0.707106781186548,-0.707106781186548,0.));
#7569=DIRECTION('',(-0.64213582477067,0.64213582477067,-0.418716091274484));
#7570=DIRECTION('',(-0.707106781186548,0.707106781186548,1.41610079671576E-16));
#7571=DIRECTION('',(-0.643795722593309,0.643795722593308,-0.413586913648292));
#7572=DIRECTION('',(-0.707106781186548,-0.707106781186548,0.));
#7573=DIRECTION('',(-0.707106781186548,0.707106781186548,0.));
#7574=DIRECTION('',(-0.707106781186548,-0.707106781186548,0.));
#7575=DIRECTION('',(-0.707106781186548,0.707106781186548,0.));
#7576=DIRECTION('',(0.643795722593309,-0.643795722593308,-0.413586913648292));
#7577=DIRECTION('',(-0.707106781186548,0.707106781186548,1.06207559753682E-16));
#7578=DIRECTION('',(7.5100085715104E-17,-7.5100085715104E-17,1.));
#7579=DIRECTION('',(1.,0.,-7.5100085715104E-17));
#7580=DIRECTION('',(0.707106781186548,0.707106781186548,0.));
#7581=DIRECTION('',(-0.707106781186548,0.707106781186548,1.06207559753682E-16));
#7582=DIRECTION('',(0.707106781186548,0.707106781186548,0.));
#7583=DIRECTION('',(-0.707106781186548,0.707106781186548,1.06207559753682E-16));
#7584=DIRECTION('',(1.,-4.00156641471249E-32,-7.5100085715104E-17));
#7585=DIRECTION('',(-4.00156641471249E-32,1.,7.5100085715104E-17));
#7586=DIRECTION('',(1.00133447620139E-16,-1.00133447620139E-16,1.));
#7587=DIRECTION('',(1.,0.,-1.00133447620139E-16));
#7588=DIRECTION('',(-1.,3.85681321278153E-32,1.00133447620139E-16));
#7589=DIRECTION('',(-0.707106781186548,0.707106781186548,1.41610079671576E-16));
#7590=DIRECTION('',(3.85681321278153E-32,-1.,-1.00133447620139E-16));
#7591=DIRECTION('',(-0.707106781186548,0.707106781186548,1.41610079671576E-16));
#7592=DIRECTION('',(0.707106781186548,0.707106781186548,0.));
#7593=DIRECTION('',(0.707106781186548,0.707106781186548,0.));
#7594=DIRECTION('',(0.707106781186548,-0.707106781186548,-1.6355129777956E-16));
#7595=DIRECTION('',(0.707106781186548,0.707106781186548,0.));
#7596=DIRECTION('',(-1.15648231731787E-16,1.15648231731787E-16,-1.));
#7597=DIRECTION('',(0.707106781186548,-0.707106781186548,-1.6355129777956E-16));
#7598=DIRECTION('',(0.707106781186548,0.707106781186548,0.));
#7599=DIRECTION('',(-1.15648231731787E-16,1.15648231731787E-16,-1.));
#7600=DIRECTION('',(-0.707106781186548,-0.707106781186548,0.));
#7601=DIRECTION('',(0.707106781186548,-0.707106781186548,0.));
#7602=DIRECTION('',(-0.707106781186548,-0.707106781186548,0.));
#7603=DIRECTION('',(0.707106781186548,-0.707106781186548,0.));
#7604=DIRECTION('',(5.78241158658936E-17,-5.78241158658936E-17,1.));
#7605=DIRECTION('',(-5.78241158658936E-17,5.78241158658936E-17,-1.));
#7606=DIRECTION('',(-1.,0.,0.));
#7607=DIRECTION('',(0.,0.,1.));
#7608=DIRECTION('',(-1.,0.,0.));
#7609=DIRECTION('',(-1.,0.,0.));
#7610=DIRECTION('',(1.,0.,0.));
#7611=DIRECTION('',(0.,0.,-1.));
#7612=DIRECTION('',(0.707106781186547,0.,0.707106781186548));
#7613=DIRECTION('',(-0.707106781186548,0.,0.707106781186547));
#7614=DIRECTION('',(-1.,0.,0.));
#7615=DIRECTION('',(-1.,0.,0.));
#7616=DIRECTION('',(1.,0.,0.));
#7617=DIRECTION('',(0.,0.,-1.));
#7618=DIRECTION('',(-0.707106781186547,0.,0.707106781186548));
#7619=DIRECTION('',(-0.707106781186548,0.,-0.707106781186547));
#7620=DIRECTION('',(1.,0.,0.));
#7621=DIRECTION('',(0.,0.,-1.));
#7622=DIRECTION('',(1.,0.,0.));
#7623=DIRECTION('',(0.,1.,0.));
#7624=DIRECTION('',(0.,-1.,0.));
#7625=DIRECTION('',(1.,0.,0.));
#7626=DIRECTION('',(0.,1.,0.));
#7627=DIRECTION('',(0.,1.,0.));
#7628=DIRECTION('',(1.,0.,0.));
#7629=DIRECTION('',(0.,1.,0.));
#7630=DIRECTION('',(1.,0.,0.));
#7631=DIRECTION('',(0.,0.,-1.));
#7632=DIRECTION('',(1.,0.,0.));
#7633=DIRECTION('',(0.,0.,-1.));
#7634=DIRECTION('',(1.,0.,0.));
#7635=DIRECTION('',(0.,0.,-1.));
#7636=DIRECTION('',(1.,0.,0.));
#7637=DIRECTION('',(0.,1.,0.));
#7638=DIRECTION('',(1.,0.,0.));
#7639=DIRECTION('',(0.,0.,-1.));
#7640=DIRECTION('',(0.,0.540497015954309,-0.841345931079771));
#7641=DIRECTION('',(-1.,0.,0.));
#7642=DIRECTION('',(0.,0.540497015954309,0.841345931079771));
#7643=DIRECTION('',(-1.,0.,0.));
#7644=DIRECTION('',(-0.707106781186547,0.,0.707106781186548));
#7645=DIRECTION('',(0.,1.,0.));
#7646=DIRECTION('',(-0.707106781186547,0.,0.707106781186548));
#7647=DIRECTION('',(-0.707106781186548,0.,-0.707106781186547));
#7648=DIRECTION('',(0.,0.533493565673837,-0.845804123532521));
#7649=DIRECTION('',(-1.,0.,0.));
#7650=DIRECTION('',(0.,0.533493565673837,0.845804123532521));
#7651=DIRECTION('',(-1.,0.,0.));
#7652=DIRECTION('',(0.470698296393289,0.746248100530186,-0.470698296393289));
#7653=DIRECTION('',(0.707106781186547,0.,0.707106781186548));
#7654=DIRECTION('',(0.,-1.,0.));
#7655=DIRECTION('',(0.707106781186547,0.,0.707106781186548));
#7656=DIRECTION('',(-0.707106781186548,0.,0.707106781186547));
#7657=DIRECTION('',(-4.43582602050535E-32,-1.,-5.78241158658936E-17));
#7658=DIRECTION('',(5.78241158658936E-17,-5.78241158658936E-17,1.));
#7659=DIRECTION('',(1.,4.43582602050535E-32,-5.78241158658936E-17));
#7660=DIRECTION('',(-5.78241158658936E-17,5.78241158658936E-17,-1.));
#7661=DIRECTION('',(0.546205414555985,0.,-0.837651267001802));
#7662=DIRECTION('',(0.,1.,0.));
#7663=DIRECTION('',(0.546205414555985,0.,0.837651267001802));
#7664=DIRECTION('',(0.,1.,0.));
#7665=DIRECTION('',(-1.,0.,0.));
#7666=DIRECTION('',(0.,0.,1.));
#7667=DIRECTION('',(0.,0.,-1.));
#7668=DIRECTION('',(-1.,0.,0.));
#7669=DIRECTION('',(0.,0.,1.));
#7670=DIRECTION('',(1.,0.,0.));
#7671=DIRECTION('',(0.,0.,1.));
#7672=DIRECTION('',(1.,0.,0.));
#7673=DIRECTION('',(0.,0.,-1.));
#7674=DIRECTION('',(-1.,0.,0.));
#7675=DIRECTION('',(0.,0.,-1.));
#7676=DIRECTION('',(0.,0.,-1.));
#7677=DIRECTION('',(0.,0.,1.));
#7678=DIRECTION('',(1.,0.,0.));
#7679=DIRECTION('',(0.,0.,1.));
#7680=DIRECTION('',(1.,0.,0.));
#7681=DIRECTION('',(0.,0.,1.));
#7682=DIRECTION('',(1.,0.,0.));
#7683=DIRECTION('',(0.,0.,1.));
#7684=DIRECTION('',(1.,0.,0.));
#7685=DIRECTION('',(0.,0.,1.));
#7686=DIRECTION('',(1.,0.,0.));
#7687=DIRECTION('',(0.,0.,1.));
#7688=DIRECTION('',(1.,0.,0.));
#7689=DIRECTION('',(0.,0.,1.));
#7690=DIRECTION('',(1.,0.,0.));
#7691=DIRECTION('',(0.,0.,1.));
#7692=DIRECTION('',(1.,0.,0.));
#7693=DIRECTION('',(0.949908541621322,0.312528018831677,0.));
#7694=DIRECTION('',(0.,0.,-1.));
#7695=DIRECTION('',(-0.312528018831676,-0.949908541621323,0.));
#7696=DIRECTION('',(0.,0.,-1.));
#7697=DIRECTION('',(0.,0.,1.));
#7698=DIRECTION('',(1.,0.,0.));
#7699=DIRECTION('',(0.,0.,1.));
#7700=DIRECTION('',(1.,0.,0.));
#7701=DIRECTION('',(0.,0.,1.));
#7702=DIRECTION('',(1.,0.,0.));
#7703=DIRECTION('',(-1.,-1.22464679914735E-16,0.));
#7704=DIRECTION('',(1.22464679914735E-16,-1.,0.));
#7705=DIRECTION('',(-1.,-1.22464679914735E-16,0.));
#7706=DIRECTION('',(1.22464679914735E-16,-1.,0.));
#7707=DIRECTION('',(1.,1.22464679914735E-16,0.));
#7708=DIRECTION('',(-1.22464679914735E-16,1.,0.));
#7709=DIRECTION('',(-1.,-1.22464679914735E-16,0.));
#7710=DIRECTION('',(1.22464679914735E-16,-1.,0.));
#7711=DIRECTION('',(1.,1.22464679914735E-16,0.));
#7712=DIRECTION('',(-1.22464679914735E-16,1.,0.));
#7713=DIRECTION('',(-1.,-1.22464679914735E-16,0.));
#7714=DIRECTION('',(1.22464679914735E-16,-1.,0.));
#7715=DIRECTION('',(1.22464679914735E-16,-1.,0.));
#7716=DIRECTION('',(3.06161699786839E-16,3.74939945665464E-32,-1.));
#7717=DIRECTION('',(1.,1.22464679914735E-16,0.));
#7718=DIRECTION('',(-1.22464679914735E-16,1.,0.));
#7719=DIRECTION('',(1.,0.,0.));
#7720=DIRECTION('',(0.,0.,-1.));
#7721=DIRECTION('',(1.,0.,0.));
#7722=DIRECTION('',(0.,0.,-1.));
#7723=DIRECTION('',(1.,0.,0.));
#7724=DIRECTION('',(0.,0.,-1.));
#7725=DIRECTION('',(1.,0.,0.));
#7726=DIRECTION('',(0.,0.,-1.));
#7727=DIRECTION('',(1.22464679914735E-16,-1.,0.));
#7728=DIRECTION('',(3.06161699786839E-16,3.74939945665464E-32,-1.));
#7729=DIRECTION('',(1.,0.,0.));
#7730=DIRECTION('',(0.,0.,-1.));
#7731=DIRECTION('',(1.,1.22464679914735E-16,0.));
#7732=DIRECTION('',(-1.22464679914735E-16,1.,0.));
#7733=DIRECTION('',(1.,0.,0.));
#7734=DIRECTION('',(0.,1.,0.));
#7735=DIRECTION('',(-1.,0.,0.));
#7736=DIRECTION('',(0.,1.,-1.83697019872103E-16));
#7737=DIRECTION('',(-1.,0.,0.));
#7738=DIRECTION('',(0.,-1.22464679914735E-16,-1.));
#7739=DIRECTION('',(-1.,0.,0.));
#7740=DIRECTION('',(0.,-1.,6.12323399573677E-17));
#7741=DIRECTION('',(-1.,0.,0.));
#7742=DIRECTION('',(0.,0.,1.));
#7743=DIRECTION('',(-1.,0.,0.));
#7744=DIRECTION('',(0.,0.,1.));
#7745=DIRECTION('',(-1.,0.,0.));
#7746=DIRECTION('',(0.,-1.,6.12323399573677E-17));
#7747=DIRECTION('',(-1.,0.,0.));
#7748=DIRECTION('',(0.,-1.22464679914735E-16,-1.));
#7749=DIRECTION('',(-1.,0.,0.));
#7750=DIRECTION('',(0.,1.,-1.83697019872103E-16));
#7751=DIRECTION('',(1.,0.,0.));
#7752=DIRECTION('',(0.,0.,-1.));
#7753=DIRECTION('',(-1.,0.,0.));
#7754=DIRECTION('',(0.,0.,1.));
#7755=DIRECTION('',(1.,0.,0.));
#7756=DIRECTION('',(0.,0.,-1.));
#7757=DIRECTION('',(-1.,0.,0.));
#7758=DIRECTION('',(0.,0.,1.));
#7759=DIRECTION('',(1.,0.,0.));
#7760=DIRECTION('',(0.,0.,-1.));
#7761=DIRECTION('',(1.,0.,0.));
#7762=DIRECTION('',(0.,0.,-1.));
#7763=DIRECTION('',(-1.,0.,0.));
#7764=DIRECTION('',(0.,0.,1.));
#7765=DIRECTION('',(-1.,0.,0.));
#7766=DIRECTION('',(0.,-1.,0.));
#7767=DIRECTION('',(1.,0.,0.));
#7768=DIRECTION('',(0.,0.,-1.));
#7769=DIRECTION('',(-1.,0.,0.));
#7770=DIRECTION('',(0.,-1.,6.12323399573677E-17));
#7771=DIRECTION('',(1.,0.,0.));
#7772=DIRECTION('',(0.,0.,-1.));
#7773=DIRECTION('',(-1.,0.,0.));
#7774=DIRECTION('',(0.,-1.,6.12323399573677E-17));
#7775=DIRECTION('',(1.,0.,0.));
#7776=DIRECTION('',(0.,0.,-1.));
#7777=DIRECTION('',(1.,0.,0.));
#7778=DIRECTION('',(0.,0.,-1.));
#7779=DIRECTION('',(-1.,0.,0.));
#7780=DIRECTION('',(0.,-1.,6.12323399573677E-17));
#7781=DIRECTION('',(-1.,0.,0.));
#7782=DIRECTION('',(0.,-6.12323399573677E-17,-1.));
#7783=DIRECTION('',(1.,0.,0.));
#7784=DIRECTION('',(0.,0.,-1.));
#7785=DIRECTION('',(-1.,0.,0.));
#7786=DIRECTION('',(0.,-1.22464679914735E-16,-1.));
#7787=DIRECTION('',(1.,0.,0.));
#7788=DIRECTION('',(0.,0.,-1.));
#7789=DIRECTION('',(-1.,0.,0.));
#7790=DIRECTION('',(0.,-1.22464679914735E-16,-1.));
#7791=DIRECTION('',(1.,0.,0.));
#7792=DIRECTION('',(0.,0.,-1.));
#7793=DIRECTION('',(1.,0.,0.));
#7794=DIRECTION('',(0.,0.,-1.));
#7795=DIRECTION('',(-1.,0.,0.));
#7796=DIRECTION('',(0.,-1.22464679914735E-16,-1.));
#7797=DIRECTION('',(-1.,0.,0.));
#7798=DIRECTION('',(0.,1.,-1.22464679914735E-16));
#7799=DIRECTION('',(1.,0.,0.));
#7800=DIRECTION('',(0.,0.,-1.));
#7801=DIRECTION('',(-1.,0.,0.));
#7802=DIRECTION('',(0.,1.,-1.83697019872103E-16));
#7803=DIRECTION('',(1.,0.,0.));
#7804=DIRECTION('',(0.,0.,-1.));
#7805=DIRECTION('',(-1.,0.,0.));
#7806=DIRECTION('',(0.,1.,-1.83697019872103E-16));
#7807=DIRECTION('',(1.,0.,0.));
#7808=DIRECTION('',(0.,0.,-1.));
#7809=DIRECTION('',(1.,0.,0.));
#7810=DIRECTION('',(0.,0.,-1.));
#7811=DIRECTION('',(-1.,0.,0.));
#7812=DIRECTION('',(0.,1.,-1.83697019872103E-16));
#7813=DIRECTION('',(-1.,0.,0.));
#7814=DIRECTION('',(0.,1.83697019872103E-16,1.));
#7815=DIRECTION('',(0.,0.,1.));
#7816=DIRECTION('',(1.,0.,0.));
#7817=DIRECTION('',(0.,-3.06161699786839E-16,-1.));
#7818=DIRECTION('',(0.,1.,-3.06161699786839E-16));
#7819=DIRECTION('',(0.,3.06161699786839E-16,1.));
#7820=DIRECTION('',(0.,1.,-3.06161699786839E-16));
#7821=DIRECTION('',(0.,-3.06161699786839E-16,-1.));
#7822=DIRECTION('',(0.,1.,-3.06161699786839E-16));
#7823=DIRECTION('',(1.,0.,0.));
#7824=DIRECTION('',(0.,0.,-1.));
#7825=DIRECTION('',(1.,0.,0.));
#7826=DIRECTION('',(0.,0.,-1.));
#7827=DIRECTION('',(0.,-1.,3.06161699786839E-16));
#7828=DIRECTION('',(1.,0.,0.));
#7829=DIRECTION('',(0.,0.,-1.));
#7830=DIRECTION('',(0.,0.,1.));
#7831=DIRECTION('',(-1.,0.,0.));
#7832=DIRECTION('',(0.,0.,1.));
#7833=DIRECTION('',(0.,0.,1.));
#7834=DIRECTION('',(0.,-3.06161699786839E-16,-1.));
#7835=DIRECTION('',(0.,1.,-3.06161699786839E-16));
#7836=DIRECTION('',(0.,-3.06161699786839E-16,-1.));
#7837=DIRECTION('',(0.,1.,-3.06161699786839E-16));
#7838=DIRECTION('',(0.,-3.06161699786839E-16,-1.));
#7839=DIRECTION('',(0.,1.,-3.06161699786839E-16));
#7840=DIRECTION('',(-1.,0.,0.));
#7841=DIRECTION('',(0.,1.,-3.06161699786839E-16));
#7842=DIRECTION('',(0.,-1.,0.));
#7843=DIRECTION('',(0.,0.,-1.));
#7844=DIRECTION('',(0.,1.,0.));
#7845=DIRECTION('',(0.,0.,1.));
#7846=DIRECTION('',(-1.,0.,0.));
#7847=DIRECTION('',(0.,0.,1.));
#7848=DIRECTION('',(-1.,0.,0.));
#7849=DIRECTION('',(0.,0.,1.));
#7850=DIRECTION('',(-1.,0.,0.));
#7851=DIRECTION('',(0.,0.,1.));
#7852=DIRECTION('',(0.,0.,-1.));
#7853=DIRECTION('',(0.,1.,-3.06161699786839E-16));
#7854=DIRECTION('',(0.,0.,-1.));
#7855=DIRECTION('',(0.,1.,0.));
#7856=DIRECTION('',(0.,0.,1.));
#7857=DIRECTION('',(1.,0.,0.));
#7858=DIRECTION('',(0.,1.,0.));
#7859=DIRECTION('',(0.,0.,1.));
#7860=DIRECTION('',(1.,0.,0.));
#7861=DIRECTION('',(0.,-3.06161699786839E-16,-1.));
#7862=DIRECTION('',(1.,0.,0.));
#7863=DIRECTION('',(0.,-1.,3.06161699786839E-16));
#7864=DIRECTION('',(1.,0.,0.));
#7865=DIRECTION('',(0.,1.,-3.06161699786839E-16));
#7866=DIRECTION('',(1.,0.,0.));
#7867=DIRECTION('',(-1.,0.,0.));
#7868=DIRECTION('',(0.,-1.,3.06161699786839E-16));
#7869=DIRECTION('',(-1.,0.,0.));
#7870=DIRECTION('',(0.,1.,-3.06161699786839E-16));
#7871=DIRECTION('',(0.,-1.,0.));
#7872=DIRECTION('',(1.,0.,0.));
#7873=DIRECTION('',(0.,-1.,0.));
#7874=DIRECTION('',(0.,0.,-1.));
#7875=DIRECTION('',(0.,-1.,0.));
#7876=DIRECTION('',(0.,0.,-1.));
#7877=DIRECTION('',(-1.13035890357611E-16,0.,-1.));
#7878=DIRECTION('',(0.,-1.,0.));
#7879=DIRECTION('',(0.,0.,-1.));
#7880=DIRECTION('',(1.13035890357611E-16,0.,-1.));
#7881=DIRECTION('',(0.,1.,0.));
#7882=DIRECTION('',(0.,0.,1.));
#7883=DIRECTION('',(0.,-1.,0.));
#7884=DIRECTION('',(0.,0.,-1.));
#7885=DIRECTION('',(0.,1.,0.));
#7886=DIRECTION('',(0.,0.,1.));
#7887=DIRECTION('',(0.,-1.,0.));
#7888=DIRECTION('',(1.,0.,0.));
#7889=DIRECTION('',(0.,-1.,0.));
#7890=DIRECTION('',(0.,0.,-1.));
#7891=DIRECTION('',(0.,1.,0.));
#7892=DIRECTION('',(0.,0.,1.));
#7893=DIRECTION('',(0.,-1.,0.));
#7894=DIRECTION('',(0.,0.,-1.));
#7895=DIRECTION('',(0.,-1.,0.));
#7896=DIRECTION('',(0.,0.,-1.));
#7897=DIRECTION('',(0.,-1.,0.));
#7898=DIRECTION('',(1.,0.,0.));
#7899=DIRECTION('',(0.,-1.,0.));
#7900=DIRECTION('',(0.,0.,-1.));
#7901=DIRECTION('',(-1.13035890357611E-16,0.,-1.));
#7902=DIRECTION('',(0.,-1.,0.));
#7903=DIRECTION('',(0.,0.,-1.));
#7904=DIRECTION('',(1.13035890357611E-16,0.,-1.));
#7905=DIRECTION('',(0.,-1.,0.));
#7906=DIRECTION('',(0.,0.,-1.));
#7907=DIRECTION('',(0.,-1.,0.));
#7908=DIRECTION('',(0.,-1.,0.));
#7909=DIRECTION('',(0.,-1.,0.));
#7910=DIRECTION('',(0.,0.,-1.));
#7911=DIRECTION('',(0.,-1.,0.));
#7912=DIRECTION('',(0.,-1.,0.));
#7913=DIRECTION('',(-1.,0.,-1.13035890357611E-16));
#7914=DIRECTION('',(-1.13035890357611E-16,0.,1.));
#7915=DIRECTION('',(-1.,0.,0.));
#7916=DIRECTION('',(0.,0.,-1.));
#7917=DIRECTION('',(-1.,0.,0.));
#7918=DIRECTION('',(0.,0.,1.));
#7919=DIRECTION('',(0.,-1.,3.06161699786839E-16));
#7920=DIRECTION('',(-1.,0.,0.));
#7921=DIRECTION('',(0.,0.,1.));
#7922=DIRECTION('',(0.,0.,1.));
#7923=DIRECTION('',(-1.,0.,0.));
#7924=DIRECTION('',(0.,0.,1.));
#7925=DIRECTION('',(0.,0.,1.));
#7926=DIRECTION('',(1.,0.,0.));
#7927=DIRECTION('',(0.,0.,1.));
#7928=DIRECTION('',(-1.,0.,0.));
#7929=DIRECTION('',(0.,0.,1.));
#7930=DIRECTION('',(1.,0.,0.));
#7931=DIRECTION('',(0.,0.,1.));
#7932=DIRECTION('',(0.,0.,-1.));
#7933=DIRECTION('',(0.,1.,-3.06161699786839E-16));
#7934=DIRECTION('',(0.,0.,-1.));
#7935=DIRECTION('',(0.,1.,0.));
#7936=DIRECTION('',(0.,0.,1.));
#7937=DIRECTION('',(-1.,0.,0.));
#7938=DIRECTION('',(0.,1.,0.));
#7939=DIRECTION('',(0.,0.,1.));
#7940=DIRECTION('',(-1.,0.,0.));
#7941=DIRECTION('',(1.,0.,-1.13035890357611E-16));
#7942=DIRECTION('',(1.13035890357611E-16,0.,1.));
#7943=DIRECTION('',(1.16025478592775E-15,3.99951461316419E-17,1.));
#7944=DIRECTION('',(1.,0.,-1.16025478592775E-15));
#7945=DIRECTION('',(-1.15471987244864E-15,3.55861885527045E-17,1.));
#7946=DIRECTION('',(1.,0.,1.15471987244864E-15));
#7947=DIRECTION('',(0.,-1.,0.));
#7948=DIRECTION('',(0.,0.,-1.));
#7949=DIRECTION('',(1.50894292180248E-15,-3.99951461316414E-17,1.));
#7950=DIRECTION('',(1.,0.,-1.50894292180248E-15));
#7951=DIRECTION('',(-1.50340800832338E-15,-4.44041037105779E-17,1.));
#7952=DIRECTION('',(1.,0.,1.50340800832338E-15));
#7953=DIRECTION('',(0.,1.,0.));
#7954=DIRECTION('',(0.,0.,1.));
#7955=DIRECTION('',(-1.,0.,0.));
#7956=DIRECTION('',(0.,0.,1.));
#7957=DIRECTION('',(-0.707106781186548,0.707106781186548,-2.16489014058874E-16));
#7958=DIRECTION('',(0.707106781186548,0.707106781186548,-2.16489014058874E-16));
#7959=DIRECTION('',(0.,1.,-3.06161699786839E-16));
#7960=DIRECTION('',(0.,3.06161699786839E-16,1.));
#7961=DIRECTION('',(0.707106781186548,0.707106781186548,-2.16489014058874E-16));
#7962=DIRECTION('',(0.707106781186548,-0.707106781186548,2.16489014058874E-16));
#7963=DIRECTION('',(1.,0.,0.));
#7964=DIRECTION('',(0.,0.,-1.));
#7965=DIRECTION('',(-1.,0.,0.));
#7966=DIRECTION('',(0.,0.,1.));
#7967=DIRECTION('',(-0.707106781186548,0.707106781186548,-2.16489014058874E-16));
#7968=DIRECTION('',(0.707106781186548,0.707106781186548,-2.16489014058874E-16));
#7969=DIRECTION('',(1.,0.,0.));
#7970=DIRECTION('',(0.,0.,-1.));
#7971=DIRECTION('',(0.707106781186548,0.707106781186548,-2.16489014058874E-16));
#7972=DIRECTION('',(-0.707106781186548,0.707106781186548,-2.16489014058874E-16));
#7973=DIRECTION('',(0.,1.,-3.06161699786839E-16));
#7974=DIRECTION('',(0.,3.06161699786839E-16,1.));
#7975=DIRECTION('',(0.,-1.,3.06161699786839E-16));
#7976=DIRECTION('',(0.,-3.06161699786839E-16,-1.));
#7977=DIRECTION('',(0.,-1.,3.06161699786839E-16));
#7978=DIRECTION('',(0.,-3.06161699786839E-16,-1.));
#7979=DIRECTION('',(0.,-1.,0.));
#7980=DIRECTION('',(0.,0.,-1.));
#7981=DIRECTION('',(0.,-1.,0.));
#7982=DIRECTION('',(0.,0.,-1.));
#7983=DIRECTION('',(-7.32777825240374E-30,2.22044604925033E-16,1.));
#7984=DIRECTION('',(-1.,-8.88178419700124E-16,-7.13056302609848E-30));
#7985=DIRECTION('',(1.,0.,0.));
#7986=DIRECTION('',(0.,0.,1.));
#7987=DIRECTION('',(1.,0.,0.));
#7988=DIRECTION('',(0.,1.,0.));
#7989=DIRECTION('',(-1.,0.,0.));
#7990=DIRECTION('',(0.,1.,-1.83697019872103E-16));
#7991=DIRECTION('',(1.,0.,0.));
#7992=DIRECTION('',(0.,0.,-1.));
#7993=DIRECTION('',(-1.,0.,0.));
#7994=DIRECTION('',(0.,1.,-1.83697019872103E-16));
#7995=DIRECTION('',(1.,0.,0.));
#7996=DIRECTION('',(0.,0.,-1.));
#7997=DIRECTION('',(-1.,0.,0.));
#7998=DIRECTION('',(0.,0.,1.));
#7999=DIRECTION('',(1.,0.,0.));
#8000=DIRECTION('',(0.,0.,-1.));
#8001=DIRECTION('',(-1.,0.,0.));
#8002=DIRECTION('',(0.,-1.,6.12323399573677E-17));
#8003=DIRECTION('',(1.,0.,0.));
#8004=DIRECTION('',(0.,0.,-1.));
#8005=DIRECTION('',(-1.,0.,0.));
#8006=DIRECTION('',(0.,-1.22464679914735E-16,-1.));
#8007=DIRECTION('',(-1.,0.,0.));
#8008=DIRECTION('',(0.,-1.22464679914735E-16,-1.));
#8009=DIRECTION('',(-1.,0.,0.));
#8010=DIRECTION('',(0.,-1.,6.12323399573677E-17));
#8011=DIRECTION('',(-1.,0.,0.));
#8012=DIRECTION('',(0.,0.,1.));
#8013=DIRECTION('',(1.,0.,0.));
#8014=DIRECTION('',(0.,0.,-1.));
#8015=DIRECTION('',(1.,1.22464679914735E-16,3.06161699786839E-16));
#8016=DIRECTION('',(1.22464679914735E-16,-1.,1.22464679914735E-16));
#8017=DIRECTION('',(1.,1.22464679914735E-16,3.06161699786839E-16));
#8018=DIRECTION('',(-3.06161699786839E-16,1.22464679914735E-16,1.));
#8019=DIRECTION('',(1.,1.22464679914735E-16,3.06161699786839E-16));
#8020=DIRECTION('',(-3.06161699786839E-16,1.22464679914735E-16,1.));
#8021=DIRECTION('',(1.,1.22464679914735E-16,3.06161699786839E-16));
#8022=DIRECTION('',(-3.06161699786839E-16,1.22464679914735E-16,1.));
#8023=DIRECTION('',(1.,1.22464679914735E-16,3.06161699786839E-16));
#8024=DIRECTION('',(-1.22464679914735E-16,1.,-3.74939945665464E-32));
#8025=DIRECTION('',(1.,1.22464679914735E-16,3.06161699786839E-16));
#8026=DIRECTION('',(3.06161699786839E-16,0.,-1.));
#8027=DIRECTION('',(1.,1.22464679914735E-16,3.06161699786839E-16));
#8028=DIRECTION('',(3.06161699786839E-16,0.,-1.));
#8029=DIRECTION('',(1.,1.22464679914735E-16,3.06161699786839E-16));
#8030=DIRECTION('',(3.06161699786839E-16,0.,-1.));
#8031=DIRECTION('',(1.,1.22464679914735E-16,3.06161699786839E-16));
#8032=DIRECTION('',(3.06161699786839E-16,0.,-1.));
#8033=DIRECTION('',(1.,1.22464679914735E-16,3.06161699786839E-16));
#8034=DIRECTION('',(3.06161699786839E-16,0.,-1.));
#8035=DIRECTION('',(1.,1.22464679914735E-16,3.06161699786838E-16));
#8036=DIRECTION('',(3.06161699786838E-16,0.,-1.));
#8037=DIRECTION('',(1.,1.22464679914735E-16,3.06161699786838E-16));
#8038=DIRECTION('',(-1.22464679914735E-16,1.,-6.12323399573677E-17));
#8039=DIRECTION('',(1.,1.22464679914735E-16,3.06161699786838E-16));
#8040=DIRECTION('',(-1.22464679914735E-16,1.,-6.12323399573677E-17));
#8041=DIRECTION('',(1.,1.22464679914735E-16,3.06161699786839E-16));
#8042=DIRECTION('',(3.06161699786839E-16,0.,-1.));
#8043=DIRECTION('',(1.,1.22464679914735E-16,3.06161699786839E-16));
#8044=DIRECTION('',(-3.06161699786839E-16,1.22464679914735E-16,1.));
#8045=DIRECTION('',(1.,1.22464679914735E-16,3.06161699786839E-16));
#8046=DIRECTION('',(3.06161699786839E-16,0.,-1.));
#8047=DIRECTION('',(1.,1.22464679914735E-16,3.06161699786839E-16));
#8048=DIRECTION('',(3.06161699786839E-16,0.,-1.));
#8049=DIRECTION('',(1.,1.22464679914735E-16,3.06161699786838E-16));
#8050=DIRECTION('',(3.06161699786838E-16,0.,-1.));
#8051=DIRECTION('',(1.,1.22464679914735E-16,3.06161699786838E-16));
#8052=DIRECTION('',(-1.22464679914735E-16,1.,-6.12323399573677E-17));
#8053=DIRECTION('',(1.,1.22464679914735E-16,3.06161699786838E-16));
#8054=DIRECTION('',(-1.22464679914735E-16,1.,-6.12323399573677E-17));
#8055=DIRECTION('',(1.,1.22464679914735E-16,3.06161699786839E-16));
#8056=DIRECTION('',(3.06161699786839E-16,0.,-1.));
#8057=DIRECTION('',(1.,1.22464679914735E-16,3.06161699786839E-16));
#8058=DIRECTION('',(-3.06161699786839E-16,1.22464679914735E-16,1.));
#8059=DIRECTION('',(1.,1.22464679914735E-16,3.06161699786838E-16));
#8060=DIRECTION('',(3.06161699786838E-16,0.,-1.));
#8061=DIRECTION('',(1.,1.22464679914735E-16,3.06161699786838E-16));
#8062=DIRECTION('',(1.22464679914735E-16,-1.,1.83697019872103E-16));
#8063=DIRECTION('',(1.,1.22464679914735E-16,3.06161699786838E-16));
#8064=DIRECTION('',(1.22464679914735E-16,-1.,1.83697019872103E-16));
#8065=DIRECTION('',(1.,1.22464679914735E-16,3.06161699786838E-16));
#8066=DIRECTION('',(3.06161699786838E-16,0.,-1.));
#8067=DIRECTION('',(1.,1.22464679914735E-16,3.06161699786838E-16));
#8068=DIRECTION('',(1.22464679914735E-16,-1.,1.83697019872103E-16));
#8069=DIRECTION('',(1.,1.22464679914735E-16,3.06161699786838E-16));
#8070=DIRECTION('',(1.22464679914735E-16,-1.,1.83697019872103E-16));
#8071=DIRECTION('',(1.,1.22464679914735E-16,3.06161699786838E-16));
#8072=DIRECTION('',(-3.06161699786839E-16,6.12323399573677E-17,1.));
#8073=DIRECTION('',(1.,1.22464679914735E-16,3.06161699786838E-16));
#8074=DIRECTION('',(-1.22464679914735E-16,1.,-6.12323399573677E-17));
#8075=DIRECTION('',(1.,1.22464679914735E-16,3.06161699786838E-16));
#8076=DIRECTION('',(3.06161699786839E-16,-1.83697019872103E-16,-1.));
#8077=DIRECTION('',(1.,1.22464679914735E-16,3.06161699786838E-16));
#8078=DIRECTION('',(1.22464679914735E-16,-1.,1.83697019872103E-16));
#8079=DIRECTION('',(1.,1.22464679914735E-16,3.06161699786839E-16));
#8080=DIRECTION('',(3.06161699786839E-16,0.,-1.));
#8081=DIRECTION('',(1.,1.22464679914735E-16,3.06161699786839E-16));
#8082=DIRECTION('',(3.06161699786839E-16,0.,-1.));
#8083=DIRECTION('',(1.22464679914735E-16,-1.,0.));
#8084=DIRECTION('',(-3.06161699786839E-16,-3.74939945665464E-32,1.));
#8085=DIRECTION('',(1.,1.22464679914735E-16,3.06161699786839E-16));
#8086=DIRECTION('',(3.06161699786839E-16,-1.22464679914735E-16,-1.));
#8087=DIRECTION('',(1.,1.22464679914735E-16,3.06161699786839E-16));
#8088=DIRECTION('',(3.06161699786839E-16,-1.22464679914735E-16,-1.));
#8089=DIRECTION('',(1.,1.22464679914735E-16,3.06161699786839E-16));
#8090=DIRECTION('',(3.06161699786839E-16,-1.22464679914735E-16,-1.));
#8091=DIRECTION('',(1.,1.22464679914735E-16,3.06161699786839E-16));
#8092=DIRECTION('',(3.06161699786839E-16,-1.22464679914735E-16,-1.));
#8093=DIRECTION('',(1.,1.22464679914735E-16,3.06161699786839E-16));
#8094=DIRECTION('',(3.06161699786839E-16,-1.22464679914735E-16,-1.));
#8095=DIRECTION('',(1.,1.22464679914735E-16,3.06161699786839E-16));
#8096=DIRECTION('',(3.06161699786839E-16,-1.22464679914735E-16,-1.));
#8097=DIRECTION('',(1.,1.22464679914735E-16,3.06161699786839E-16));
#8098=DIRECTION('',(3.06161699786839E-16,0.,-1.));
#8099=DIRECTION('',(1.,1.22464679914735E-16,3.06161699786839E-16));
#8100=DIRECTION('',(3.06161699786839E-16,0.,-1.));
#8101=DIRECTION('',(1.22464679914735E-16,-1.,0.));
#8102=DIRECTION('',(3.06161699786839E-16,3.74939945665464E-32,-1.));
#8103=DIRECTION('',(-1.,0.,0.));
#8104=DIRECTION('',(0.,0.,1.));
#8105=DIRECTION('',(-1.,0.,0.));
#8106=DIRECTION('',(0.,0.,1.));
#8107=DIRECTION('',(-1.,0.,0.));
#8108=DIRECTION('',(0.,0.,1.));
#8109=DIRECTION('',(-1.,0.,0.));
#8110=DIRECTION('',(0.,0.,1.));
#8111=DIRECTION('',(-1.,0.,0.));
#8112=DIRECTION('',(0.,-1.,0.));
#8113=DIRECTION('',(-1.,0.,0.));
#8114=DIRECTION('',(0.,0.,1.));
#8115=DIRECTION('',(-1.,0.,0.));
#8116=DIRECTION('',(0.,-1.,6.12323399573677E-17));
#8117=DIRECTION('',(-1.,0.,0.));
#8118=DIRECTION('',(0.,0.,1.));
#8119=DIRECTION('',(-1.,0.,0.));
#8120=DIRECTION('',(0.,-1.,6.12323399573677E-17));
#8121=DIRECTION('',(-1.,0.,0.));
#8122=DIRECTION('',(0.,-6.12323399573677E-17,-1.));
#8123=DIRECTION('',(-1.,0.,0.));
#8124=DIRECTION('',(0.,0.,1.));
#8125=DIRECTION('',(-1.,0.,0.));
#8126=DIRECTION('',(0.,-1.22464679914735E-16,-1.));
#8127=DIRECTION('',(-1.,0.,0.));
#8128=DIRECTION('',(0.,0.,1.));
#8129=DIRECTION('',(-1.,0.,0.));
#8130=DIRECTION('',(0.,-1.22464679914735E-16,-1.));
#8131=DIRECTION('',(-1.,0.,0.));
#8132=DIRECTION('',(0.,1.,-1.22464679914735E-16));
#8133=DIRECTION('',(-1.,0.,0.));
#8134=DIRECTION('',(0.,0.,1.));
#8135=DIRECTION('',(-1.,0.,0.));
#8136=DIRECTION('',(0.,1.,-1.83697019872103E-16));
#8137=DIRECTION('',(-1.,0.,0.));
#8138=DIRECTION('',(0.,0.,1.));
#8139=DIRECTION('',(-1.,0.,0.));
#8140=DIRECTION('',(0.,1.,-1.83697019872103E-16));
#8141=DIRECTION('',(-1.,0.,0.));
#8142=DIRECTION('',(0.,1.83697019872103E-16,1.));
#8143=DIRECTION('',(-9.47257484148979E-30,2.49800180540658E-16,-1.));
#8144=DIRECTION('',(-1.,-4.04744321917063E-15,8.46152279461291E-30));
#8145=DIRECTION('',(1.22464679914735E-16,-1.,0.));
#8146=DIRECTION('',(-3.06161699786839E-16,-3.74939945665464E-32,1.));
#8147=DIRECTION('',(1.,1.22464679914735E-16,0.));
#8148=DIRECTION('',(-1.22464679914735E-16,1.,0.));
#8149=DIRECTION('',(1.,0.,0.));
#8150=DIRECTION('',(0.,0.,-1.));
#8151=DIRECTION('',(1.,0.,0.));
#8152=DIRECTION('',(0.,0.,-1.));
#8153=DIRECTION('',(1.,0.,0.));
#8154=DIRECTION('',(0.,0.,-1.));
#8155=DIRECTION('',(1.,0.,0.));
#8156=DIRECTION('',(0.,0.,-1.));
#8157=DIRECTION('',(1.22464679914735E-16,-1.,0.));
#8158=DIRECTION('',(3.06161699786839E-16,3.74939945665464E-32,-1.));
#8159=DIRECTION('',(1.,0.,0.));
#8160=DIRECTION('',(0.,0.,-1.));
#8161=DIRECTION('',(1.,1.22464679914735E-16,0.));
#8162=DIRECTION('',(-1.22464679914735E-16,1.,0.));
#8163=DIRECTION('',(1.,1.22464679914735E-16,0.));
#8164=DIRECTION('',(-1.22464679914735E-16,1.,0.));
#8165=DIRECTION('',(1.,1.22464679914735E-16,0.));
#8166=DIRECTION('',(-1.22464679914735E-16,1.,0.));
#8167=DIRECTION('',(-1.,-1.22464679914735E-16,0.));
#8168=DIRECTION('',(1.22464679914735E-16,-1.,0.));
#8169=DIRECTION('',(-2.02322830953252E-32,1.65209128945682E-16,-1.));
#8170=DIRECTION('',(1.,1.22464679914735E-16,0.));
#8171=DIRECTION('',(-1.22464679914735E-16,1.,0.));
#8172=DIRECTION('',(-2.69763774604336E-32,2.20278838594243E-16,-1.));
#8173=DIRECTION('',(1.,1.22464679914735E-16,0.));
#8174=DIRECTION('',(-1.22464679914735E-16,1.,0.));
#8175=DIRECTION('',(1.,1.22464679914735E-16,0.));
#8176=DIRECTION('',(-1.22464679914735E-16,1.,0.));
#8177=DIRECTION('',(1.,1.22464679914735E-16,0.));
#8178=DIRECTION('',(1.,1.22464679914735E-16,0.));
#8179=DIRECTION('',(-1.22464679914735E-16,1.,0.));
#8180=DIRECTION('',(1.,1.22464679914735E-16,0.));
#8181=DIRECTION('',(1.22464679914735E-16,-1.,-1.65209128945682E-16));
#8182=DIRECTION('',(0.,1.65209128945682E-16,-1.));
#8183=DIRECTION('',(1.,1.22464679914735E-16,0.));
#8184=DIRECTION('',(-2.02322830953252E-32,1.65209128945682E-16,-1.));
#8185=DIRECTION('',(1.,1.22464679914735E-16,0.));
#8186=DIRECTION('',(-1.22464679914735E-16,1.,0.));
#8187=DIRECTION('',(1.,1.22464679914735E-16,0.));
#8188=DIRECTION('',(1.,1.22464679914735E-16,0.));
#8189=DIRECTION('',(-1.22464679914735E-16,1.,0.));
#8190=DIRECTION('',(1.22464679914735E-16,-1.,-2.20278838594243E-16));
#8191=DIRECTION('',(0.,2.20278838594243E-16,-1.));
#8192=DIRECTION('',(-2.69763774604336E-32,2.20278838594243E-16,-1.));
#8193=DIRECTION('',(1.,1.22464679914735E-16,0.));
#8194=DIRECTION('',(-1.22464679914735E-16,1.,0.));
#8195=DIRECTION('',(1.,1.22464679914735E-16,0.));
#8196=DIRECTION('',(-1.22464679914735E-16,1.,0.));
#8197=DIRECTION('',(1.,0.,0.));
#8198=DIRECTION('',(0.,1.,0.));
#8199=DIRECTION('',(-1.,0.,0.));
#8200=DIRECTION('',(0.,1.,-1.83697019872103E-16));
#8201=DIRECTION('',(-1.,0.,0.));
#8202=DIRECTION('',(0.,-1.22464679914735E-16,-1.));
#8203=DIRECTION('',(-1.,0.,0.));
#8204=DIRECTION('',(0.,-1.,6.12323399573677E-17));
#8205=DIRECTION('',(-1.,0.,0.));
#8206=DIRECTION('',(0.,0.,1.));
#8207=DIRECTION('',(-1.,0.,0.));
#8208=DIRECTION('',(0.,0.,1.));
#8209=DIRECTION('',(-1.,0.,0.));
#8210=DIRECTION('',(0.,-1.,6.12323399573677E-17));
#8211=DIRECTION('',(-1.,0.,0.));
#8212=DIRECTION('',(0.,-1.22464679914735E-16,-1.));
#8213=DIRECTION('',(-1.,0.,0.));
#8214=DIRECTION('',(0.,1.,-1.83697019872103E-16));
#8215=DIRECTION('',(1.,0.,0.));
#8216=DIRECTION('',(0.,0.,-1.));
#8217=DIRECTION('',(-1.,0.,0.));
#8218=DIRECTION('',(0.,0.,1.));
#8219=DIRECTION('',(1.,0.,0.));
#8220=DIRECTION('',(0.,0.,-1.));
#8221=DIRECTION('',(-1.,0.,0.));
#8222=DIRECTION('',(0.,0.,1.));
#8223=DIRECTION('',(1.,0.,0.));
#8224=DIRECTION('',(0.,0.,-1.));
#8225=DIRECTION('',(1.,0.,0.));
#8226=DIRECTION('',(0.,0.,-1.));
#8227=DIRECTION('',(-1.,0.,0.));
#8228=DIRECTION('',(0.,0.,1.));
#8229=DIRECTION('',(-1.,0.,0.));
#8230=DIRECTION('',(0.,-1.,0.));
#8231=DIRECTION('',(1.,0.,0.));
#8232=DIRECTION('',(0.,0.,-1.));
#8233=DIRECTION('',(-1.,0.,0.));
#8234=DIRECTION('',(0.,-1.,6.12323399573677E-17));
#8235=DIRECTION('',(1.,0.,0.));
#8236=DIRECTION('',(0.,0.,-1.));
#8237=DIRECTION('',(-1.,0.,0.));
#8238=DIRECTION('',(0.,-1.,6.12323399573677E-17));
#8239=DIRECTION('',(1.,0.,0.));
#8240=DIRECTION('',(0.,0.,-1.));
#8241=DIRECTION('',(1.,0.,0.));
#8242=DIRECTION('',(0.,0.,-1.));
#8243=DIRECTION('',(-1.,0.,0.));
#8244=DIRECTION('',(0.,-1.,6.12323399573677E-17));
#8245=DIRECTION('',(-1.,0.,0.));
#8246=DIRECTION('',(0.,-6.12323399573677E-17,-1.));
#8247=DIRECTION('',(1.,0.,0.));
#8248=DIRECTION('',(0.,0.,-1.));
#8249=DIRECTION('',(-1.,0.,0.));
#8250=DIRECTION('',(0.,-1.22464679914735E-16,-1.));
#8251=DIRECTION('',(1.,0.,0.));
#8252=DIRECTION('',(0.,0.,-1.));
#8253=DIRECTION('',(-1.,0.,0.));
#8254=DIRECTION('',(0.,-1.22464679914735E-16,-1.));
#8255=DIRECTION('',(1.,0.,0.));
#8256=DIRECTION('',(0.,0.,-1.));
#8257=DIRECTION('',(1.,0.,0.));
#8258=DIRECTION('',(0.,0.,-1.));
#8259=DIRECTION('',(-1.,0.,0.));
#8260=DIRECTION('',(0.,-1.22464679914735E-16,-1.));
#8261=DIRECTION('',(-1.,0.,0.));
#8262=DIRECTION('',(0.,1.,-1.22464679914735E-16));
#8263=DIRECTION('',(1.,0.,0.));
#8264=DIRECTION('',(0.,0.,-1.));
#8265=DIRECTION('',(-1.,0.,0.));
#8266=DIRECTION('',(0.,1.,-1.83697019872103E-16));
#8267=DIRECTION('',(1.,0.,0.));
#8268=DIRECTION('',(0.,0.,-1.));
#8269=DIRECTION('',(-1.,0.,0.));
#8270=DIRECTION('',(0.,1.,-1.83697019872103E-16));
#8271=DIRECTION('',(1.,0.,0.));
#8272=DIRECTION('',(0.,0.,-1.));
#8273=DIRECTION('',(1.,0.,0.));
#8274=DIRECTION('',(0.,0.,-1.));
#8275=DIRECTION('',(-1.,0.,0.));
#8276=DIRECTION('',(0.,1.,-1.83697019872103E-16));
#8277=DIRECTION('',(-1.,0.,0.));
#8278=DIRECTION('',(0.,1.83697019872103E-16,1.));
#8279=DIRECTION('',(-1.20478636564E-29,1.24900090270329E-16,-1.));
#8280=DIRECTION('',(-1.,-4.17477871979657E-15,1.15264334174388E-29));
#8281=DIRECTION('',(-1.,0.,0.));
#8282=DIRECTION('',(0.,0.,1.));
#8283=DIRECTION('',(-1.,0.,0.));
#8284=DIRECTION('',(0.,0.,1.));
#8285=DIRECTION('',(0.,-1.,0.));
#8286=DIRECTION('',(-1.,0.,0.));
#8287=DIRECTION('',(0.,0.,1.));
#8288=DIRECTION('',(0.,-1.,-3.65533380101365E-16));
#8289=DIRECTION('',(-1.,0.,0.));
#8290=DIRECTION('',(0.,0.,1.));
#8291=DIRECTION('',(-1.,0.,0.));
#8292=DIRECTION('',(0.,1.,3.29769215235195E-16));
#8293=DIRECTION('',(-1.,0.,0.));
#8294=DIRECTION('',(-1.,0.,0.));
#8295=DIRECTION('',(0.,0.,-1.));
#8296=DIRECTION('',(0.,-1.,0.));
#8297=DIRECTION('',(0.,-1.,-3.65533380101365E-16));
#8298=DIRECTION('',(-1.,0.,0.));
#8299=DIRECTION('',(-1.,0.,0.));
#8300=DIRECTION('',(0.,0.,1.));
#8301=DIRECTION('',(0.,-1.,0.));
#8302=DIRECTION('',(1.,0.,0.));
#8303=DIRECTION('',(0.,0.,1.));
#8304=DIRECTION('',(0.,0.999977777636825,0.00666665077209524));
#8305=DIRECTION('',(1.,0.,0.));
#8306=DIRECTION('',(0.,0.,1.));
#8307=DIRECTION('',(1.,0.,0.));
#8308=DIRECTION('',(0.,-1.,-1.09923071745065E-16));
#8309=DIRECTION('',(0.,-1.,0.));
#8310=DIRECTION('',(1.,0.,0.));
#8311=DIRECTION('',(0.,1.,3.29769215235195E-16));
#8312=DIRECTION('',(0.,1.,3.65533380101365E-16));
#8313=DIRECTION('',(-1.,0.,0.));
#8314=DIRECTION('',(0.,0.,1.));
#8315=DIRECTION('',(-1.,0.,0.));
#8316=DIRECTION('',(0.,-1.,-1.09923071745065E-16));
#8317=DIRECTION('',(-1.,0.,0.));
#8318=DIRECTION('',(0.,0.,1.));
#8319=DIRECTION('',(0.,1.,0.));
#8320=DIRECTION('',(0.,1.,0.));
#8321=DIRECTION('',(0.,1.,0.));
#8322=DIRECTION('',(-0.707106781186545,0.,0.70710678118655));
#8323=DIRECTION('',(-1.,0.,0.));
#8324=DIRECTION('',(0.,0.,1.));
#8325=DIRECTION('',(0.,-1.,0.));
#8326=DIRECTION('',(-0.707106781186546,0.,-0.707106781186549));
#8327=DIRECTION('',(-1.,0.,0.));
#8328=DIRECTION('',(0.,0.,1.));
#8329=DIRECTION('',(-1.,0.,0.));
#8330=DIRECTION('',(0.,0.,1.));
#8331=DIRECTION('',(-1.,0.,0.));
#8332=DIRECTION('',(0.,0.,1.));
#8333=DIRECTION('',(0.,-0.999977777636825,-0.00666665077209524));
#8334=DIRECTION('',(-1.,0.,0.));
#8335=DIRECTION('',(0.,0.,1.));
#8336=DIRECTION('',(0.,1.,0.));
#8337=DIRECTION('',(-1.,0.,0.));
#8338=DIRECTION('',(0.,0.,1.));
#8339=DIRECTION('',(-1.,0.,0.));
#8340=DIRECTION('',(-1.,0.,0.));
#8341=DIRECTION('',(0.,0.00666665077209524,-0.999977777636825));
#8342=DIRECTION('',(0.,-0.999977777636825,-0.00666665077209524));
#8343=DIRECTION('',(-1.,0.,0.));
#8344=DIRECTION('',(-1.,0.,0.));
#8345=DIRECTION('',(0.,0.,1.));
#8346=DIRECTION('',(-1.,0.,0.));
#8347=DIRECTION('',(0.,0.,1.));
#8348=DIRECTION('',(0.,1.,0.));
#8349=DIRECTION('',(-1.,-1.13797860024079E-15,-7.83630716909711E-30));
#8350=DIRECTION('',(1.13797860024079E-15,-1.,-4.02455846426618E-16));
#8351=DIRECTION('',(0.,0.,-1.));
#8352=DIRECTION('',(1.,0.,0.));
#8353=DIRECTION('',(0.,0.,-1.));
#8354=DIRECTION('',(1.,0.,0.));
#8355=DIRECTION('',(0.,0.,1.));
#8356=DIRECTION('',(1.,0.,0.));
#8357=DIRECTION('',(0.,0.,1.));
#8358=DIRECTION('',(1.,0.,0.));
#8359=DIRECTION('',(0.,0.,-1.));
#8360=DIRECTION('',(1.,0.,0.));
#8361=DIRECTION('',(0.,0.,-1.));
#8362=DIRECTION('',(-1.,0.,0.));
#8363=DIRECTION('',(0.,0.,-1.));
#8364=DIRECTION('',(-0.72,0.693974062915899,0.));
#8365=DIRECTION('',(0.,-1.,0.));
#8366=DIRECTION('',(0.,0.,-1.));
#8367=DIRECTION('',(0.72,-0.6939740629159,0.));
#8368=DIRECTION('',(0.,1.,0.));
#8369=DIRECTION('',(1.,0.,0.));
#8370=DIRECTION('',(0.,1.,0.));
#8371=DIRECTION('',(0.,1.,0.));
#8372=DIRECTION('',(0.,0.,-1.));
#8373=DIRECTION('',(0.,0.,-1.));
#8374=DIRECTION('',(-1.,0.,0.));
#8375=DIRECTION('',(0.,-1.,0.));
#8376=DIRECTION('',(0.,-1.,0.));
#8377=DIRECTION('',(0.,0.,-1.));
#8378=DIRECTION('',(0.,0.,-1.));
#8379=DIRECTION('',(0.,0.,-1.));
#8380=DIRECTION('',(1.,0.,0.));
#8381=DIRECTION('',(0.,0.,1.));
#8382=DIRECTION('',(1.,0.,0.));
#8383=DIRECTION('',(0.,0.,1.));
#8384=DIRECTION('',(1.,0.,0.));
#8385=DIRECTION('',(0.,0.,1.));
#8386=DIRECTION('',(1.,0.,0.));
#8387=DIRECTION('',(0.,0.,1.));
#8388=DIRECTION('',(1.,0.,0.));
#8389=DIRECTION('',(0.,0.,1.));
#8390=DIRECTION('',(1.,0.,0.));
#8391=DIRECTION('',(0.,0.,1.));
#8392=DIRECTION('',(1.,0.,0.));
#8393=DIRECTION('',(0.,0.,1.));
#8394=DIRECTION('',(0.,0.,-1.));
#8395=DIRECTION('',(-0.72,0.693974062915899,0.));
#8396=DIRECTION('',(0.,0.,1.));
#8397=DIRECTION('',(0.,0.,1.));
#8398=DIRECTION('',(1.,0.,0.));
#8399=DIRECTION('',(0.,0.,1.));
#8400=DIRECTION('',(0.,0.,-1.));
#8401=DIRECTION('',(0.72,-0.6939740629159,0.));
#8402=DIRECTION('',(0.,0.,1.));
#8403=DIRECTION('',(0.,0.,1.));
#8404=DIRECTION('',(1.,0.,0.));
#8405=DIRECTION('',(0.,1.,0.));
#8406=DIRECTION('',(0.,0.,1.));
#8407=DIRECTION('',(1.,0.,0.));
#8408=DIRECTION('',(0.,-1.,0.));
#8409=DIRECTION('',(0.,0.,-1.));
#8410=DIRECTION('',(-1.,0.,0.));
#8411=DIRECTION('',(0.,1.,0.));
#8412=DIRECTION('',(0.,-1.,0.));
#8413=DIRECTION('',(1.,0.,0.));
#8414=DIRECTION('',(0.,1.,0.));
#8415=DIRECTION('',(0.,0.,1.));
#8416=DIRECTION('',(1.,0.,0.));
#8417=DIRECTION('',(0.,0.,1.));
#8418=DIRECTION('',(1.,0.,0.));
#8419=DIRECTION('',(-1.,0.,0.));
#8420=DIRECTION('',(0.,-1.,0.));
#8421=DIRECTION('',(-1.,-1.90125692967058E-15,-5.82713570627515E-30));
#8422=DIRECTION('',(-8.01711064603787E-30,1.1518563880486E-15,1.));
#8423=DIRECTION('',(0.,0.,1.));
#8424=DIRECTION('',(1.,0.,0.));
#8425=DIRECTION('',(0.,0.,-1.));
#8426=DIRECTION('',(1.,0.,0.));
#8427=DIRECTION('',(0.,1.,0.));
#8428=DIRECTION('',(0.,0.,-1.));
#8429=DIRECTION('',(-0.707106781186548,-0.707106781186548,0.));
#8430=DIRECTION('',(1.,0.,0.));
#8431=DIRECTION('',(0.,0.,1.));
#8432=DIRECTION('',(1.,1.77635683940026E-14,0.));
#8433=DIRECTION('',(-1.08578049476337E-15,-1.,0.));
#8434=DIRECTION('',(0.,0.,1.));
#8435=DIRECTION('',(0.,-1.,0.));
#8436=DIRECTION('',(-1.,0.,0.));
#8437=DIRECTION('',(0.,0.,-1.));
#8438=DIRECTION('',(-0.707106781186548,0.707106781186548,0.));
#8439=DIRECTION('',(0.,-1.,0.));
#8440=DIRECTION('',(1.,0.,0.));
#8441=DIRECTION('',(0.,0.,1.));
#8442=DIRECTION('',(0.,0.,1.));
#8443=DIRECTION('',(1.,0.,0.));
#8444=DIRECTION('',(0.,0.,1.));
#8445=DIRECTION('',(0.,-1.,0.));
#8446=DIRECTION('',(0.,0.,1.));
#8447=DIRECTION('',(0.,0.,1.));
#8448=DIRECTION('',(0.,-1.,0.));
#8449=DIRECTION('',(1.,0.,0.));
#8450=DIRECTION('',(0.,1.,0.));
#8451=DIRECTION('',(0.,0.,1.));
#8452=DIRECTION('',(1.08578049476337E-15,1.,0.));
#8453=DIRECTION('',(0.,0.,1.));
#8454=DIRECTION('',(1.,1.77635683940026E-14,0.));
#8455=DIRECTION('',(0.,0.,1.));
#8456=DIRECTION('',(0.,0.,1.));
#8457=DIRECTION('',(1.,1.77635683940026E-14,0.));
#8458=DIRECTION('',(0.,0.,1.));
#8459=DIRECTION('',(1.,0.,0.));
#8460=DIRECTION('',(0.,0.,-1.));
#8461=DIRECTION('',(1.,0.,0.));
#8462=DIRECTION('',(0.,0.,1.));
#8463=DIRECTION('',(1.,0.,0.));
#8464=DIRECTION('',(0.,-1.,0.));
#8465=DIRECTION('',(0.,0.,1.));
#8466=DIRECTION('',(-0.707106781186548,0.707106781186548,0.));
#8467=DIRECTION('',(-1.,0.,0.));
#8468=DIRECTION('',(0.,0.,1.));
#8469=DIRECTION('',(-0.707106781186548,-0.707106781186548,0.));
#8470=DIRECTION('',(0.,1.,0.));
#8471=DIRECTION('',(-1.,0.,0.));
#8472=DIRECTION('',(0.,0.,-1.));
#8473=DIRECTION('',(0.,0.,1.));
#8474=DIRECTION('',(1.,0.,0.));
#8475=DIRECTION('',(0.,0.,-1.));
#8476=DIRECTION('',(1.,0.,0.));
#8477=DIRECTION('',(0.,0.,-1.));
#8478=DIRECTION('',(1.,0.,0.));
#8479=DIRECTION('',(0.,0.,-1.));
#8480=DIRECTION('',(1.,0.,0.));
#8481=DIRECTION('',(0.,0.,1.));
#8482=DIRECTION('',(-1.,0.,0.));
#8483=DIRECTION('',(0.,0.,1.));
#8484=DIRECTION('',(1.,-1.33554157542668E-26,2.9738116731031E-17));
#8485=DIRECTION('',(0.,0.,1.));
#8486=DIRECTION('',(1.,-1.33554157542668E-26,2.9738116731031E-17));
#8487=DIRECTION('',(0.,0.,1.));
#8488=DIRECTION('',(0.,-1.,0.));
#8489=DIRECTION('',(1.,0.,0.));
#8490=DIRECTION('',(0.,-1.,0.));
#8491=DIRECTION('',(-1.,0.,0.));
#8492=DIRECTION('',(0.,-1.,0.));
#8493=DIRECTION('',(-1.,0.,0.));
#8494=DIRECTION('',(0.,-1.,0.));
#8495=DIRECTION('',(-1.,0.,0.));
#8496=DIRECTION('',(0.,0.,1.));
#8497=DIRECTION('',(1.,0.,0.));
#8498=DIRECTION('',(0.,1.,0.));
#8499=DIRECTION('',(0.,0.,1.));
#8500=DIRECTION('',(1.,0.,0.));
#8501=DIRECTION('',(0.,0.,-1.));
#8502=DIRECTION('',(1.,0.,0.));
#8503=DIRECTION('',(0.,0.,-1.));
#8504=DIRECTION('',(1.,0.,0.));
#8505=DIRECTION('',(0.,0.,-1.));
#8506=DIRECTION('',(1.,0.,0.));
#8507=DIRECTION('',(0.,0.,-1.));
#8508=DIRECTION('',(1.,0.,0.));
#8509=DIRECTION('',(0.,0.,-1.));
#8510=DIRECTION('',(1.,-1.33554157542668E-26,2.9738116731031E-17));
#8511=DIRECTION('',(0.,0.,-1.));
#8512=DIRECTION('',(1.,-1.33554157542668E-26,2.9738116731031E-17));
#8513=DIRECTION('',(0.,0.,1.));
#8514=DIRECTION('',(0.,-1.,0.));
#8515=DIRECTION('',(0.,1.,0.));
#8516=DIRECTION('',(0.,0.,1.));
#8517=DIRECTION('',(1.,0.,0.));
#8518=DIRECTION('',(-1.,0.,0.));
#8519=DIRECTION('',(0.,-1.,0.));
#8520=DIRECTION('',(-1.,0.,0.));
#8521=DIRECTION('',(0.,1.,0.));
#8522=DIRECTION('',(-1.,0.,0.));
#8523=DIRECTION('',(0.,-1.,0.));
#8524=DIRECTION('',(1.,0.,0.));
#8525=DIRECTION('',(0.,0.,1.));
#8526=DIRECTION('',(0.,-1.,0.));
#8527=DIRECTION('',(0.,0.,1.));
#8528=DIRECTION('',(0.,0.,1.));
#8529=DIRECTION('',(0.,0.,1.));
#8530=DIRECTION('',(1.,0.,0.));
#8531=DIRECTION('',(0.,0.,1.));
#8532=DIRECTION('',(0.,0.,1.));
#8533=DIRECTION('',(0.,1.,0.));
#8534=DIRECTION('',(-1.,0.,0.));
#8535=DIRECTION('',(0.,0.,1.));
#8536=DIRECTION('',(0.,0.,1.));
#8537=DIRECTION('',(0.,-1.,0.));
#8538=DIRECTION('',(1.,0.,0.));
#8539=DIRECTION('',(0.,0.,1.));
#8540=DIRECTION('',(0.,0.,1.));
#8541=DIRECTION('',(0.,0.,1.));
#8542=DIRECTION('',(1.,0.,0.));
#8543=DIRECTION('',(0.,0.,1.));
#8544=DIRECTION('',(1.,0.,0.));
#8545=DIRECTION('',(0.,0.,1.));
#8546=DIRECTION('',(1.,0.,0.));
#8547=DIRECTION('',(0.,0.,1.));
#8548=DIRECTION('',(1.,0.,0.));
#8549=DIRECTION('',(0.,0.,1.));
#8550=DIRECTION('',(1.,0.,0.));
#8551=DIRECTION('',(0.,0.,1.));
#8552=DIRECTION('',(1.,0.,0.));
#8553=DIRECTION('',(0.,0.,-1.));
#8554=DIRECTION('',(-1.,0.,0.));
#8555=DIRECTION('',(0.,0.,-1.));
#8556=DIRECTION('',(-1.,0.,0.));
#8557=DIRECTION('',(0.,0.,-1.));
#8558=DIRECTION('',(-1.,0.,0.));
#8559=DIRECTION('',(0.,0.,1.));
#8560=DIRECTION('',(-0.707106781186548,-0.707106781186548,0.));
#8561=DIRECTION('',(0.,0.,1.));
#8562=DIRECTION('',(1.,0.,0.));
#8563=DIRECTION('',(0.,1.,0.));
#8564=DIRECTION('',(0.,0.,-1.));
#8565=DIRECTION('',(0.,0.,-1.));
#8566=DIRECTION('',(-0.707106781186548,0.707106781186548,0.));
#8567=DIRECTION('',(-1.,0.,0.));
#8568=DIRECTION('',(0.,-1.,0.));
#8569=DIRECTION('',(1.,0.,0.));
#8570=DIRECTION('',(0.,0.,1.));
#8571=DIRECTION('',(-1.,0.,0.));
#8572=DIRECTION('',(0.,-1.,0.));
#8573=DIRECTION('',(1.,0.,0.));
#8574=DIRECTION('',(0.,0.,1.));
#8575=DIRECTION('',(-1.,0.,0.));
#8576=DIRECTION('',(0.,-1.,0.));
#8577=DIRECTION('',(1.,0.,0.));
#8578=DIRECTION('',(0.,0.,1.));
#8579=DIRECTION('',(-1.,0.,0.));
#8580=DIRECTION('',(0.,-1.,0.));
#8581=DIRECTION('',(1.,0.,0.));
#8582=DIRECTION('',(0.,0.,1.));
#8583=DIRECTION('',(-1.,0.,0.));
#8584=DIRECTION('',(0.,0.,1.));
#8585=DIRECTION('',(-1.,0.,0.));
#8586=DIRECTION('',(0.,0.,1.));
#8587=DIRECTION('',(-1.,0.,0.));
#8588=DIRECTION('',(0.,0.,1.));
#8589=DIRECTION('',(-1.,0.,0.));
#8590=DIRECTION('',(0.,0.,1.));
#8591=DIRECTION('',(-1.,0.,0.));
#8592=DIRECTION('',(0.,0.,1.));
#8593=DIRECTION('',(0.,0.,-1.));
#8594=DIRECTION('',(1.,-1.33554157542668E-26,0.));
#8595=DIRECTION('',(0.,0.,-1.));
#8596=DIRECTION('',(1.,-1.33554157542668E-26,0.));
#8597=DIRECTION('',(-1.,-1.13797860024079E-15,-7.83630716909711E-30));
#8598=DIRECTION('',(1.13797860024079E-15,-1.,-4.02455846426618E-16));
#8599=DIRECTION('',(0.,0.,1.));
#8600=DIRECTION('',(1.,0.,0.));
#8601=DIRECTION('',(1.97215226305283E-31,1.,2.22044604925032E-16));
#8602=DIRECTION('',(-1.,1.97215226305284E-31,-6.20611665279357E-30));
#8603=DIRECTION('',(1.97215226305283E-31,1.,2.22044604925032E-16));
#8604=DIRECTION('',(-1.,1.97215226305284E-31,-6.20611665279357E-30));
#8605=DIRECTION('',(1.97215226305283E-31,1.,2.22044604925032E-16));
#8606=DIRECTION('',(-1.,1.97215226305284E-31,-6.20611665279357E-30));
#8607=DIRECTION('',(0.,0.,1.));
#8608=DIRECTION('',(1.,0.,0.));
#8609=DIRECTION('',(1.,0.,0.));
#8610=DIRECTION('',(0.,1.,0.));
#8611=DIRECTION('',(-1.,0.,0.));
#8612=DIRECTION('',(0.,1.,-1.83697019872103E-16));
#8613=DIRECTION('',(1.,0.,0.));
#8614=DIRECTION('',(0.,0.,-1.));
#8615=DIRECTION('',(-1.,0.,0.));
#8616=DIRECTION('',(0.,1.,-1.83697019872103E-16));
#8617=DIRECTION('',(1.,0.,0.));
#8618=DIRECTION('',(0.,0.,-1.));
#8619=DIRECTION('',(-1.,0.,0.));
#8620=DIRECTION('',(0.,0.,1.));
#8621=DIRECTION('',(1.,0.,0.));
#8622=DIRECTION('',(0.,0.,-1.));
#8623=DIRECTION('',(-1.,0.,0.));
#8624=DIRECTION('',(0.,-1.,6.12323399573677E-17));
#8625=DIRECTION('',(1.,0.,0.));
#8626=DIRECTION('',(0.,0.,-1.));
#8627=DIRECTION('',(-1.,0.,0.));
#8628=DIRECTION('',(0.,-1.22464679914735E-16,-1.));
#8629=DIRECTION('',(-1.,0.,0.));
#8630=DIRECTION('',(0.,-1.22464679914735E-16,-1.));
#8631=DIRECTION('',(-1.,0.,0.));
#8632=DIRECTION('',(0.,-1.,6.12323399573677E-17));
#8633=DIRECTION('',(-1.,0.,0.));
#8634=DIRECTION('',(0.,0.,1.));
#8635=DIRECTION('',(1.,0.,0.));
#8636=DIRECTION('',(0.,0.,-1.));
#8637=DIRECTION('',(1.,1.22464679914735E-16,3.06161699786838E-16));
#8638=DIRECTION('',(3.06161699786838E-16,0.,-1.));
#8639=DIRECTION('',(1.,1.22464679914735E-16,3.06161699786838E-16));
#8640=DIRECTION('',(1.22464679914735E-16,-1.,1.83697019872103E-16));
#8641=DIRECTION('',(1.,1.22464679914735E-16,3.06161699786838E-16));
#8642=DIRECTION('',(1.22464679914735E-16,-1.,1.83697019872103E-16));
#8643=DIRECTION('',(1.,1.22464679914735E-16,3.06161699786839E-16));
#8644=DIRECTION('',(3.06161699786839E-16,0.,-1.));
#8645=DIRECTION('',(1.,1.22464679914735E-16,3.06161699786839E-16));
#8646=DIRECTION('',(-3.06161699786839E-16,1.22464679914735E-16,1.));
#8647=DIRECTION('',(1.,1.22464679914735E-16,3.06161699786839E-16));
#8648=DIRECTION('',(-3.06161699786839E-16,1.22464679914735E-16,1.));
#8649=DIRECTION('',(1.,1.22464679914735E-16,3.06161699786838E-16));
#8650=DIRECTION('',(3.06161699786838E-16,0.,-1.));
#8651=DIRECTION('',(1.,1.22464679914735E-16,3.06161699786838E-16));
#8652=DIRECTION('',(-1.22464679914735E-16,1.,-6.12323399573677E-17));
#8653=DIRECTION('',(1.,1.22464679914735E-16,3.06161699786838E-16));
#8654=DIRECTION('',(-1.22464679914735E-16,1.,-6.12323399573677E-17));
#8655=DIRECTION('',(1.,1.22464679914735E-16,3.06161699786839E-16));
#8656=DIRECTION('',(3.06161699786839E-16,0.,-1.));
#8657=DIRECTION('',(1.,1.22464679914735E-16,3.06161699786839E-16));
#8658=DIRECTION('',(3.06161699786839E-16,0.,-1.));
#8659=DIRECTION('',(1.,1.22464679914735E-16,3.06161699786839E-16));
#8660=DIRECTION('',(3.06161699786839E-16,0.,-1.));
#8661=DIRECTION('',(1.22464679914735E-16,-1.,0.));
#8662=DIRECTION('',(3.06161699786839E-16,3.74939945665464E-32,-1.));
#8663=DIRECTION('',(1.,1.22464679914735E-16,3.06161699786839E-16));
#8664=DIRECTION('',(3.06161699786839E-16,-1.22464679914735E-16,-1.));
#8665=DIRECTION('',(1.,1.22464679914735E-16,3.06161699786839E-16));
#8666=DIRECTION('',(3.06161699786839E-16,-1.22464679914735E-16,-1.));
#8667=DIRECTION('',(1.,1.22464679914735E-16,3.06161699786839E-16));
#8668=DIRECTION('',(3.06161699786839E-16,-1.22464679914735E-16,-1.));
#8669=DIRECTION('',(1.,1.22464679914735E-16,3.06161699786839E-16));
#8670=DIRECTION('',(3.06161699786839E-16,-1.22464679914735E-16,-1.));
#8671=DIRECTION('',(1.22464679914735E-16,-1.,0.));
#8672=DIRECTION('',(3.06161699786839E-16,3.74939945665464E-32,-1.));
#8673=DIRECTION('',(1.,1.22464679914735E-16,3.06161699786839E-16));
#8674=DIRECTION('',(3.06161699786839E-16,-1.22464679914735E-16,-1.));
#8675=DIRECTION('',(1.,1.22464679914735E-16,3.06161699786839E-16));
#8676=DIRECTION('',(3.06161699786839E-16,-1.22464679914735E-16,-1.));
#8677=DIRECTION('',(1.,1.22464679914735E-16,3.06161699786838E-16));
#8678=DIRECTION('',(1.22464679914735E-16,-1.,1.83697019872103E-16));
#8679=DIRECTION('',(1.,1.22464679914735E-16,3.06161699786839E-16));
#8680=DIRECTION('',(-3.06161699786839E-16,1.22464679914735E-16,1.));
#8681=DIRECTION('',(1.,1.22464679914735E-16,3.06161699786838E-16));
#8682=DIRECTION('',(-1.22464679914735E-16,1.,-6.12323399573677E-17));
#8683=DIRECTION('',(1.,1.22464679914735E-16,3.06161699786839E-16));
#8684=DIRECTION('',(3.06161699786839E-16,0.,-1.));
#8685=DIRECTION('',(1.,1.22464679914735E-16,3.06161699786839E-16));
#8686=DIRECTION('',(3.06161699786839E-16,0.,-1.));
#8687=DIRECTION('',(1.,1.22464679914735E-16,3.06161699786839E-16));
#8688=DIRECTION('',(3.06161699786839E-16,0.,-1.));
#8689=DIRECTION('',(1.,1.22464679914735E-16,3.06161699786839E-16));
#8690=DIRECTION('',(3.06161699786839E-16,0.,-1.));
#8691=DIRECTION('',(1.,1.22464679914735E-16,3.06161699786839E-16));
#8692=DIRECTION('',(3.06161699786839E-16,0.,-1.));
#8693=DIRECTION('',(1.,1.22464679914735E-16,3.06161699786839E-16));
#8694=DIRECTION('',(-1.22464679914735E-16,1.,-3.74939945665464E-32));
#8695=DIRECTION('',(1.,1.22464679914735E-16,3.06161699786838E-16));
#8696=DIRECTION('',(3.06161699786838E-16,0.,-1.));
#8697=DIRECTION('',(1.,1.22464679914735E-16,3.06161699786838E-16));
#8698=DIRECTION('',(-1.22464679914735E-16,1.,-6.12323399573677E-17));
#8699=DIRECTION('',(1.,1.22464679914735E-16,3.06161699786839E-16));
#8700=DIRECTION('',(3.06161699786839E-16,0.,-1.));
#8701=DIRECTION('',(1.,1.22464679914735E-16,3.06161699786838E-16));
#8702=DIRECTION('',(-1.22464679914735E-16,1.,-6.12323399573677E-17));
#8703=DIRECTION('',(1.,1.22464679914735E-16,3.06161699786838E-16));
#8704=DIRECTION('',(-3.06161699786839E-16,6.12323399573677E-17,1.));
#8705=DIRECTION('',(1.,1.22464679914735E-16,3.06161699786839E-16));
#8706=DIRECTION('',(3.06161699786839E-16,0.,-1.));
#8707=DIRECTION('',(1.,1.22464679914735E-16,3.06161699786839E-16));
#8708=DIRECTION('',(-3.06161699786839E-16,1.22464679914735E-16,1.));
#8709=DIRECTION('',(1.,1.22464679914735E-16,3.06161699786839E-16));
#8710=DIRECTION('',(3.06161699786839E-16,0.,-1.));
#8711=DIRECTION('',(1.,1.22464679914735E-16,3.06161699786839E-16));
#8712=DIRECTION('',(-3.06161699786839E-16,1.22464679914735E-16,1.));
#8713=DIRECTION('',(1.,1.22464679914735E-16,3.06161699786839E-16));
#8714=DIRECTION('',(1.22464679914735E-16,-1.,1.22464679914735E-16));
#8715=DIRECTION('',(1.,1.22464679914735E-16,3.06161699786838E-16));
#8716=DIRECTION('',(3.06161699786838E-16,0.,-1.));
#8717=DIRECTION('',(1.,1.22464679914735E-16,3.06161699786838E-16));
#8718=DIRECTION('',(1.22464679914735E-16,-1.,1.83697019872103E-16));
#8719=DIRECTION('',(1.,1.22464679914735E-16,3.06161699786839E-16));
#8720=DIRECTION('',(3.06161699786839E-16,0.,-1.));
#8721=DIRECTION('',(1.,1.22464679914735E-16,3.06161699786838E-16));
#8722=DIRECTION('',(1.22464679914735E-16,-1.,1.83697019872103E-16));
#8723=DIRECTION('',(1.,1.22464679914735E-16,3.06161699786838E-16));
#8724=DIRECTION('',(3.06161699786839E-16,-1.83697019872103E-16,-1.));
#8725=DIRECTION('',(-1.,0.,0.));
#8726=DIRECTION('',(0.,0.,1.));
#8727=DIRECTION('',(-1.,0.,0.));
#8728=DIRECTION('',(0.,0.,1.));
#8729=DIRECTION('',(-1.,0.,0.));
#8730=DIRECTION('',(0.,0.,1.));
#8731=DIRECTION('',(-1.,0.,0.));
#8732=DIRECTION('',(0.,0.,1.));
#8733=DIRECTION('',(-1.,0.,0.));
#8734=DIRECTION('',(0.,-1.,0.));
#8735=DIRECTION('',(-1.,0.,0.));
#8736=DIRECTION('',(0.,0.,1.));
#8737=DIRECTION('',(-1.,0.,0.));
#8738=DIRECTION('',(0.,-1.,6.12323399573677E-17));
#8739=DIRECTION('',(-1.,0.,0.));
#8740=DIRECTION('',(0.,0.,1.));
#8741=DIRECTION('',(-1.,0.,0.));
#8742=DIRECTION('',(0.,-1.,6.12323399573677E-17));
#8743=DIRECTION('',(-1.,0.,0.));
#8744=DIRECTION('',(0.,-6.12323399573677E-17,-1.));
#8745=DIRECTION('',(-1.,0.,0.));
#8746=DIRECTION('',(0.,0.,1.));
#8747=DIRECTION('',(-1.,0.,0.));
#8748=DIRECTION('',(0.,-1.22464679914735E-16,-1.));
#8749=DIRECTION('',(-1.,0.,0.));
#8750=DIRECTION('',(0.,0.,1.));
#8751=DIRECTION('',(-1.,0.,0.));
#8752=DIRECTION('',(0.,-1.22464679914735E-16,-1.));
#8753=DIRECTION('',(-1.,0.,0.));
#8754=DIRECTION('',(0.,1.,-1.22464679914735E-16));
#8755=DIRECTION('',(-1.,0.,0.));
#8756=DIRECTION('',(0.,0.,1.));
#8757=DIRECTION('',(-1.,0.,0.));
#8758=DIRECTION('',(0.,1.,-1.83697019872103E-16));
#8759=DIRECTION('',(-1.,0.,0.));
#8760=DIRECTION('',(0.,0.,1.));
#8761=DIRECTION('',(-1.,0.,0.));
#8762=DIRECTION('',(0.,1.,-1.83697019872103E-16));
#8763=DIRECTION('',(-1.,0.,0.));
#8764=DIRECTION('',(0.,1.83697019872103E-16,1.));
#8765=DIRECTION('',(0.,0.,1.));
#8766=DIRECTION('',(1.,0.,0.));
#8767=CARTESIAN_POINT('',(0.,0.,0.));
#8768=CARTESIAN_POINT('',(0.,-1.554312234475E-18,-0.0035));
#8769=CARTESIAN_POINT('',(0.,-1.443289932013E-18,-0.00325));
#8770=CARTESIAN_POINT('',(0.006749999754904,-2.16493489801905E-18,-0.00325));
#8771=CARTESIAN_POINT('',(0.,-1.554312234475E-18,-0.0035));
#8772=CARTESIAN_POINT('',(0.0065,-2.3314683517125E-18,-0.0035));
#8773=CARTESIAN_POINT('',(0.,-1.554312234475E-18,-0.0035));
#8774=CARTESIAN_POINT('',(0.,-1.554312234475E-18,-0.0035));
#8775=CARTESIAN_POINT('',(0.004,-2.3314683517126E-18,-0.0035));
#8776=CARTESIAN_POINT('',(0.,-1.443289932013E-18,-0.00325));
#8777=CARTESIAN_POINT('',(0.,-1.443289932013E-18,-0.00325));
#8778=CARTESIAN_POINT('',(0.009000000245096,-2.16493489801938E-18,-0.00325));
#8779=CARTESIAN_POINT('',(0.,1.554312234475E-18,0.0035));
#8780=CARTESIAN_POINT('',(0.,1.554312234475E-18,0.0035));
#8781=CARTESIAN_POINT('',(0.004,2.3314683517126E-18,0.0035));
#8782=CARTESIAN_POINT('',(0.,-1.443289932013E-18,-0.00325));
#8783=CARTESIAN_POINT('',(0.,-1.554312234475E-18,-0.0035));
#8784=CARTESIAN_POINT('',(0.00925,-2.3314683517126E-18,-0.0035));
#8785=CARTESIAN_POINT('',(0.,1.554312234475E-18,0.0035));
#8786=CARTESIAN_POINT('',(0.,1.554312234475E-18,0.0035));
#8787=CARTESIAN_POINT('',(0.0065,2.3314683517125E-18,0.0035));
#8788=CARTESIAN_POINT('',(0.,-1.554312234475E-18,-0.0035));
#8789=CARTESIAN_POINT('',(0.,-1.554312234475E-18,-0.0035));
#8790=CARTESIAN_POINT('',(0.01075,-2.31380571268448E-18,-0.0035));
#8791=CARTESIAN_POINT('',(0.,1.554312234475E-18,0.0035));
#8792=CARTESIAN_POINT('',(0.,1.443289932013E-18,0.00325));
#8793=CARTESIAN_POINT('',(0.006749999754904,2.16493489801905E-18,0.00325));
#8794=CARTESIAN_POINT('',(0.,-1.443289932013E-18,-0.00325));
#8795=CARTESIAN_POINT('',(0.,-1.443289932013E-18,-0.00325));
#8796=CARTESIAN_POINT('',(0.011,-2.22044604925061E-18,-0.00325));
#8797=CARTESIAN_POINT('',(0.,1.443289932013E-18,0.00325));
#8798=CARTESIAN_POINT('',(0.,1.443289932013E-18,0.00325));
#8799=CARTESIAN_POINT('',(0.009000000245096,2.16493489801938E-18,0.00325));
#8800=CARTESIAN_POINT('',(0.,-1.554312234475E-18,-0.0035));
#8801=CARTESIAN_POINT('',(0.,1.443289932013E-18,0.00325));
#8802=CARTESIAN_POINT('',(0.011,2.22044604925061E-18,0.00325));
#8803=CARTESIAN_POINT('',(0.,1.443289932013E-18,0.00325));
#8804=CARTESIAN_POINT('',(0.,1.554312234475E-18,0.0035));
#8805=CARTESIAN_POINT('',(0.00925,2.3314683517126E-18,0.0035));
#8806=CARTESIAN_POINT('',(0.,1.443289932013E-18,0.00325));
#8807=CARTESIAN_POINT('',(0.,1.554312234475E-18,0.0035));
#8808=CARTESIAN_POINT('',(0.01075,2.31380571268448E-18,0.0035));
#8809=CARTESIAN_POINT('',(0.,1.554312234475E-18,0.0035));
#8810=CARTESIAN_POINT('',(-0.0344651229679585,-0.126497314551828,-0.0050000017438867));
#8811=CARTESIAN_POINT('',(0.0209662412279547,-0.0508046986297586,-0.02));
#8812=CARTESIAN_POINT('',(0.0209662412279547,-0.0508046986297586,0.005));
#8813=CARTESIAN_POINT('',(0.0209662412279547,-0.0491546986297586,0.005));
#8814=CARTESIAN_POINT('',(0.0209662412279547,-0.0508046986297586,-0.005));
#8815=CARTESIAN_POINT('',(0.0209662412279547,-0.0491546986297586,-0.005));
#8816=CARTESIAN_POINT('',(0.049856702797256,-0.0231398973416105,-0.02));
#8817=CARTESIAN_POINT('',(0.049856702797256,-0.0231398973416105,0.005));
#8818=CARTESIAN_POINT('',(0.049856702797256,-0.0214898973416105,0.005));
#8819=CARTESIAN_POINT('',(0.049856702797256,-0.0231398973416105,-0.005));
#8820=CARTESIAN_POINT('',(0.049856702797256,-0.0214898973416105,-0.005));
#8821=CARTESIAN_POINT('',(0.,0.,0.005));
#8822=CARTESIAN_POINT('',(-1.40998324127395E-17,0.03175,0.005));
#8823=CARTESIAN_POINT('',(0.0474010985426219,0.03175,0.005));
#8824=CARTESIAN_POINT('',(0.0484919064323048,0.03175,0.005));
#8825=CARTESIAN_POINT('',(0.0531812383256521,0.017497081376448,0.005));
#8826=CARTESIAN_POINT('',(0.048046495159398,0.0331037985306095,0.005));
#8827=CARTESIAN_POINT('',(0.0373651695296637,0.0373651695296637,0.005));
#8828=CARTESIAN_POINT('',(0.,0.,0.005));
#8829=CARTESIAN_POINT('',(0.047,2.08721928629529E-17,0.005));
#8830=CARTESIAN_POINT('',(0.047,0.0310866313392982,0.005));
#8831=CARTESIAN_POINT('',(0.047,0.0216,0.005));
#8832=CARTESIAN_POINT('',(0.0373651695296637,0.0373651695296637,0.005));
#8833=CARTESIAN_POINT('',(0.0421439830080283,0.0269051053931968,0.005));
#8834=CARTESIAN_POINT('',(0.,3.06161699786838E-18,0.005));
#8835=CARTESIAN_POINT('',(0.0429492724036159,0.0256,0.005));
#8836=CARTESIAN_POINT('',(-1.13686837721616E-17,0.0256,0.005));
#8837=CARTESIAN_POINT('',(0.043,0.0256,0.005));
#8838=CARTESIAN_POINT('',(0.047,0.0216,0.005));
#8839=CARTESIAN_POINT('',(0.,0.,0.005));
#8840=CARTESIAN_POINT('',(0.,3.06161699786838E-18,0.005));
#8841=CARTESIAN_POINT('',(0.0269051053931967,0.0421439830080283,0.005));
#8842=CARTESIAN_POINT('',(0.0256,0.0429492724036159,0.005));
#8843=CARTESIAN_POINT('',(0.0373651695296637,0.0373651695296637,0.005));
#8844=CARTESIAN_POINT('',(0.0310866313392981,0.047,0.005));
#8845=CARTESIAN_POINT('',(0.,0.047,0.005));
#8846=CARTESIAN_POINT('',(0.0216,0.047,0.005));
#8847=CARTESIAN_POINT('',(0.0256,0.043,0.005));
#8848=CARTESIAN_POINT('',(0.0256,0.043,0.005));
#8849=CARTESIAN_POINT('',(0.0256,0.,0.005));
#8850=CARTESIAN_POINT('',(0.,0.,-0.005));
#8851=CARTESIAN_POINT('',(0.0373651695296637,0.0373651695296637,-0.005));
#8852=CARTESIAN_POINT('',(0.048046495159398,0.0331037985306095,-0.005));
#8853=CARTESIAN_POINT('',(0.0474010985426219,0.03175,-0.005));
#8854=CARTESIAN_POINT('',(0.05,0.027166247903554,-0.005));
#8855=CARTESIAN_POINT('',(0.0484919064323048,0.03175,-0.005));
#8856=CARTESIAN_POINT('',(0.047,0.03175,-0.005));
#8857=CARTESIAN_POINT('',(0.,0.,-0.005));
#8858=CARTESIAN_POINT('',(0.0373651695296637,0.0373651695296637,-0.005));
#8859=CARTESIAN_POINT('',(0.047,0.0310866313392982,-0.005));
#8860=CARTESIAN_POINT('',(0.0421439830080283,0.0269051053931968,-0.005));
#8861=CARTESIAN_POINT('',(0.047,0.004725,-0.005));
#8862=CARTESIAN_POINT('',(0.047,0.0216,-0.005));
#8863=CARTESIAN_POINT('',(0.0343,0.0343,-0.005));
#8864=CARTESIAN_POINT('',(0.043,0.0256,-0.005));
#8865=CARTESIAN_POINT('',(-1.13686837721616E-17,0.0256,-0.005));
#8866=CARTESIAN_POINT('',(0.0429492724036159,0.0256,-0.005));
#8867=CARTESIAN_POINT('',(0.,3.06161699786838E-18,-0.005));
#8868=CARTESIAN_POINT('',(0.,0.,-0.005));
#8869=CARTESIAN_POINT('',(0.0373651695296637,0.0373651695296637,-0.005));
#8870=CARTESIAN_POINT('',(0.0269051053931967,0.0421439830080283,-0.005));
#8871=CARTESIAN_POINT('',(0.0310866313392981,0.047,-0.005));
#8872=CARTESIAN_POINT('',(0.,3.06161699786838E-18,-0.005));
#8873=CARTESIAN_POINT('',(0.0256,0.0429492724036159,-0.005));
#8874=CARTESIAN_POINT('',(0.0256,0.,-0.005));
#8875=CARTESIAN_POINT('',(0.0256,0.043,-0.005));
#8876=CARTESIAN_POINT('',(0.0343,0.0343,-0.005));
#8877=CARTESIAN_POINT('',(0.0216,0.047,-0.005));
#8878=CARTESIAN_POINT('',(0.004725,0.047,-0.005));
#8879=CARTESIAN_POINT('',(0.,3.06161699786838E-18,0.005));
#8880=CARTESIAN_POINT('',(0.0421439830080283,0.0269051053931968,1.7347234759768E-18));
#8881=CARTESIAN_POINT('',(0.0429492724036159,0.0256,0.005));
#8882=CARTESIAN_POINT('',(0.,3.06161699786838E-18,0.005));
#8883=CARTESIAN_POINT('',(0.0269051053931967,0.0421439830080283,1.7347234759768E-18));
#8884=CARTESIAN_POINT('',(0.0256,0.0429492724036159,0.005));
#8885=CARTESIAN_POINT('',(0.004725,0.047,3.46944695195361E-18));
#8886=CARTESIAN_POINT('',(-0.01342759,0.047,9.18485099360515E-20));
#8887=CARTESIAN_POINT('',(-0.01342759,0.047,-0.0015));
#8888=CARTESIAN_POINT('',(0.,0.047,3.06161699786838E-19));
#8889=CARTESIAN_POINT('',(0.,0.047,-0.005));
#8890=CARTESIAN_POINT('',(0.02034048,0.047,0.0091316));
#8891=CARTESIAN_POINT('',(0.02034048,0.047,0.0075316));
#8892=CARTESIAN_POINT('',(0.02034048,0.047,-0.0091316));
#8893=CARTESIAN_POINT('',(0.02034048,0.047,-0.0107316));
#8894=CARTESIAN_POINT('',(0.01131093,0.047,1.58894907494365E-19));
#8895=CARTESIAN_POINT('',(0.01131093,0.047,-0.0025));
#8896=CARTESIAN_POINT('',(0.0256,0.047,-0.01115));
#8897=CARTESIAN_POINT('',(0.0256,0.047,-0.01115));
#8898=CARTESIAN_POINT('',(0.0310866313392981,0.047,-0.0056633686607019));
#8899=CARTESIAN_POINT('',(0.0310866313392981,0.047,0.01));
#8900=CARTESIAN_POINT('',(0.0216,0.047,0.005));
#8901=CARTESIAN_POINT('',(0.0310866313392981,0.047,0.01));
#8902=CARTESIAN_POINT('',(0.0310866313392981,0.047,0.0056633686607019));
#8903=CARTESIAN_POINT('',(0.03175,0.047,0.005));
#8904=CARTESIAN_POINT('',(0.0256,0.047,0.01115));
#8905=CARTESIAN_POINT('',(0.007225,0.047,0.01115));
#8906=CARTESIAN_POINT('',(-0.01115,0.047,0.01115));
#8907=CARTESIAN_POINT('',(-0.0173,0.047,0.005));
#8908=CARTESIAN_POINT('',(-0.017058722109232,0.047,0.00524127789076801));
#8909=CARTESIAN_POINT('',(-0.017058722109232,0.047,0.005));
#8910=CARTESIAN_POINT('',(-0.017058722109232,0.047,-0.005241277890768));
#8911=CARTESIAN_POINT('',(-0.01115,0.047,-0.01115));
#8912=CARTESIAN_POINT('',(-0.01115,0.047,-0.01115));
#8913=CARTESIAN_POINT('',(0.007225,0.047,-0.01115));
#8914=CARTESIAN_POINT('',(0.047,0.004725,3.46944695195361E-18));
#8915=CARTESIAN_POINT('',(0.047,-0.01342759,9.18485099360515E-20));
#8916=CARTESIAN_POINT('',(0.047,-0.01342759,-0.0015));
#8917=CARTESIAN_POINT('',(0.047,2.08721928629529E-17,3.06161699786838E-19));
#8918=CARTESIAN_POINT('',(0.047,2.08721928629529E-17,-0.005));
#8919=CARTESIAN_POINT('',(0.047,0.02034048,0.0091316));
#8920=CARTESIAN_POINT('',(0.047,0.02034048,0.0075316));
#8921=CARTESIAN_POINT('',(0.047,0.02034048,-0.0091316));
#8922=CARTESIAN_POINT('',(0.047,0.02034048,-0.0107316));
#8923=CARTESIAN_POINT('',(0.047,0.01131093,1.58894907494365E-19));
#8924=CARTESIAN_POINT('',(0.047,0.01131093,-0.0025));
#8925=CARTESIAN_POINT('',(0.047,0.0256,0.01115));
#8926=CARTESIAN_POINT('',(0.047,0.0256,0.01115));
#8927=CARTESIAN_POINT('',(0.047,0.0310866313392982,0.0056633686607019));
#8928=CARTESIAN_POINT('',(0.047,0.0310866313392982,0.01));
#8929=CARTESIAN_POINT('',(0.047,0.0216,3.46944695195361E-18));
#8930=CARTESIAN_POINT('',(0.047,0.0310866313392982,0.01));
#8931=CARTESIAN_POINT('',(0.047,0.0310866313392981,-0.0056633686607019));
#8932=CARTESIAN_POINT('',(0.047,0.03175,-0.005));
#8933=CARTESIAN_POINT('',(0.047,0.0256,-0.01115));
#8934=CARTESIAN_POINT('',(0.047,0.007225,-0.01115));
#8935=CARTESIAN_POINT('',(0.047,-0.01115,-0.01115));
#8936=CARTESIAN_POINT('',(0.047,-0.0173,-0.005));
#8937=CARTESIAN_POINT('',(0.047,-0.0170587221092319,-0.00524127789076802));
#8938=CARTESIAN_POINT('',(0.047,-0.0170587221092319,0.005));
#8939=CARTESIAN_POINT('',(0.047,-0.0170587221092319,0.00524127789076802));
#8940=CARTESIAN_POINT('',(0.047,-0.01115,0.01115));
#8941=CARTESIAN_POINT('',(0.047,-0.01115,0.01115));
#8942=CARTESIAN_POINT('',(0.047,0.007225,0.01115));
#8943=CARTESIAN_POINT('',(0.,0.,-0.005));
#8944=CARTESIAN_POINT('',(-0.0508046986297586,0.0209662412279546,-0.005));
#8945=CARTESIAN_POINT('',(-0.0491546986297586,0.0209662412279546,-0.005));
#8946=CARTESIAN_POINT('',(-0.0231398973416105,0.049856702797256,-0.005));
#8947=CARTESIAN_POINT('',(-0.0214898973416105,0.049856702797256,-0.005));
#8948=CARTESIAN_POINT('',(-0.03,0.00489897948556636,-0.005));
#8949=CARTESIAN_POINT('',(-0.05,0.00489897948556636,-0.005));
#8950=CARTESIAN_POINT('',(-0.0497594212184989,0.00489897948556636,-0.005));
#8951=CARTESIAN_POINT('',(-0.05,0.,-0.005));
#8952=CARTESIAN_POINT('',(-0.05,0.0146650093760625,-0.005));
#8953=CARTESIAN_POINT('',(-0.0584973289988526,0.0146650093760625,-0.005));
#8954=CARTESIAN_POINT('',(-0.0584742629166066,0.0146650093760625,-0.005));
#8955=CARTESIAN_POINT('',(-0.0584742629166066,0.0146650093760625,-0.005));
#8956=CARTESIAN_POINT('',(-0.0583510328761774,0.0147643202256867,-0.005));
#8957=CARTESIAN_POINT('',(-0.0582277422555046,0.0148635558122735,-0.005));
#8958=CARTESIAN_POINT('',(-0.0581043950296531,0.0149627210743216,-0.005));
#8959=CARTESIAN_POINT('',(-0.058104382454784,0.0149627243903792,-0.00499997261813946));
#8960=CARTESIAN_POINT('',(0.,3.67394039744206E-18,-0.005));
#8961=CARTESIAN_POINT('',(-0.0270196142765449,0.0535718250981496,-0.005));
#8962=CARTESIAN_POINT('',(-0.0243176528488903,0.0482146425883347,-0.005));
#8963=CARTESIAN_POINT('',(-0.0208520985899242,0.0531125945764785,-0.005));
#8964=CARTESIAN_POINT('',(-0.0236940526100992,0.0551234239766531,-0.005));
#8965=CARTESIAN_POINT('',(-0.0173,0.0505993011782628,-0.005));
#8966=CARTESIAN_POINT('',(-0.0173,0.047,-0.005));
#8967=CARTESIAN_POINT('',(-0.0173,0.046911725613113,-0.005));
#8968=CARTESIAN_POINT('',(0.,3.06161699786838E-18,-0.005));
#8969=CARTESIAN_POINT('',(0.,0.,0.005));
#8970=CARTESIAN_POINT('',(0.,3.06161699786838E-18,0.005));
#8971=CARTESIAN_POINT('',(-0.0497594212184989,-0.00489897948556636,0.005));
#8972=CARTESIAN_POINT('',(-0.0452963567975826,-0.0211716806339529,0.005));
#8973=CARTESIAN_POINT('',(-0.03,-0.00489897948556636,0.005));
#8974=CARTESIAN_POINT('',(-0.05,-0.00489897948556636,0.005));
#8975=CARTESIAN_POINT('',(-0.05,-0.0133440061450825,0.005));
#8976=CARTESIAN_POINT('',(-0.05,-0.0133440061450825,0.005));
#8977=CARTESIAN_POINT('',(-0.052,-0.0133440061450825,0.005));
#8978=CARTESIAN_POINT('',(-0.053124031286453,-0.0133440061450825,0.005));
#8979=CARTESIAN_POINT('',(-0.0332340187157677,-0.0332340187157677,0.005));
#8980=CARTESIAN_POINT('',(0.,0.,0.005));
#8981=CARTESIAN_POINT('',(-0.0508046986297586,0.0209662412279546,0.005));
#8982=CARTESIAN_POINT('',(-0.0491546986297586,0.0209662412279546,0.005));
#8983=CARTESIAN_POINT('',(-0.0231398973416105,0.049856702797256,0.005));
#8984=CARTESIAN_POINT('',(-0.0214898973416105,0.049856702797256,0.005));
#8985=CARTESIAN_POINT('',(-0.05,-0.0133440061450825,0.005));
#8986=CARTESIAN_POINT('',(-0.05,0.0146650093760625,0.005));
#8987=CARTESIAN_POINT('',(-0.05,0.00489897948556636,0.005));
#8988=CARTESIAN_POINT('',(-0.03,0.00489897948556636,0.005));
#8989=CARTESIAN_POINT('',(-0.0497594212184989,0.00489897948556636,0.005));
#8990=CARTESIAN_POINT('',(0.,3.06161699786838E-18,0.005));
#8991=CARTESIAN_POINT('',(-0.0173,0.046911725613113,0.005));
#8992=CARTESIAN_POINT('',(-0.0173,0.,0.005));
#8993=CARTESIAN_POINT('',(-0.0173,0.0505993011782628,0.005));
#8994=CARTESIAN_POINT('',(0.0180862327891419,0.0255617119883265,0.005));
#8995=CARTESIAN_POINT('',(-0.0208520985899243,0.0531125945764785,0.005));
#8996=CARTESIAN_POINT('',(-0.0243176528488903,0.0482146425883347,0.005));
#8997=CARTESIAN_POINT('',(-0.0270196142765449,0.0535718250981496,0.005));
#8998=CARTESIAN_POINT('',(0.,3.67394039744206E-18,0.005));
#8999=CARTESIAN_POINT('',(-0.0581043072745389,0.0149630420101104,0.005));
#9000=CARTESIAN_POINT('',(-0.0581043339200154,0.0149630438017638,0.005));
#9001=CARTESIAN_POINT('',(-0.0582278349718722,0.0148637717153969,0.005));
#9002=CARTESIAN_POINT('',(-0.058351278906616,0.0147644286572217,0.005));
#9003=CARTESIAN_POINT('',(-0.0584746614981744,0.0146650093760625,0.005));
#9004=CARTESIAN_POINT('',(-0.0584746614981744,0.0146650093760625,0.005));
#9005=CARTESIAN_POINT('',(0.,0.0146650093760625,0.005));
#9006=CARTESIAN_POINT('',(0.,0.,-0.005));
#9007=CARTESIAN_POINT('',(-0.03,-0.00489897948556636,-0.005));
#9008=CARTESIAN_POINT('',(-0.0497594212184989,-0.00489897948556652,-0.0050000000000002));
#9009=CARTESIAN_POINT('',(-0.05,-0.00489897948556636,-0.005));
#9010=CARTESIAN_POINT('',(0.,3.06161699786838E-18,-0.005));
#9011=CARTESIAN_POINT('',(-0.0452963567975826,-0.0211716806339529,-0.005));
#9012=CARTESIAN_POINT('',(-0.0332340187157677,-0.0332340187157677,-0.005));
#9013=CARTESIAN_POINT('',(-0.053124031286453,-0.0133440061450825,-0.005));
#9014=CARTESIAN_POINT('',(-0.052,-0.0133440061450825,-0.005));
#9015=CARTESIAN_POINT('',(-0.05,-0.0133440061450825,-0.005));
#9016=CARTESIAN_POINT('',(-0.05,0.,-0.005));
#9017=CARTESIAN_POINT('',(0.,3.06161699786838E-18,0.005));
#9018=CARTESIAN_POINT('',(-0.0497594212184989,0.00489897948556636,0.005));
#9019=CARTESIAN_POINT('',(-0.0496941608051985,0.00556183598534891,0.00435053592113819));
#9020=CARTESIAN_POINT('',(-0.049562930255469,0.00662413477115087,0.00278720336412425));
#9021=CARTESIAN_POINT('',(-0.0494799048429685,0.00718796215477089,1.9272948946283E-6));
#9022=CARTESIAN_POINT('',(-0.0495629015555937,0.00662401579459237,-0.00278663760883942));
#9023=CARTESIAN_POINT('',(-0.0496938405405872,0.0055650889448159,-0.00434734868479898));
#9024=CARTESIAN_POINT('',(-0.0497594212184989,0.00489897948556637,-0.00500000000000001));
#9025=CARTESIAN_POINT('',(0.,3.06161699786838E-18,-0.0223));
#9026=CARTESIAN_POINT('',(0.,3.06161699786838E-18,0.0223));
#9027=CARTESIAN_POINT('',(0.,3.06161699786838E-18,0.005));
#9028=CARTESIAN_POINT('',(-0.0497594212184989,-0.00489897948556632,-0.00500000000000003));
#9029=CARTESIAN_POINT('',(-0.0496941608051985,-0.00556183598534888,-0.00435053592113823));
#9030=CARTESIAN_POINT('',(-0.049562930255469,-0.00662413477115086,-0.00278720336412429));
#9031=CARTESIAN_POINT('',(-0.0494799048429685,-0.0071879621547709,-1.92729489465177E-6));
#9032=CARTESIAN_POINT('',(-0.0495629015555937,-0.00662401579459238,0.00278663760883941));
#9033=CARTESIAN_POINT('',(-0.0496938405405872,-0.0055650889448159,0.00434734868479898));
#9034=CARTESIAN_POINT('',(-0.0497594212184989,-0.00489897948556637,0.00500000000000001));
#9035=CARTESIAN_POINT('',(-0.0452963567975826,-0.0211716806339529,0.005));
#9036=CARTESIAN_POINT('',(-0.05,0.,-0.005));
#9037=CARTESIAN_POINT('',(-0.045,0.,4.28626379701574E-19));
#9038=CARTESIAN_POINT('',(-0.052,0.,-0.007));
#9039=CARTESIAN_POINT('',(-0.052,0.,-0.007));
#9040=CARTESIAN_POINT('',(-0.052,0.0124121915873064,-0.007));
#9041=CARTESIAN_POINT('',(-0.045,0.,8.72560844392489E-19));
#9042=CARTESIAN_POINT('',(-0.0511384615384615,0.0128600851451625,-0.00613846153846154));
#9043=CARTESIAN_POINT('',(-0.0551511976047904,0.0064982676277163,-0.0101511976047904));
#9044=CARTESIAN_POINT('',(-0.052,0.,0.007));
#9045=CARTESIAN_POINT('',(-0.045,0.,4.28626379701574E-19));
#9046=CARTESIAN_POINT('',(-0.052,0.,0.007));
#9047=CARTESIAN_POINT('',(-0.052,0.0133440061450825,0.007));
#9048=CARTESIAN_POINT('',(-0.052,-0.0124121915873064,0.007));
#9049=CARTESIAN_POINT('',(-0.045,0.,8.72560844392489E-19));
#9050=CARTESIAN_POINT('',(0.,0.,0.005));
#9051=CARTESIAN_POINT('',(-0.0201525432638166,0.0201525432638166,0.005));
#9052=CARTESIAN_POINT('',(-0.0556490926727157,-0.0153440061450825,0.005));
#9053=CARTESIAN_POINT('',(-0.0574871786577775,-0.0171820921301443,0.005));
#9054=CARTESIAN_POINT('',(0.,-0.0153440061450825,0.005));
#9055=CARTESIAN_POINT('',(-0.0585544577553891,-0.0153440061450825,0.005));
#9056=CARTESIAN_POINT('',(-0.0585544577553891,-0.0153440061450825,0.005));
#9057=CARTESIAN_POINT('',(-0.0583254924774761,-0.0155147526286195,0.005));
#9058=CARTESIAN_POINT('',(-0.05809636669114,-0.0156852834676892,0.005));
#9059=CARTESIAN_POINT('',(-0.0578670976323108,-0.0158556218189141,0.005));
#9060=CARTESIAN_POINT('',(-0.0578670895673849,-0.0158556201267892,0.00500000710010432));
#9061=CARTESIAN_POINT('',(0.,3.67394039744206E-18,0.005));
#9062=CARTESIAN_POINT('',(0.,0.,-0.005));
#9063=CARTESIAN_POINT('',(0.,3.67394039744206E-18,-0.005));
#9064=CARTESIAN_POINT('',(-0.0578670957332139,-0.0158555947046715,-0.005));
#9065=CARTESIAN_POINT('',(-0.0574871786577775,-0.0171820921301443,-0.005));
#9066=CARTESIAN_POINT('',(-0.0578671011982188,-0.0158555953211053,-0.005));
#9067=CARTESIAN_POINT('',(-0.0580963790914745,-0.0156852600192208,-0.005));
#9068=CARTESIAN_POINT('',(-0.0583255183828464,-0.0155147384841588,-0.005));
#9069=CARTESIAN_POINT('',(-0.0585545007857738,-0.0153440061450825,-0.005));
#9070=CARTESIAN_POINT('',(-0.0585545007857738,-0.0153440061450825,-0.005));
#9071=CARTESIAN_POINT('',(-0.0536490926727157,-0.0153440061450825,-0.005));
#9072=CARTESIAN_POINT('',(-0.0556490926727157,-0.0153440061450825,-0.005));
#9073=CARTESIAN_POINT('',(-0.0201525432638166,0.0201525432638166,-0.005));
#9074=CARTESIAN_POINT('',(0.,3.67394039744206E-18,0.005));
#9075=CARTESIAN_POINT('',(-0.0578670830328702,-0.0158556204945408,0.00499999999999884));
#9076=CARTESIAN_POINT('',(-0.0576142738075391,-0.0167782795881252,0.00173673974536823));
#9077=CARTESIAN_POINT('',(-0.0576135862584384,-0.0167807905416223,-0.00172566436267168));
#9078=CARTESIAN_POINT('',(-0.0578670902682089,-0.0158555940882377,-0.00499999833684895));
#9079=CARTESIAN_POINT('',(-0.0574871786577775,-0.0171820921301443,0.005));
#9080=CARTESIAN_POINT('',(0.,3.67394039744206E-18,0.005));
#9081=CARTESIAN_POINT('',(-0.0581043632348786,0.0149627194409737,-0.00499994523627891));
#9082=CARTESIAN_POINT('',(-0.0579733015327078,0.015471668150408,-0.00337591391687363));
#9083=CARTESIAN_POINT('',(-0.0578318738982896,0.0159792362452477,-9.90095728564525E-6));
#9084=CARTESIAN_POINT('',(-0.0579729344947267,0.0154730817967436,0.00336934995449892));
#9085=CARTESIAN_POINT('',(-0.0581042806290624,0.0149630402184569,0.00500000000974883));
#9086=CARTESIAN_POINT('',(-0.0270196142765449,0.0535718250981497,0.005));
#9087=CARTESIAN_POINT('',(-0.0353553390593273,-0.0353553390593274,0.));
#9088=CARTESIAN_POINT('',(-0.018031222920257,-0.0526794551983978,-4.33680868994202E-18));
#9089=CARTESIAN_POINT('',(-0.018031222920257,-0.0526794551983978,0.015));
#9090=CARTESIAN_POINT('',(-0.018031222920257,-0.0526794551983978,-0.015));
#9091=CARTESIAN_POINT('',(-0.0353553390593274,-0.0353553390593274,0.015));
#9092=CARTESIAN_POINT('',(-0.0526794551983978,-0.018031222920257,0.015));
#9093=CARTESIAN_POINT('',(-0.0526794551983978,-0.018031222920257,4.33680868994202E-18));
#9094=CARTESIAN_POINT('',(-0.0526794551983978,-0.018031222920257,-0.015));
#9095=CARTESIAN_POINT('',(-0.0353553390593274,-0.0353553390593274,-0.015));
#9096=CARTESIAN_POINT('',(0.,0.,0.005));
#9097=CARTESIAN_POINT('',(-0.0158235306633291,0.,0.005));
#9098=CARTESIAN_POINT('',(-0.0158235306633291,-0.0506445067682064,0.005));
#9099=CARTESIAN_POINT('',(-0.0158235306633291,-0.049,0.005));
#9100=CARTESIAN_POINT('',(0.,-0.049,0.005));
#9101=CARTESIAN_POINT('',(-0.010021975853094,-0.049,0.005));
#9102=CARTESIAN_POINT('',(-0.010021975853094,-0.0625,0.005));
#9103=CARTESIAN_POINT('',(-0.010021975853094,-0.0489853039186244,0.005));
#9104=CARTESIAN_POINT('',(0.,3.06161699786838E-18,0.005));
#9105=CARTESIAN_POINT('',(-0.0211716806339529,-0.0452963567975826,0.005));
#9106=CARTESIAN_POINT('',(-0.0332340187157677,-0.0332340187157677,0.005));
#9107=CARTESIAN_POINT('',(0.,0.,0.005));
#9108=CARTESIAN_POINT('',(0.,3.67394039744206E-18,0.005));
#9109=CARTESIAN_POINT('',(-0.0171820921301443,-0.0574871786577775,0.005));
#9110=CARTESIAN_POINT('',(-0.0158235306633291,-0.0578758661045058,0.005));
#9111=CARTESIAN_POINT('',(-0.0158235306633291,0.,0.005));
#9112=CARTESIAN_POINT('',(-0.0158235306633291,-0.0561286171909623,0.005));
#9113=CARTESIAN_POINT('',(0.0201525432638166,-0.0201525432638166,0.005));
#9114=CARTESIAN_POINT('',(0.,0.,-0.005));
#9115=CARTESIAN_POINT('',(-0.0332340187157677,-0.0332340187157677,-0.005));
#9116=CARTESIAN_POINT('',(-0.0211716806339529,-0.0452963567975826,-0.005));
#9117=CARTESIAN_POINT('',(-0.0138235306633291,-0.0526445067682064,-0.005));
#9118=CARTESIAN_POINT('',(0.,3.06161699786838E-18,-0.005));
#9119=CARTESIAN_POINT('',(-0.010021975853094,-0.0489853039186244,-0.005));
#9120=CARTESIAN_POINT('',(-0.010021975853094,-0.0625,-0.005));
#9121=CARTESIAN_POINT('',(-0.010021975853094,-0.049,-0.005));
#9122=CARTESIAN_POINT('',(0.,-0.049,-0.005));
#9123=CARTESIAN_POINT('',(-0.0138235306633291,-0.049,-0.005));
#9124=CARTESIAN_POINT('',(-0.0138235306633291,-0.058,-0.005));
#9125=CARTESIAN_POINT('',(0.,0.,-0.005));
#9126=CARTESIAN_POINT('',(0.,3.67394039744206E-18,-0.005));
#9127=CARTESIAN_POINT('',(-0.0171820921301443,-0.0574871786577775,-0.005));
#9128=CARTESIAN_POINT('',(-0.0138235306633291,-0.0583858715786619,-0.005));
#9129=CARTESIAN_POINT('',(0.0201525432638166,-0.0201525432638166,-0.005));
#9130=CARTESIAN_POINT('',(-0.0138235306633291,-0.0541286171909623,-0.005));
#9131=CARTESIAN_POINT('',(-0.0138235306633291,-0.058,-0.005));
#9132=CARTESIAN_POINT('',(0.,3.06161699786838E-18,0.005));
#9133=CARTESIAN_POINT('',(-0.0211716806339529,-0.0452963567975826,0.005));
#9134=CARTESIAN_POINT('',(-0.010021975853094,-0.0489853039186244,0.005));
#9135=CARTESIAN_POINT('',(-0.0104085489091642,-0.0489062143647487,0.00422515483332166));
#9136=CARTESIAN_POINT('',(-0.010995410985449,-0.0487772623806036,0.00260605984946637));
#9137=CARTESIAN_POINT('',(-0.0114037070618716,-0.0486812450801251,-0.000872522030395038));
#9138=CARTESIAN_POINT('',(-0.0107952315853643,-0.0488271023835282,-0.00345008994458419));
#9139=CARTESIAN_POINT('',(-0.010021975853094,-0.0489853039186244,-0.005));
#9140=CARTESIAN_POINT('',(0.,-0.058,9.00115397373305E-19));
#9141=CARTESIAN_POINT('',(0.,-0.061,9.00115397373305E-19));
#9142=CARTESIAN_POINT('',(0.,-0.061,-0.0147));
#9143=CARTESIAN_POINT('',(0.,-0.049,9.00115397373305E-19));
#9144=CARTESIAN_POINT('',(0.0130168920828902,-0.049,0.00683011863018426));
#9145=CARTESIAN_POINT('',(-0.0130168920828902,-0.049,0.00683011863018427));
#9146=CARTESIAN_POINT('',(-0.0130168920828902,-0.058,0.00683011863018427));
#9147=CARTESIAN_POINT('',(-0.0130168920828902,-0.0585709870200459,0.00683011863018427));
#9148=CARTESIAN_POINT('',(-0.0130168920828902,-0.0585709870200459,0.00683011863018425));
#9149=CARTESIAN_POINT('',(-0.0139672624350016,-0.0583597754809954,0.0050188955779898));
#9150=CARTESIAN_POINT('',(-0.0148110467666153,-0.0581423825485333,0.00203311330437665));
#9151=CARTESIAN_POINT('',(-0.0146581823592397,-0.058182412873034,-0.00207874910255212));
#9152=CARTESIAN_POINT('',(-0.0141721017426558,-0.0583033433424099,-0.00403630339931562));
#9153=CARTESIAN_POINT('',(-0.0138235306633291,-0.0583858715786619,-0.005));
#9154=CARTESIAN_POINT('',(0.,-0.0403050865276332,9.00115397373305E-19));
#9155=CARTESIAN_POINT('',(-0.0130814754519511,-0.0533865619795844,-0.00670559467907211));
#9156=CARTESIAN_POINT('',(0.,-0.0664680374315355,9.00115397373305E-19));
#9157=CARTESIAN_POINT('',(0.,-0.049,9.00115397373305E-19));
#9158=CARTESIAN_POINT('',(0.0138235306633291,-0.049,-0.005));
#9159=CARTESIAN_POINT('',(0.0138235306633291,-0.058,-0.005));
#9160=CARTESIAN_POINT('',(0.0138235306633291,-0.0583858715786619,-0.005));
#9161=CARTESIAN_POINT('',(0.0138235306633291,-0.0583858715786619,-0.005));
#9162=CARTESIAN_POINT('',(0.0141721216688658,-0.0583033386246491,-0.00403624830920047));
#9163=CARTESIAN_POINT('',(0.0146604481361121,-0.0581817107560894,-0.00207369144196896));
#9164=CARTESIAN_POINT('',(0.0147702395690499,-0.0581535119625672,0.00102546822832319));
#9165=CARTESIAN_POINT('',(0.0142518799372575,-0.0582847214514686,0.00400684606819208));
#9166=CARTESIAN_POINT('',(0.0134920577175026,-0.0584653855934363,0.00592454434631851));
#9167=CARTESIAN_POINT('',(0.0130168920828902,-0.0585709870200459,0.00683011863018427));
#9168=CARTESIAN_POINT('',(0.0130168920828902,-0.0585709870200459,0.00683011863018426));
#9169=CARTESIAN_POINT('',(0.0130168920828902,-0.058,0.00683011863018426));
#9170=CARTESIAN_POINT('',(0.,3.67394039744206E-18,0.005));
#9171=CARTESIAN_POINT('',(-0.0171820921301443,-0.0574871786577775,0.005));
#9172=CARTESIAN_POINT('',(0.,3.67394039744206E-18,0.0153180147469227));
#9173=CARTESIAN_POINT('',(0.,3.67394039744206E-18,0.005));
#9174=CARTESIAN_POINT('',(0.,3.67394039744206E-18,-0.005));
#9175=CARTESIAN_POINT('',(0.0535718250981496,-0.0270196142765448,-0.005));
#9176=CARTESIAN_POINT('',(0.0535718250981497,-0.0270196142765448,0.005));
#9177=CARTESIAN_POINT('',(0.0535718250981496,-0.0270196142765448,0.005));
#9178=CARTESIAN_POINT('',(0.,3.67394039744206E-18,0.005));
#9179=CARTESIAN_POINT('',(0.0158235306633291,-0.0578758661045058,0.005));
#9180=CARTESIAN_POINT('',(0.,3.67394039744206E-18,0.0153180147469227));
#9181=CARTESIAN_POINT('',(0.,0.,0.005));
#9182=CARTESIAN_POINT('',(0.,-0.049,0.005));
#9183=CARTESIAN_POINT('',(0.010021975853094,-0.049,0.005));
#9184=CARTESIAN_POINT('',(0.0158235306633291,-0.049,0.005));
#9185=CARTESIAN_POINT('',(0.0158235306633291,0.,0.005));
#9186=CARTESIAN_POINT('',(0.0482146425883347,-0.0243176528488903,0.005));
#9187=CARTESIAN_POINT('',(0.0531125945764785,-0.0208520985899242,0.005));
#9188=CARTESIAN_POINT('',(0.0255617119883264,0.018086232789142,0.005));
#9189=CARTESIAN_POINT('',(0.0505993011782628,-0.0173,0.005));
#9190=CARTESIAN_POINT('',(0.047,-0.0173,0.005));
#9191=CARTESIAN_POINT('',(0.046911725613113,-0.0173,0.005));
#9192=CARTESIAN_POINT('',(0.,3.06161699786838E-18,0.005));
#9193=CARTESIAN_POINT('',(0.010021975853094,-0.0489853039186244,0.005));
#9194=CARTESIAN_POINT('',(0.010021975853094,-0.0625,0.005));
#9195=CARTESIAN_POINT('',(0.,0.,-0.005));
#9196=CARTESIAN_POINT('',(0.,-0.049,-0.005));
#9197=CARTESIAN_POINT('',(0.010021975853094,-0.049,-0.005));
#9198=CARTESIAN_POINT('',(0.010021975853094,-0.0625,-0.005));
#9199=CARTESIAN_POINT('',(0.010021975853094,-0.0489853039186244,-0.005));
#9200=CARTESIAN_POINT('',(0.,3.06161699786838E-18,-0.005));
#9201=CARTESIAN_POINT('',(0.046911725613113,-0.0173,-0.005));
#9202=CARTESIAN_POINT('',(7.68274333040608E-18,-0.0173,-0.005));
#9203=CARTESIAN_POINT('',(0.0505993011782628,-0.0173,-0.005));
#9204=CARTESIAN_POINT('',(0.0497856167225029,-0.01615,-0.005));
#9205=CARTESIAN_POINT('',(0.0531125945764785,-0.0208520985899242,-0.005));
#9206=CARTESIAN_POINT('',(0.0482146425883347,-0.0243176528488903,-0.005));
#9207=CARTESIAN_POINT('',(0.,-0.0625,6.85802207522518E-19));
#9208=CARTESIAN_POINT('',(0.,-0.049,6.85802207522518E-19));
#9209=CARTESIAN_POINT('',(0.,-0.049,6.85802207522518E-19));
#9210=CARTESIAN_POINT('',(0.010021975853094,-0.0489853039186244,-0.005));
#9211=CARTESIAN_POINT('',(0.0104085489091642,-0.0489062143647487,-0.00422515483332166));
#9212=CARTESIAN_POINT('',(0.010995410985449,-0.0487772623806036,-0.00260605984946637));
#9213=CARTESIAN_POINT('',(0.0114037070618716,-0.0486812450801251,0.000872522030395038));
#9214=CARTESIAN_POINT('',(0.0107952315853643,-0.0488271023835282,0.00345008994458419));
#9215=CARTESIAN_POINT('',(0.010021975853094,-0.0489853039186244,0.005));
#9216=CARTESIAN_POINT('',(0.,-0.058,6.85802207522518E-19));
#9217=CARTESIAN_POINT('',(0.,-0.058,-0.0112));
#9218=CARTESIAN_POINT('',(0.,3.06161699786838E-18,0.005));
#9219=CARTESIAN_POINT('',(0.,3.06161699786838E-18,0.0223));
#9220=CARTESIAN_POINT('',(0.,3.06161699786838E-18,-0.0223));
#9221=CARTESIAN_POINT('',(0.,0.,0.005));
#9222=CARTESIAN_POINT('',(0.0373651695296637,0.0373651695296637,0.005));
#9223=CARTESIAN_POINT('',(0.03175,0.0474010985426219,0.005));
#9224=CARTESIAN_POINT('',(0.0331037985306095,0.048046495159398,0.005));
#9225=CARTESIAN_POINT('',(0.0174970813764479,0.0531812383256521,0.005));
#9226=CARTESIAN_POINT('',(0.03175,0.0484919064323049,0.005));
#9227=CARTESIAN_POINT('',(0.03175,0.047,0.005));
#9228=CARTESIAN_POINT('',(0.,0.,-0.005));
#9229=CARTESIAN_POINT('',(0.03175,0.,-0.005));
#9230=CARTESIAN_POINT('',(0.03175,0.0474010985426219,-0.005));
#9231=CARTESIAN_POINT('',(0.03175,0.0484919064323049,-0.005));
#9232=CARTESIAN_POINT('',(0.027166247903554,0.05,-0.005));
#9233=CARTESIAN_POINT('',(0.0331037985306095,0.048046495159398,-0.005));
#9234=CARTESIAN_POINT('',(0.0373651695296637,0.0373651695296637,-0.005));
#9235=CARTESIAN_POINT('',(0.065,0.0256,0.));
#9236=CARTESIAN_POINT('',(0.043,0.0256,0.));
#9237=CARTESIAN_POINT('',(0.0256,0.065,0.));
#9238=CARTESIAN_POINT('',(0.0256,0.043,-0.005));
#9239=CARTESIAN_POINT('',(0.007225,0.047,-0.01115));
#9240=CARTESIAN_POINT('',(0.007225,0.05,-0.01115));
#9241=CARTESIAN_POINT('',(-0.01115,0.05,-0.01115));
#9242=CARTESIAN_POINT('',(0.0256,0.05,-0.01115));
#9243=CARTESIAN_POINT('',(0.0256,0.047,-0.01115));
#9244=CARTESIAN_POINT('',(-0.01115,0.047,-0.01115));
#9245=CARTESIAN_POINT('',(0.007225,0.047,0.01115));
#9246=CARTESIAN_POINT('',(0.007225,0.05,0.01115));
#9247=CARTESIAN_POINT('',(-0.01115,0.05,0.01115));
#9248=CARTESIAN_POINT('',(0.0256,0.05,0.01115));
#9249=CARTESIAN_POINT('',(-0.01115,0.047,0.01115));
#9250=CARTESIAN_POINT('',(0.0256,0.047,0.01115));
#9251=CARTESIAN_POINT('',(0.02034048,0.047,-0.0091316));
#9252=CARTESIAN_POINT('',(0.02034048,0.05,-0.0091316));
#9253=CARTESIAN_POINT('',(0.02034048,0.05,-0.0107316));
#9254=CARTESIAN_POINT('',(0.02034048,0.047,0.0091316));
#9255=CARTESIAN_POINT('',(0.02034048,0.05,0.0091316));
#9256=CARTESIAN_POINT('',(0.02034048,0.05,0.0075316));
#9257=CARTESIAN_POINT('',(0.,0.047,3.06161699786838E-19));
#9258=CARTESIAN_POINT('',(0.,0.05,3.06161699786838E-19));
#9259=CARTESIAN_POINT('',(0.,0.05,-0.005));
#9260=CARTESIAN_POINT('',(-0.01342759,0.047,9.18485099360515E-20));
#9261=CARTESIAN_POINT('',(-0.01342759,0.05,9.18485099360515E-20));
#9262=CARTESIAN_POINT('',(-0.01342759,0.05,-0.0015));
#9263=CARTESIAN_POINT('',(0.01131093,0.047,1.58894907494365E-19));
#9264=CARTESIAN_POINT('',(0.01131093,0.05,1.58894907494365E-19));
#9265=CARTESIAN_POINT('',(0.01131093,0.05,-0.0025));
#9266=CARTESIAN_POINT('',(0.004725,0.05,3.46944695195361E-18));
#9267=CARTESIAN_POINT('',(0.0207375,0.05,0.0160125));
#9268=CARTESIAN_POINT('',(0.027166247903554,0.05,0.00958375209644597));
#9269=CARTESIAN_POINT('',(0.027166247903554,0.05,3.46944695195361E-18));
#9270=CARTESIAN_POINT('',(0.027166247903554,0.05,-0.00958375209644597));
#9271=CARTESIAN_POINT('',(0.0207375,0.05,-0.0160125));
#9272=CARTESIAN_POINT('',(-0.0087875,0.05,-0.0135125));
#9273=CARTESIAN_POINT('',(-0.0164529930919492,0.05,-0.00584700690805077));
#9274=CARTESIAN_POINT('',(-0.0164529930919492,0.05,3.46944695195361E-18));
#9275=CARTESIAN_POINT('',(-0.0164529930919492,0.05,0.00584700690805077));
#9276=CARTESIAN_POINT('',(-0.0087875,0.05,0.0135125));
#9277=CARTESIAN_POINT('',(0.0256,0.043,0.));
#9278=CARTESIAN_POINT('',(-0.0236940526100992,0.0551234239766531,0.005));
#9279=CARTESIAN_POINT('',(-0.0208520985899242,0.0531125945764785,0.005));
#9280=CARTESIAN_POINT('',(-0.00298295587081865,0.0404692522562248,0.0193170441291814));
#9281=CARTESIAN_POINT('',(-0.0113628180985977,0.0463984380267931,-0.0109371819014023));
#9282=CARTESIAN_POINT('',(0.03175,0.,0.005));
#9283=CARTESIAN_POINT('',(0.0293404489954352,0.0492846692812894,0.00740955100456482));
#9284=CARTESIAN_POINT('',(0.0373651695296637,0.0373651695296637,-0.000615169529663678));
#9285=CARTESIAN_POINT('',(0.0256,0.047,-0.01115));
#9286=CARTESIAN_POINT('',(0.034083727091925,0.0477240902978292,-0.00266627290807499));
#9287=CARTESIAN_POINT('',(0.0373651695296637,0.0373651695296637,0.000615169529663678));
#9288=CARTESIAN_POINT('',(-0.01115,0.047,-0.01115));
#9289=CARTESIAN_POINT('',(-0.0173,0.,0.005));
#9290=CARTESIAN_POINT('',(0.047,0.007225,0.01115));
#9291=CARTESIAN_POINT('',(0.05,0.007225,0.01115));
#9292=CARTESIAN_POINT('',(0.05,-0.01115,0.01115));
#9293=CARTESIAN_POINT('',(0.05,0.0256,0.01115));
#9294=CARTESIAN_POINT('',(0.047,0.0256,0.01115));
#9295=CARTESIAN_POINT('',(0.047,-0.01115,0.01115));
#9296=CARTESIAN_POINT('',(0.047,0.007225,-0.01115));
#9297=CARTESIAN_POINT('',(0.05,0.007225,-0.01115));
#9298=CARTESIAN_POINT('',(0.05,-0.01115,-0.01115));
#9299=CARTESIAN_POINT('',(0.05,0.0256,-0.01115));
#9300=CARTESIAN_POINT('',(0.047,-0.01115,-0.01115));
#9301=CARTESIAN_POINT('',(0.047,0.0256,-0.01115));
#9302=CARTESIAN_POINT('',(0.047,0.02034048,-0.0091316));
#9303=CARTESIAN_POINT('',(0.05,0.02034048,-0.0091316));
#9304=CARTESIAN_POINT('',(0.05,0.02034048,-0.0107316));
#9305=CARTESIAN_POINT('',(0.047,0.02034048,0.0091316));
#9306=CARTESIAN_POINT('',(0.05,0.02034048,0.0091316));
#9307=CARTESIAN_POINT('',(0.05,0.02034048,0.0075316));
#9308=CARTESIAN_POINT('',(0.047,2.08721928629529E-17,3.06161699786838E-19));
#9309=CARTESIAN_POINT('',(0.05,2.22044604925031E-17,3.06161699786838E-19));
#9310=CARTESIAN_POINT('',(0.05,2.22044604925031E-17,-0.005));
#9311=CARTESIAN_POINT('',(0.047,-0.01342759,9.18485099360515E-20));
#9312=CARTESIAN_POINT('',(0.05,-0.01342759,9.18485099360515E-20));
#9313=CARTESIAN_POINT('',(0.05,-0.01342759,-0.0015));
#9314=CARTESIAN_POINT('',(0.047,0.01131093,1.58894907494365E-19));
#9315=CARTESIAN_POINT('',(0.05,0.01131093,1.58894907494365E-19));
#9316=CARTESIAN_POINT('',(0.05,0.01131093,-0.0025));
#9317=CARTESIAN_POINT('',(0.05,0.004725,3.46944695195361E-18));
#9318=CARTESIAN_POINT('',(0.05,0.0207375,-0.0160125));
#9319=CARTESIAN_POINT('',(0.05,0.027166247903554,-0.00958375209644598));
#9320=CARTESIAN_POINT('',(0.05,0.027166247903554,3.46944695195361E-18));
#9321=CARTESIAN_POINT('',(0.05,0.027166247903554,0.00958375209644599));
#9322=CARTESIAN_POINT('',(0.05,0.0207375,0.0160125));
#9323=CARTESIAN_POINT('',(0.05,-0.0087875,0.0135125));
#9324=CARTESIAN_POINT('',(0.05,-0.0164529930919492,0.00584700690805075));
#9325=CARTESIAN_POINT('',(0.05,-0.0164529930919492,3.46944695195361E-18));
#9326=CARTESIAN_POINT('',(0.05,-0.0164529930919492,-0.00584700690805075));
#9327=CARTESIAN_POINT('',(0.05,-0.0087875,-0.0135125));
#9328=CARTESIAN_POINT('',(0.047,0.0216,3.46944695195361E-18));
#9329=CARTESIAN_POINT('',(0.0497856167225029,-0.01615,0.005));
#9330=CARTESIAN_POINT('',(0.0531125945764785,-0.0208520985899242,-0.005));
#9331=CARTESIAN_POINT('',(0.0404692522562248,-0.00298295587081863,-0.0193170441291814));
#9332=CARTESIAN_POINT('',(0.0463984380267931,-0.0113628180985977,0.0109371819014023));
#9333=CARTESIAN_POINT('',(0.047,0.0256,0.01115));
#9334=CARTESIAN_POINT('',(0.0492846692812894,0.0293404489954352,0.00740955100456482));
#9335=CARTESIAN_POINT('',(0.0373651695296637,0.0373651695296637,-0.000615169529663676));
#9336=CARTESIAN_POINT('',(-1.40998324127395E-17,0.03175,-0.005));
#9337=CARTESIAN_POINT('',(0.0477240902978291,0.0340837270919251,-0.00266627290807499));
#9338=CARTESIAN_POINT('',(0.0373651695296637,0.0373651695296637,0.000615169529663675));
#9339=CARTESIAN_POINT('',(7.68274333040608E-18,-0.0173,-0.005));
#9340=CARTESIAN_POINT('',(0.047,-0.01115,0.01115));
#9341=CARTESIAN_POINT('',(-0.0243176528488903,0.0482146425883347,0.005));
#9342=CARTESIAN_POINT('',(0.0482146425883347,-0.0243176528488903,0.005));
#9343=CARTESIAN_POINT('',(0.,-0.049,0.));
#9344=CARTESIAN_POINT('',(0.,-0.049,0.));
#9345=CARTESIAN_POINT('',(-0.0070084460414451,-0.049,0.0107480327911113));
#9346=CARTESIAN_POINT('',(0.00700844604144509,-0.049,0.0107480327911113));
#9347=CARTESIAN_POINT('',(0.,-0.058,3.46944695195361E-18));
#9348=CARTESIAN_POINT('',(0.,-0.058,1.10218211923262E-18));
#9349=CARTESIAN_POINT('',(0.,-0.058,-0.007));
#9350=CARTESIAN_POINT('',(0.,-0.061,1.10218211923262E-18));
#9351=CARTESIAN_POINT('',(0.,-0.061,1.10218211923262E-18));
#9352=CARTESIAN_POINT('',(0.,-0.061,-0.007));
#9353=CARTESIAN_POINT('',(0.,-0.061,3.46944695195361E-18));
#9354=CARTESIAN_POINT('',(-0.0533865619795843,-0.0130814754519511,4.33680868994202E-18));
#9355=CARTESIAN_POINT('',(-0.0551049046401649,-0.0147998181125317,-0.00534959699315869));
#9356=CARTESIAN_POINT('',(-0.0533865619795843,-0.0130814754519511,-0.00645349379246787));
#9357=CARTESIAN_POINT('',(-0.0533865619795843,-0.0130814754519511,4.33680868994202E-18));
#9358=CARTESIAN_POINT('',(-0.0533865619795843,-0.0130814754519511,-0.015));
#9359=CARTESIAN_POINT('',(-0.0533865619795843,-0.0130814754519511,-0.015));
#9360=CARTESIAN_POINT('',(-0.0682358043845018,-0.0279307178568686,-0.015));
#9361=CARTESIAN_POINT('',(-0.0682358043845018,-0.0279307178568686,4.33680868994202E-18));
#9362=CARTESIAN_POINT('',(-0.0682358043845018,-0.0279307178568686,0.015));
#9363=CARTESIAN_POINT('',(-0.0533865619795843,-0.0130814754519511,0.015));
#9364=CARTESIAN_POINT('',(-0.0533865619795843,-0.0130814754519511,0.015));
#9365=CARTESIAN_POINT('',(-0.0533865619795843,-0.0130814754519511,4.33680868994202E-18));
#9366=CARTESIAN_POINT('',(-0.0533865619795843,-0.0130814754519511,0.00645349379246787));
#9367=CARTESIAN_POINT('',(-0.0551049046401649,-0.0147998181125317,0.00534959699315869));
#9368=CARTESIAN_POINT('',(-0.0130814754519511,-0.0533865619795844,-4.33680868994202E-18));
#9369=CARTESIAN_POINT('',(-0.0130814754519511,-0.0533865619795844,0.015));
#9370=CARTESIAN_POINT('',(-0.0130814754519511,-0.0533865619795844,0.015));
#9371=CARTESIAN_POINT('',(-0.0279307178568686,-0.0682358043845019,0.015));
#9372=CARTESIAN_POINT('',(-0.0279307178568686,-0.0682358043845019,-0.015));
#9373=CARTESIAN_POINT('',(-0.0279307178568686,-0.0682358043845019,-0.015));
#9374=CARTESIAN_POINT('',(-0.0130814754519511,-0.0533865619795843,-0.015));
#9375=CARTESIAN_POINT('',(-0.0130814754519511,-0.0533865619795843,-0.015));
#9376=CARTESIAN_POINT('',(-0.0130814754519511,-0.0533865619795844,-4.33680868994202E-18));
#9377=CARTESIAN_POINT('',(-0.0165951736892581,-0.0569002602168914,0.00449683643364452));
#9378=CARTESIAN_POINT('',(-0.0130814754519511,-0.0533865619795844,0.00678800589513451));
#9379=CARTESIAN_POINT('',(-0.0130814754519511,-0.0533865619795844,-4.33680868994202E-18));
#9380=CARTESIAN_POINT('',(-0.0332340187157677,-0.0332340187157677,0.));
#9381=CARTESIAN_POINT('',(-0.0127905782245384,-0.0536774592069971,0.00697769060875152));
#9382=CARTESIAN_POINT('',(-0.0332340187157677,-0.0332340187157677,-0.015));
#9383=CARTESIAN_POINT('',(-0.0349628519140733,-0.0315051855174621,0.00538225645646499));
#9384=CARTESIAN_POINT('',(-0.0539554831894309,-0.0125125542421046,-0.00681897986053566));
#9385=CARTESIAN_POINT('',(-0.0664680374315355,0.,8.72560844392489E-19));
#9386=CARTESIAN_POINT('',(-0.0664680374315355,0.,8.72560844392489E-19));
#9387=CARTESIAN_POINT('',(-0.0539554831894309,-0.0125125542421046,0.00681897986053566));
#9388=CARTESIAN_POINT('',(-0.0349628519140733,-0.0315051855174621,-0.00538225645646499));
#9389=CARTESIAN_POINT('',(-0.0332340187157677,-0.0332340187157677,0.015));
#9390=CARTESIAN_POINT('',(-0.0332340187157677,-0.0332340187157677,0.015));
#9391=CARTESIAN_POINT('',(-0.0300520382004283,-0.0647002704785691,0.015));
#9392=CARTESIAN_POINT('',(-0.0300520382004283,-0.0647002704785691,0.015));
#9393=CARTESIAN_POINT('',(-0.0473761543394987,-0.0473761543394987,0.015));
#9394=CARTESIAN_POINT('',(-0.0647002704785691,-0.0300520382004283,0.015));
#9395=CARTESIAN_POINT('',(-0.0647002704785691,-0.0300520382004283,0.015));
#9396=CARTESIAN_POINT('',(-0.0494974746830583,-0.0494974746830584,0.015));
#9397=CARTESIAN_POINT('',(-0.0307591449816148,-0.0682358043845019,0.015));
#9398=CARTESIAN_POINT('',(-0.0682358043845018,-0.0307591449816149,0.015));
#9399=CARTESIAN_POINT('',(-0.0332340187157677,-0.0682358043845019,0.015));
#9400=CARTESIAN_POINT('',(-0.0682358043845018,-0.0332340187157677,0.015));
#9401=CARTESIAN_POINT('',(-0.0332340187157677,-0.0332340187157677,-0.015));
#9402=CARTESIAN_POINT('',(-0.0279307178568686,-0.0682358043845019,-0.015));
#9403=CARTESIAN_POINT('',(-0.0307591449816148,-0.0682358043845019,-0.015));
#9404=CARTESIAN_POINT('',(-0.0494974746830583,-0.0494974746830583,-0.015));
#9405=CARTESIAN_POINT('',(-0.0682358043845018,-0.0307591449816149,-0.015));
#9406=CARTESIAN_POINT('',(-0.0682358043845018,-0.0307591449816149,-0.015));
#9407=CARTESIAN_POINT('',(-0.0473761543394987,-0.0473761543394987,-0.015));
#9408=CARTESIAN_POINT('',(-0.0300520382004283,-0.0647002704785691,-0.015));
#9409=CARTESIAN_POINT('',(-0.0647002704785691,-0.0300520382004283,-0.015));
#9410=CARTESIAN_POINT('',(-0.0300520382004283,-0.0647002704785691,-0.015));
#9411=CARTESIAN_POINT('',(-0.0647002704785691,-0.0300520382004283,-0.015));
#9412=CARTESIAN_POINT('',(-0.0647002704785691,-0.0300520382004283,4.33680868994202E-18));
#9413=CARTESIAN_POINT('',(-0.0647002704785691,-0.0300520382004283,4.33680868994202E-18));
#9414=CARTESIAN_POINT('',(-0.0300520382004283,-0.0647002704785691,-4.33680868994202E-18));
#9415=CARTESIAN_POINT('',(-0.0300520382004283,-0.0647002704785691,-4.33680868994202E-18));
#9416=CARTESIAN_POINT('',(-0.0473761543394987,-0.0473761543394987,0.));
#9417=CARTESIAN_POINT('',(-0.0494974746830583,-0.0494974746830584,0.));
#9418=CARTESIAN_POINT('',(-0.0307591449816148,-0.0682358043845019,0.015));
#9419=CARTESIAN_POINT('',(-0.0682358043845018,-0.0307591449816149,2.16705469557917E-18));
#9420=CARTESIAN_POINT('',(-0.052,0.,8.72560844392489E-19));
#9421=CARTESIAN_POINT('',(-0.052,-0.0125125542421046,-0.00681897986053566));
#9422=CARTESIAN_POINT('',(-0.0614760826060664,-0.0125125538125172,-0.00681898064881118));
#9423=CARTESIAN_POINT('',(-0.0614760826060664,-0.0125125538125172,-0.00681898064881116));
#9424=CARTESIAN_POINT('',(-0.0613825921943479,-0.0128179570149826,-0.00625857811914143));
#9425=CARTESIAN_POINT('',(-0.0612606285621691,-0.013201229225209,-0.00542370238546615));
#9426=CARTESIAN_POINT('',(-0.0611324120254606,-0.0135876683502128,-0.0043194969404367));
#9427=CARTESIAN_POINT('',(-0.0610577351052298,-0.0138080033997438,-0.00355677897250202));
#9428=CARTESIAN_POINT('',(-0.0609874050171567,-0.0140136588633389,-0.00264035603807861));
#9429=CARTESIAN_POINT('',(-0.0609244110701116,-0.0141951925137331,-0.00146828002950221));
#9430=CARTESIAN_POINT('',(-0.0608916955937968,-0.0142862319290589,-1.04916245378646E-6));
#9431=CARTESIAN_POINT('',(-0.060924138223645,-0.0141961104031794,0.0014578382826074));
#9432=CARTESIAN_POINT('',(-0.0609867892133235,-0.0140157921745935,0.00262908676006823));
#9433=CARTESIAN_POINT('',(-0.0610567923255815,-0.0138108747721677,0.00354555725628697));
#9434=CARTESIAN_POINT('',(-0.0611311877756743,-0.0135912869235124,0.00430814666335901));
#9435=CARTESIAN_POINT('',(-0.061259524079777,-0.013204829480073,0.0054152857992161));
#9436=CARTESIAN_POINT('',(-0.0613820123097744,-0.012820071466255,0.00625469850488906));
#9437=CARTESIAN_POINT('',(-0.0614760592600767,-0.0125125521960692,0.00681898361492713));
#9438=CARTESIAN_POINT('',(-0.0614760997248138,-0.0125126052640263,0.00681894708305918));
#9439=CARTESIAN_POINT('',(-0.052,-0.0125125542421046,0.00681897986053567));
#9440=CARTESIAN_POINT('',(-0.052,0.,8.72560844392489E-19));
#9441=CARTESIAN_POINT('',(-0.052,0.0124121915873064,0.007));
#9442=CARTESIAN_POINT('',(-0.045,0.,8.72560844392489E-19));
#9443=CARTESIAN_POINT('',(-0.0511384615384615,0.0128600851451625,0.00613846153846154));
#9444=CARTESIAN_POINT('',(-0.052,0.0128600851451625,0.00613846153846154));
#9445=CARTESIAN_POINT('',(-0.0602406510229665,0.0128600751529728,0.00613846757462774));
#9446=CARTESIAN_POINT('',(-0.0602406701837858,0.0128600855090875,0.0061384607760381));
#9447=CARTESIAN_POINT('',(-0.0601046940636575,0.0133499353258189,0.00511222459735824));
#9448=CARTESIAN_POINT('',(-0.0599516995640158,0.013873396572322,0.00354191140910982));
#9449=CARTESIAN_POINT('',(-0.0598496522922277,0.0141994741242823,0.0014856421808179));
#9450=CARTESIAN_POINT('',(-0.0598240774689888,0.0142751632774979,1.39537697663719E-6));
#9451=CARTESIAN_POINT('',(-0.0598495115427449,0.0141998722178415,-0.00148154441886701));
#9452=CARTESIAN_POINT('',(-0.0599514995244728,0.0138743274066647,-0.0035386133205764));
#9453=CARTESIAN_POINT('',(-0.0601045578737493,0.0133506948515138,-0.00511063430149269));
#9454=CARTESIAN_POINT('',(-0.0602406287130171,0.0128600833923041,-0.0061384652107008));
#9455=CARTESIAN_POINT('',(-0.0602406691612463,0.0128601439462736,-0.00613842444947889));
#9456=CARTESIAN_POINT('',(-0.052,0.0128600851451625,-0.00613846153846154));
#9457=CARTESIAN_POINT('',(-0.052,0.,8.72560844392489E-19));
#9458=CARTESIAN_POINT('',(-0.052,-0.0124121915873064,-0.007));
#9459=CARTESIAN_POINT('',(-0.045,0.,8.72560844392489E-19));
#9460=CARTESIAN_POINT('',(-0.063,0.,8.72560844392489E-19));
#9461=CARTESIAN_POINT('',(-0.063,0.,-0.01425));
#9462=CARTESIAN_POINT('',(-0.052,0.,0.));
#9463=CARTESIAN_POINT('',(-0.052,0.,-0.007));
#9464=CARTESIAN_POINT('',(-0.052,0.,0.));
#9465=CARTESIAN_POINT('',(-0.052,0.0133440061450825,0.007));
#9466=CARTESIAN_POINT('',(-0.063,0.,0.));
#9467=CARTESIAN_POINT('',(-0.063,0.,6.85802207522518E-19));
#9468=CARTESIAN_POINT('',(-0.063,0.,-0.0112));
#9469=CARTESIAN_POINT('',(-0.08,0.,6.85802207522518E-19));
#9470=CARTESIAN_POINT('',(-0.055,0.,6.85802207522518E-19));
#9471=CARTESIAN_POINT('',(-0.055,0.,-0.0112));
#9472=CARTESIAN_POINT('',(-0.055,0.,0.));
#9473=CARTESIAN_POINT('',(-0.055,0.,4.28626379701574E-19));
#9474=CARTESIAN_POINT('',(-0.055,0.,-0.007));
#9475=CARTESIAN_POINT('',(-0.052,-0.0153440061450825,0.005));
#9476=CARTESIAN_POINT('',(-0.0614761401895509,-0.0125126562859481,0.0068189143055827));
#9477=CARTESIAN_POINT('',(-0.060684445439053,-0.0133848839337382,0.00625857827322283));
#9478=CARTESIAN_POINT('',(-0.0597105512943324,-0.0143286672201163,0.00565227350469526));
#9479=CARTESIAN_POINT('',(-0.0585544577553891,-0.0153440061450825,0.00499999999999999));
#9480=CARTESIAN_POINT('',(-0.0582258579000424,-0.0144827366276247,0.00845306436739463));
#9481=CARTESIAN_POINT('',(-0.0580742085302472,-0.0150925838885676,0.00728726299490205));
#9482=CARTESIAN_POINT('',(-0.0579421000013321,-0.0155835361376092,0.00602961864751128));
#9483=CARTESIAN_POINT('',(-0.0577344444377905,-0.0163372931012381,0.00319960519966654));
#9484=CARTESIAN_POINT('',(-0.0576729969060152,-0.0165476954901404,0.0016135507288729));
#9485=CARTESIAN_POINT('',(-0.0576731528829129,-0.0165471036310232,-0.00161930803889662));
#9486=CARTESIAN_POINT('',(-0.057734117866821,-0.0163386958816071,-0.00320244154429789));
#9487=CARTESIAN_POINT('',(-0.0579445961443752,-0.0155742872627363,-0.00605743865221017));
#9488=CARTESIAN_POINT('',(-0.0580741151216091,-0.0150930350912029,-0.00728743106921423));
#9489=CARTESIAN_POINT('',(-0.058225895369369,-0.0144825344010735,-0.00845299424630425));
#9490=CARTESIAN_POINT('',(-0.0614884848312407,-0.0124719895344275,0.0068932080328264));
#9491=CARTESIAN_POINT('',(-0.0613283379428344,-0.0129971671197612,0.00594253369445818));
#9492=CARTESIAN_POINT('',(-0.0611888268467307,-0.0134199567799897,0.00491696430193073));
#9493=CARTESIAN_POINT('',(-0.0609695355131051,-0.0140690640066774,0.0026091773649573));
#9494=CARTESIAN_POINT('',(-0.0609046448317411,-0.0142502546500864,0.00131579986736162));
#9495=CARTESIAN_POINT('',(-0.0609048095486482,-0.0142497449632095,-0.00132049477254345));
#9496=CARTESIAN_POINT('',(-0.0609691906420837,-0.0140702720314122,-0.00261149030454126));
#9497=CARTESIAN_POINT('',(-0.0611914628594413,-0.0134119919934398,-0.00493965064904845));
#9498=CARTESIAN_POINT('',(-0.0613282393004009,-0.0129975556777669,-0.00594267075651854));
#9499=CARTESIAN_POINT('',(-0.0614885244001861,-0.0124718153843203,-0.00689315085194238));
#9500=CARTESIAN_POINT('',(-0.0585545007857738,-0.0153440061450825,-0.005));
#9501=CARTESIAN_POINT('',(-0.0597114783861356,-0.014328361485826,-0.0056524699143592));
#9502=CARTESIAN_POINT('',(-0.0606853405038302,-0.0133845438450262,-0.0062587967528365));
#9503=CARTESIAN_POINT('',(-0.0614760871388579,-0.012512553222683,-0.0068189805154319));
#9504=CARTESIAN_POINT('',(-0.052,-0.0125125542421046,-0.00681897986053566));
#9505=CARTESIAN_POINT('',(-0.05,0.,-0.005));
#9506=CARTESIAN_POINT('',(-0.045,0.,4.28626379701574E-19));
#9507=CARTESIAN_POINT('',(-0.052,0.0128600851451625,-0.00613846153846154));
#9508=CARTESIAN_POINT('',(-0.0602407096094755,0.0128602027473848,-0.00613838736049625));
#9509=CARTESIAN_POINT('',(-0.0597234464185554,0.0134293427807121,-0.00577940052501075));
#9510=CARTESIAN_POINT('',(-0.0591346308542659,0.0140309449902714,-0.00539993807151197));
#9511=CARTESIAN_POINT('',(-0.0584742629166068,0.0146650093760626,-0.0049999999999999));
#9512=CARTESIAN_POINT('',(-0.0583061708568108,0.0141559350971322,-0.00707787695004497));
#9513=CARTESIAN_POINT('',(-0.0581928107097043,0.01462295382525,-0.00607992154005284));
#9514=CARTESIAN_POINT('',(-0.0580961436927591,0.0149971251048111,-0.00501511513013846));
#9515=CARTESIAN_POINT('',(-0.0579467277555161,0.0155651581002109,-0.00266118606231193));
#9516=CARTESIAN_POINT('',(-0.0579024472675273,0.0157259990352932,-0.00133841985281977));
#9517=CARTESIAN_POINT('',(-0.0579025442204314,0.015725613744878,0.00134129477380836));
#9518=CARTESIAN_POINT('',(-0.0579457861204621,0.0155688581444445,0.00265254502700279));
#9519=CARTESIAN_POINT('',(-0.0580981398700723,0.0149894327039839,0.00504130030706788));
#9520=CARTESIAN_POINT('',(-0.0581931955191918,0.0146213828336783,0.00608353674402332));
#9521=CARTESIAN_POINT('',(-0.0583061925040382,0.0141558139782467,0.00707754015823878));
#9522=CARTESIAN_POINT('',(-0.0602497098854257,0.0128274550339887,-0.00620675363384582));
#9523=CARTESIAN_POINT('',(-0.0601325710669215,0.0132506458501234,-0.00533162350738956));
#9524=CARTESIAN_POINT('',(-0.0600326818165596,0.0135897025926127,-0.0043978702005183));
#9525=CARTESIAN_POINT('',(-0.0598782853465228,0.0141044278813118,-0.00233365545874626));
#9526=CARTESIAN_POINT('',(-0.0598325288431114,0.0142501745104432,-0.00117369125980079));
#9527=CARTESIAN_POINT('',(-0.0598326290277793,0.0142498253780504,0.00117621234436002));
#9528=CARTESIAN_POINT('',(-0.0598773123241025,0.0141077806890626,0.00232607794176666));
#9529=CARTESIAN_POINT('',(-0.0600347445327231,0.0135827320953286,0.00442083258115865));
#9530=CARTESIAN_POINT('',(-0.0601329687032656,0.0132492222904893,0.00533479376148453));
#9531=CARTESIAN_POINT('',(-0.060249732254197,0.012827345281746,0.00620645829293117));
#9532=CARTESIAN_POINT('',(-0.0584746614981746,0.0146650093760626,0.00499999999999989));
#9533=CARTESIAN_POINT('',(-0.0591321641414585,0.0140339904085863,0.00539801716449511));
#9534=CARTESIAN_POINT('',(-0.0597208209294493,0.0134323422155181,0.00577750862223427));
#9535=CARTESIAN_POINT('',(-0.0602406318621471,0.0128600647968582,0.00613847437321738));
#9536=CARTESIAN_POINT('',(-0.052,0.0146650093760625,0.005));
#9537=CARTESIAN_POINT('',(-0.0504431137724551,0.0139624939568499,0.00544311377245509));
#9538=CARTESIAN_POINT('',(-0.052,0.,0.007));
#9539=CARTESIAN_POINT('',(-0.045,0.,4.28626379701574E-19));
#9540=CARTESIAN_POINT('',(-0.0279307178568686,-0.0682358043845019,-4.33680868994202E-18));
#9541=CARTESIAN_POINT('',(-0.0682358043845018,-0.0307591449816149,2.16705469557917E-18));
#9542=CARTESIAN_POINT('',(-0.0158235306633291,-0.058,0.005));
#9543=CARTESIAN_POINT('',(0.0158235306633291,-0.058,0.005));
#9544=CARTESIAN_POINT('',(-0.03,0.,4.28626379701574E-19));
#9545=CARTESIAN_POINT('',(0.0373651695296637,0.0373651695296637,0.01));
#9546=CARTESIAN_POINT('',(0.0373651695296637,0.0373651695296637,-0.007));
#9547=CARTESIAN_POINT('',(0.0468651695296637,0.0373651695296637,-0.007));
#9548=CARTESIAN_POINT('',(0.0373651695296637,0.0373651695296637,0.01));
#9549=CARTESIAN_POINT('',(0.0468651695296637,0.0373651695296637,0.01));
#9550=CARTESIAN_POINT('',(0.0373651695296637,0.0373651695296637,0.01));
#9551=CARTESIAN_POINT('',(0.0331037985306095,0.048046495159398,0.));
#9552=CARTESIAN_POINT('',(0.048046495159398,0.0331037985306095,0.));
#9553=CARTESIAN_POINT('',(0.0373651695296637,0.0373651695296637,0.01));
#9554=CARTESIAN_POINT('',(0.0488651695296637,0.0373651695296637,0.01));
#9555=CARTESIAN_POINT('',(0.0373651695296637,0.0373651695296637,-0.01));
#9556=CARTESIAN_POINT('',(0.0488651695296637,0.0373651695296637,-0.01));
#9557=CARTESIAN_POINT('',(0.0358,0.0358,0.01));
#9558=CARTESIAN_POINT('',(0.0358,0.0358,-0.01));
#9559=CARTESIAN_POINT('',(0.0373651695296637,0.0373651695296637,-0.01));
#9560=CARTESIAN_POINT('',(0.0413651695296637,0.0373651695296637,-0.01));
#9561=CARTESIAN_POINT('',(0.0373651695296637,0.0373651695296637,-0.01));
#9562=CARTESIAN_POINT('',(0.0373651695296637,0.0373651695296637,-0.007));
#9563=CARTESIAN_POINT('',(0.0413651695296637,0.0373651695296637,-0.007));
#9564=CARTESIAN_POINT('',(0.0358,0.0358,-0.007));
#9565=CARTESIAN_POINT('',(0.05,0.027166247903554,0.005));
#9566=CARTESIAN_POINT('',(0.027166247903554,0.05,0.005));
#9567=CARTESIAN_POINT('',(-0.0231398973416105,0.049856702797256,-0.02));
#9568=CARTESIAN_POINT('',(-0.0508046986297586,0.0209662412279546,-0.02));
#9569=CARTESIAN_POINT('',(-0.0344651229679585,-0.0719973145518282,-0.0050000017438867));
#9570=CARTESIAN_POINT('',(-0.0555,0.001975,0.));
#9571=CARTESIAN_POINT('',(-0.0555,-6.79678973526781E-18,0.));
#9572=CARTESIAN_POINT('',(-0.0555,-0.00245000000000001,0.));
#9573=CARTESIAN_POINT('',(-0.043,-5.26598123633362E-18,0.));
#9574=CARTESIAN_POINT('',(-0.057,-6.98048675513991E-18,0.));
#9575=CARTESIAN_POINT('',(-0.057,-0.00395000000000001,0.));
#9576=CARTESIAN_POINT('',(-0.0747087511607254,-9.14918329772784E-18,0.));
#9577=CARTESIAN_POINT('',(-0.0747087511607254,0.00394999999999999,0.));
#9578=CARTESIAN_POINT('',(-0.057,-6.98048675513991E-18,0.));
#9579=CARTESIAN_POINT('',(-1.71450551880727E-17,9.14839908764713E-16,3.16968673530482E-14));
#9580=CARTESIAN_POINT('',(-0.0845388499976671,9.04486885559389E-16,3.16968673530482E-14));
#9581=CARTESIAN_POINT('',(-0.0845388499976671,0.0157855263157911,3.16968673530482E-14));
#9582=CARTESIAN_POINT('',(-0.07,9.14839908764713E-16,3.16968673530482E-14));
#9583=CARTESIAN_POINT('',(-0.07,-0.0498390087366783,-0.00347465223289249));
#9584=CARTESIAN_POINT('',(-0.07,-0.00347465223289602,-0.0498390087366494));
#9585=CARTESIAN_POINT('',(-0.07,-0.00347465223289601,-0.0498390087366494));
#9586=CARTESIAN_POINT('',(-0.0703186736782199,-0.00352927504938365,-0.0493876162764677));
#9587=CARTESIAN_POINT('',(-0.070952072078691,-0.00346338506920673,-0.0484841628585048));
#9588=CARTESIAN_POINT('',(-0.0718342150727398,-0.002844086563715,-0.0472090860687028));
#9589=CARTESIAN_POINT('',(-0.0725259085225027,-0.00165792758288001,-0.0461973937430741));
#9590=CARTESIAN_POINT('',(-0.0728080652864417,-1.88202743620112E-5,-0.0457815436429137));
#9591=CARTESIAN_POINT('',(-0.0725323683404607,0.00164302798489672,-0.0461878802880358));
#9592=CARTESIAN_POINT('',(-0.0718461634164254,0.00283121855070236,-0.0471917331373765));
#9593=CARTESIAN_POINT('',(-0.0709544534767755,0.00346461035626031,-0.0484807956281993));
#9594=CARTESIAN_POINT('',(-0.0703193987723117,0.00352939933539851,-0.0493865892007213));
#9595=CARTESIAN_POINT('',(-0.07,0.00347465223289598,-0.0498390087366495));
#9596=CARTESIAN_POINT('',(-0.07,0.00347465223289596,-0.0498390087366495));
#9597=CARTESIAN_POINT('',(-0.07,9.14839908764713E-16,3.16968673530482E-14));
#9598=CARTESIAN_POINT('',(-0.07,0.0498390087366801,-0.00347465223289229));
#9599=CARTESIAN_POINT('',(-0.07,0.0498390087366801,-0.00347465223289228));
#9600=CARTESIAN_POINT('',(-0.0703186736782214,0.0493876162764959,-0.00352927504938428));
#9601=CARTESIAN_POINT('',(-0.0709520720786965,0.0484841628585268,-0.0034633850692137));
#9602=CARTESIAN_POINT('',(-0.0718342150727522,0.0472090860687143,-0.0028440865637253));
#9603=CARTESIAN_POINT('',(-0.0725259085225213,0.0461973937430761,-0.00165792758288694));
#9604=CARTESIAN_POINT('',(-0.0728080652864634,0.045781543642912,-1.88202743592874E-5));
#9605=CARTESIAN_POINT('',(-0.0725323683404789,0.0461878802880406,0.00164302798490928));
#9606=CARTESIAN_POINT('',(-0.0718461634164371,0.0471917331373923,0.00283121855071637));
#9607=CARTESIAN_POINT('',(-0.0709544534767793,0.0484807956282281,0.003464610356269));
#9608=CARTESIAN_POINT('',(-0.0703193987723132,0.049386589200754,0.00352939933539921));
#9609=CARTESIAN_POINT('',(-0.07,0.0498390087366846,0.00347465223289174));
#9610=CARTESIAN_POINT('',(-0.07,0.0498390087366846,0.00347465223289171));
#9611=CARTESIAN_POINT('',(-0.07,9.14839908764713E-16,3.16968673530482E-14));
#9612=CARTESIAN_POINT('',(-0.07,0.00347465223288826,0.0498390087367134));
#9613=CARTESIAN_POINT('',(-0.07,0.00347465223288826,0.0498390087367134));
#9614=CARTESIAN_POINT('',(-0.0703186736782229,0.00352927504938492,0.0493876162765269));
#9615=CARTESIAN_POINT('',(-0.0709520720787017,0.00346338506922146,0.048484162858552));
#9616=CARTESIAN_POINT('',(-0.0718342150727638,0.00284408656373782,0.0472090860687288));
#9617=CARTESIAN_POINT('',(-0.072525908522539,0.00165792758289754,0.0461973937430802));
#9618=CARTESIAN_POINT('',(-0.0728080652864838,1.88202743613229E-5,0.0457815436429104));
#9619=CARTESIAN_POINT('',(-0.0725323683404961,-0.00164302798491703,0.0461878802880431));
#9620=CARTESIAN_POINT('',(-0.0718461634164482,-0.00283121855072676,0.0471917331374038));
#9621=CARTESIAN_POINT('',(-0.0709544534767829,-0.00346461035627599,0.0484807956282508));
#9622=CARTESIAN_POINT('',(-0.0703193987723146,-0.00352939933539981,0.0493865892007803));
#9623=CARTESIAN_POINT('',(-0.07,-0.00347465223288826,0.0498390087367133));
#9624=CARTESIAN_POINT('',(-0.07,-0.00347465223288824,0.0498390087367133));
#9625=CARTESIAN_POINT('',(-0.07,9.14839908764713E-16,3.16968673530482E-14));
#9626=CARTESIAN_POINT('',(-0.07,-0.0498390087366827,0.00347465223289198));
#9627=CARTESIAN_POINT('',(-0.07,-0.0498390087366827,0.00347465223289197));
#9628=CARTESIAN_POINT('',(-0.0703186736782214,-0.0493876162764987,0.00352927504938429));
#9629=CARTESIAN_POINT('',(-0.0709520720786962,-0.0484841628585299,0.00346338506921448));
#9630=CARTESIAN_POINT('',(-0.0718342150727515,-0.0472090860687172,0.00284408656372747));
#9631=CARTESIAN_POINT('',(-0.0725259085225203,-0.0461973937430781,0.00165792758289057));
#9632=CARTESIAN_POINT('',(-0.0728080652864622,-0.0457815436429121,1.88202743639739E-5));
#9633=CARTESIAN_POINT('',(-0.0725323683404779,-0.0461878802880383,-0.00164302798490453));
#9634=CARTESIAN_POINT('',(-0.0718461634164364,-0.0471917331373879,-0.0028312185507128));
#9635=CARTESIAN_POINT('',(-0.0709544534767791,-0.0484807956282221,-0.00346461035626733));
#9636=CARTESIAN_POINT('',(-0.0703193987723131,-0.0493865892007477,-0.00352939933539912));
#9637=CARTESIAN_POINT('',(-0.07,-0.0498390087366783,-0.0034746522328925));
#9638=CARTESIAN_POINT('',(-1.7145055188063E-17,-1.42477179352876E-33,5.51091059616309E-18));
#9639=CARTESIAN_POINT('',(-0.073,-0.0526213651774212,-0.001411356391731));
#9640=CARTESIAN_POINT('',(-0.0728698252984899,-0.0528136564254121,-0.000974985554202437));
#9641=CARTESIAN_POINT('',(-0.0727269002374307,-0.0530239609802378,-3.52871645497926E-6));
#9642=CARTESIAN_POINT('',(-0.0728705466739984,-0.0528125908251443,0.000977403744764455));
#9643=CARTESIAN_POINT('',(-0.0729999999999984,-0.0526213651774236,0.00141135639172594));
#9644=CARTESIAN_POINT('',(-0.073,-0.0526213651774213,-0.00141135639173102));
#9645=CARTESIAN_POINT('',(-0.0729999999999984,-0.0526213651774236,0.00141135639172595));
#9646=CARTESIAN_POINT('',(-0.0729999999999984,-0.0526213651774236,0.00141135639172594));
#9647=CARTESIAN_POINT('',(-0.0732336640225728,-0.0522762017471246,0.0021946434978121));
#9648=CARTESIAN_POINT('',(-0.0740521498345274,-0.0510628728087851,0.00336991222623825));
#9649=CARTESIAN_POINT('',(-0.0755500148317966,-0.0487964394717554,0.00368225853602707));
#9650=CARTESIAN_POINT('',(-0.0767016802932064,-0.04701687900427,0.00277195371619933));
#9651=CARTESIAN_POINT('',(-0.0772914992559755,-0.0460960021704427,0.00133645300135644));
#9652=CARTESIAN_POINT('',(-0.0774601500816076,-0.0458316112272501,1.2845693022972E-5));
#9653=CARTESIAN_POINT('',(-0.0772960305970496,-0.0460889095441205,-0.00132249467970372));
#9654=CARTESIAN_POINT('',(-0.0767055434754275,-0.0470108943994965,-0.00276863279688958));
#9655=CARTESIAN_POINT('',(-0.0755485161193986,-0.0487988235504021,-0.00368605075707975));
#9656=CARTESIAN_POINT('',(-0.0740450042922182,-0.0510735348864138,-0.00336166603368205));
#9657=CARTESIAN_POINT('',(-0.0732349661096561,-0.0522742783323032,-0.00219900834615834));
#9658=CARTESIAN_POINT('',(-0.073,-0.0526213651774212,-0.00141135639173099));
#9659=CARTESIAN_POINT('',(-0.073,0.0526213651774213,0.00141135639173096));
#9660=CARTESIAN_POINT('',(-0.0728699408948212,0.0528134856690166,0.000975373055516701));
#9661=CARTESIAN_POINT('',(-0.0727267131680538,0.0530242373142054,2.45780888061633E-6));
#9662=CARTESIAN_POINT('',(-0.0728708047935151,0.052812209536588,-0.000978269011426016));
#9663=CARTESIAN_POINT('',(-0.0729999999999968,0.052621365177426,-0.00141135639172025));
#9664=CARTESIAN_POINT('',(-0.073,0.0526213651774213,0.00141135639173099));
#9665=CARTESIAN_POINT('',(-0.0729999999999968,0.052621365177426,-0.00141135639172026));
#9666=CARTESIAN_POINT('',(-0.0729999999999968,0.052621365177426,-0.00141135639172025));
#9667=CARTESIAN_POINT('',(-0.0732336727784897,0.0522761888130738,-0.00219467284934663));
#9668=CARTESIAN_POINT('',(-0.0740544914488992,0.0510593839329933,-0.00337239506410672));
#9669=CARTESIAN_POINT('',(-0.0755538823755999,0.0487905626879479,-0.00368260111897598));
#9670=CARTESIAN_POINT('',(-0.0767091305775492,0.0470053074241959,-0.00276300678533313));
#9671=CARTESIAN_POINT('',(-0.0772952625381358,0.0460901060632346,-0.00132167116939729));
#9672=CARTESIAN_POINT('',(-0.0774597772774106,0.0458321961475757,1.36345402700362E-6));
#9673=CARTESIAN_POINT('',(-0.0772938205320929,0.0460923688582344,0.00133002943516477));
#9674=CARTESIAN_POINT('',(-0.0767015987227963,0.047017031360026,0.00277418408856381));
#9675=CARTESIAN_POINT('',(-0.07554476054179,0.0488045016519957,0.00368469253385694));
#9676=CARTESIAN_POINT('',(-0.0740491665698715,0.051067278247379,0.00336408783689643));
#9677=CARTESIAN_POINT('',(-0.0732352352947377,0.0522738806979343,0.00219991070674117));
#9678=CARTESIAN_POINT('',(-0.073,0.0526213651774212,0.00141135639173097));
#9679=CARTESIAN_POINT('',(-0.07,-1.42477179352876E-33,5.51091059616309E-18));
#9680=CARTESIAN_POINT('',(-0.07,-1.42477179352876E-33,-0.0565685424949238));
#9681=CARTESIAN_POINT('',(-0.073,-0.00141135639173099,0.0526213651774213));
#9682=CARTESIAN_POINT('',(-0.0728703130369836,-0.000976620548195256,0.0528129359486793));
#9683=CARTESIAN_POINT('',(-0.0727267856339253,-3.23957203338853E-6,0.0530241302711159));
#9684=CARTESIAN_POINT('',(-0.0728702886643041,0.000976538846247648,0.0528129719514733));
#9685=CARTESIAN_POINT('',(-0.0729999999999996,0.00141135639172953,0.0526213651774219));
#9686=CARTESIAN_POINT('',(-0.073,-0.001411356391731,0.0526213651774213));
#9687=CARTESIAN_POINT('',(-0.073,0.00141135639172945,0.052621365177422));
#9688=CARTESIAN_POINT('',(-0.0729999999999996,0.00141135639172952,0.0526213651774219));
#9689=CARTESIAN_POINT('',(-0.0732343975803915,0.00219710252583909,0.0522751181514119));
#9690=CARTESIAN_POINT('',(-0.0740536185471159,0.00337124891259296,0.0510606960398177));
#9691=CARTESIAN_POINT('',(-0.0755546408429943,0.00368206006083415,0.0487893898324171));
#9692=CARTESIAN_POINT('',(-0.0767064658344533,0.00276594170757715,0.0470094417648127));
#9693=CARTESIAN_POINT('',(-0.0772944244803709,0.00132593765025633,0.0460914225971959));
#9694=CARTESIAN_POINT('',(-0.0774603067617063,-1.73769285907512E-6,0.0458313640876034));
#9695=CARTESIAN_POINT('',(-0.0772925385345966,-0.00133715584395943,0.0460943838817273));
#9696=CARTESIAN_POINT('',(-0.0766959383164439,-0.00278138395336742,0.0470258220901032));
#9697=CARTESIAN_POINT('',(-0.0755432541778461,-0.00368471309070296,0.0488068064145324));
#9698=CARTESIAN_POINT('',(-0.0740431928064741,-0.00336021991683716,0.0510762298159928));
#9699=CARTESIAN_POINT('',(-0.0732343535372328,-0.00219695488463105,0.0522751832110115));
#9700=CARTESIAN_POINT('',(-0.073,-0.00141135639173099,0.0526213651774213));
#9701=CARTESIAN_POINT('',(-0.073,0.00141135639173097,-0.0526213651774212));
#9702=CARTESIAN_POINT('',(-0.0728706939652715,0.000977897493670272,-0.0528123732496676));
#9703=CARTESIAN_POINT('',(-0.0727262071197789,1.18650788861444E-6,-0.0530249848376122));
#9704=CARTESIAN_POINT('',(-0.0728710637518665,-0.000979137090024523,-0.0528118270089233));
#9705=CARTESIAN_POINT('',(-0.0729999999999953,-0.00141135639171528,-0.0526213651774282));
#9706=CARTESIAN_POINT('',(-0.073,0.00141135639173101,-0.0526213651774213));
#9707=CARTESIAN_POINT('',(-0.0729999999999953,-0.00141135639171529,-0.0526213651774282));
#9708=CARTESIAN_POINT('',(-0.0729999999999953,-0.00141135639171526,-0.0526213651774282));
#9709=CARTESIAN_POINT('',(-0.0732336135524804,-0.00219447431228429,-0.0522762763004512));
#9710=CARTESIAN_POINT('',(-0.0740592977560841,-0.00337589073162238,-0.0510521691818735));
#9711=CARTESIAN_POINT('',(-0.0755493222394388,-0.00367979151302704,-0.0487974302379166));
#9712=CARTESIAN_POINT('',(-0.0767010726070491,-0.00277394352288083,-0.0470178381040695));
#9713=CARTESIAN_POINT('',(-0.0772923002732627,-0.00133410237266658,-0.0460947481525285));
#9714=CARTESIAN_POINT('',(-0.0774597773295436,-1.1229024360749E-5,-0.0458321952364433));
#9715=CARTESIAN_POINT('',(-0.0772967310505523,0.00131917547383301,-0.0460878111377047));
#9716=CARTESIAN_POINT('',(-0.0767061229240747,0.00276916321895093,-0.0470100065352694));
#9717=CARTESIAN_POINT('',(-0.0755478964896867,0.0036839494840771,-0.0487997178055743));
#9718=CARTESIAN_POINT('',(-0.0740514377961661,0.00336774731547723,-0.0510639053423286));
#9719=CARTESIAN_POINT('',(-0.0732342835515153,0.00219672027893725,-0.0522752865923967));
#9720=CARTESIAN_POINT('',(-0.073,0.00141135639173098,-0.0526213651774212));
#9721=CARTESIAN_POINT('',(-0.0747087511607254,-9.14918329772784E-18,0.));
#9722=CARTESIAN_POINT('',(-0.07,0.,0.));
#9723=CARTESIAN_POINT('',(-0.07,-8.8637257928896E-18,-0.0494185424949238));
#9724=CARTESIAN_POINT('',(-0.07,-0.0494185424949238,5.8377127986428E-18));
#9725=CARTESIAN_POINT('',(-0.07,2.81169980439601E-18,0.0494185424949238));
#9726=CARTESIAN_POINT('',(-0.07,0.0494185424949238,2.14313189850787E-19));
#9727=CARTESIAN_POINT('',(-0.07,0.0494185424949238,1.01033360929657E-19));
#9728=CARTESIAN_POINT('',(-0.07,0.0494185424949238,0.00165));
#9729=CARTESIAN_POINT('',(-0.07,2.92497963331714E-18,0.0494185424949238));
#9730=CARTESIAN_POINT('',(-0.07,-0.00165,0.0494185424949238));
#9731=CARTESIAN_POINT('',(-0.07,-0.0494185424949238,5.95099262756394E-18));
#9732=CARTESIAN_POINT('',(-0.07,-0.0494185424949238,-0.00164999999999999));
#9733=CARTESIAN_POINT('',(-0.07,-8.97700562181073E-18,-0.0494185424949238));
#9734=CARTESIAN_POINT('',(-0.07,0.00164999999999999,-0.0494185424949238));
#9735=CARTESIAN_POINT('',(-0.095,0.0494185424949238,2.14313189850787E-19));
#9736=CARTESIAN_POINT('',(-0.073,0.0494185424949238,2.14313189850787E-19));
#9737=CARTESIAN_POINT('',(-0.073,0.0494185424949238,2.14313189850787E-19));
#9738=CARTESIAN_POINT('',(-0.073,0.0494185424949238,2.14313189850787E-19));
#9739=CARTESIAN_POINT('',(-0.073,0.0494185424949238,2.14313189850787E-19));
#9740=CARTESIAN_POINT('',(-0.073,0.0494185424949238,1.01033360929657E-19));
#9741=CARTESIAN_POINT('',(-0.073,0.0494185424949238,1.01033360929657E-19));
#9742=CARTESIAN_POINT('',(-0.073,0.0494185424949238,0.00165));
#9743=CARTESIAN_POINT('',(-0.073,0.,6.93889390390723E-18));
#9744=CARTESIAN_POINT('',(-0.095,2.81169980439601E-18,0.0494185424949238));
#9745=CARTESIAN_POINT('',(-0.073,2.81169980439601E-18,0.0494185424949238));
#9746=CARTESIAN_POINT('',(-0.073,2.81169980439601E-18,0.0494185424949238));
#9747=CARTESIAN_POINT('',(-0.073,2.81169980439601E-18,0.0494185424949238));
#9748=CARTESIAN_POINT('',(-0.073,2.81169980439601E-18,0.0494185424949238));
#9749=CARTESIAN_POINT('',(-0.073,2.92497963331714E-18,0.0494185424949238));
#9750=CARTESIAN_POINT('',(-0.073,2.92497963331714E-18,0.0494185424949238));
#9751=CARTESIAN_POINT('',(-0.073,-0.00165,0.0494185424949238));
#9752=CARTESIAN_POINT('',(-0.073,-6.93889390390723E-18,4.24884710452154E-34));
#9753=CARTESIAN_POINT('',(-0.095,-0.0494185424949238,5.8377127986428E-18));
#9754=CARTESIAN_POINT('',(-0.073,-0.0494185424949238,5.8377127986428E-18));
#9755=CARTESIAN_POINT('',(-0.073,-0.0494185424949238,5.8377127986428E-18));
#9756=CARTESIAN_POINT('',(-0.073,-0.0494185424949238,5.8377127986428E-18));
#9757=CARTESIAN_POINT('',(-0.073,-0.0494185424949238,5.8377127986428E-18));
#9758=CARTESIAN_POINT('',(-0.073,-0.0494185424949238,5.95099262756394E-18));
#9759=CARTESIAN_POINT('',(-0.073,-0.0494185424949238,5.95099262756394E-18));
#9760=CARTESIAN_POINT('',(-0.073,-0.0494185424949238,-0.00164999999999999));
#9761=CARTESIAN_POINT('',(-0.073,-8.49769420904307E-34,-6.93889390390723E-18));
#9762=CARTESIAN_POINT('',(-0.095,-8.8637257928896E-18,-0.0494185424949238));
#9763=CARTESIAN_POINT('',(-0.073,-8.8637257928896E-18,-0.0494185424949238));
#9764=CARTESIAN_POINT('',(-0.073,-8.8637257928896E-18,-0.0494185424949238));
#9765=CARTESIAN_POINT('',(-0.073,-8.8637257928896E-18,-0.0494185424949238));
#9766=CARTESIAN_POINT('',(-0.073,-8.8637257928896E-18,-0.0494185424949238));
#9767=CARTESIAN_POINT('',(-0.073,-8.97700562181073E-18,-0.0494185424949238));
#9768=CARTESIAN_POINT('',(-0.073,-8.97700562181073E-18,-0.0494185424949238));
#9769=CARTESIAN_POINT('',(-0.073,0.00164999999999999,-0.0494185424949238));
#9770=CARTESIAN_POINT('',(-0.073,6.93889390390723E-18,-1.27465413135646E-33));
#9771=CARTESIAN_POINT('',(-0.0349651229679585,-0.0719384813824247,-0.0047218711661703));
#9772=CARTESIAN_POINT('',(5.85599573806265E-18,-4.60224524116492E-18,0.004));
#9773=CARTESIAN_POINT('',(-5.85599573806265E-18,-5.82689204031227E-18,1.7839711715364E-33));
#9774=CARTESIAN_POINT('',(0.00860842696629213,-0.0375252579626845,1.14887967627951E-17));
#9775=CARTESIAN_POINT('',(0.00860842696629214,0.0375252579626845,-1.14887967627951E-17));
#9776=CARTESIAN_POINT('',(0.00860842696629214,0.0375252579626845,-1.1488796762795E-17));
#9777=CARTESIAN_POINT('',(0.00860842696629214,0.0375252579626845,0.00137312476192481));
#9778=CARTESIAN_POINT('',(0.00836445431452038,0.0375836223482469,0.00273036257903977));
#9779=CARTESIAN_POINT('',(0.00788217921713012,0.037684496159416,0.00400000000000003));
#9780=CARTESIAN_POINT('',(0.00788217921713007,0.037684496159416,0.004));
#9781=CARTESIAN_POINT('',(5.85599573806265E-18,-4.60224524116492E-18,0.004));
#9782=CARTESIAN_POINT('',(0.00788217921713013,-0.037684496159416,0.004));
#9783=CARTESIAN_POINT('',(0.00788217921713017,-0.0376844961594163,0.00399999999999999));
#9784=CARTESIAN_POINT('',(0.00836518513570307,-0.0375834694879432,0.00272843861919495));
#9785=CARTESIAN_POINT('',(0.00860842696629213,-0.0375252579626845,0.00137240022846557));
#9786=CARTESIAN_POINT('',(0.00860842696629213,-0.0375252579626845,1.19743286485224E-17));
#9787=CARTESIAN_POINT('',(-0.002,0.0128021085732367,-3.91951532163779E-18));
#9788=CARTESIAN_POINT('',(-0.002,-0.0233119573795668,0.0025));
#9789=CARTESIAN_POINT('',(-0.002,-0.0218119573795668,0.0025));
#9790=CARTESIAN_POINT('',(-0.002,-0.0218977438171938,0.003));
#9791=CARTESIAN_POINT('',(-0.002,0.0128021085732367,0.003));
#9792=CARTESIAN_POINT('',(-0.002,0.0218977438171938,0.003));
#9793=CARTESIAN_POINT('',(-0.002,0.0233119573795668,0.0025));
#9794=CARTESIAN_POINT('',(-0.002,0.0218119573795668,0.0025));
#9795=CARTESIAN_POINT('',(-0.002,0.0218119573795668,-3.91951532163779E-18));
#9796=CARTESIAN_POINT('',(-0.002,0.0218119573795668,-0.0041217126624694));
#9797=CARTESIAN_POINT('',(-0.002,0.,0.));
#9798=CARTESIAN_POINT('',(-0.002,-0.0218119573795668,-0.0041217126624694));
#9799=CARTESIAN_POINT('',(-0.002,-0.0218119573795668,-3.91951532163779E-18));
#9800=CARTESIAN_POINT('',(5.85599573806265E-18,-4.60224524116492E-18,0.004));
#9801=CARTESIAN_POINT('',(5.85599573806265E-18,-4.60224524116492E-18,0.004));
#9802=CARTESIAN_POINT('',(-0.00788217921713006,-0.037684496159416,0.004));
#9803=CARTESIAN_POINT('',(-0.00788217921713014,0.037684496159416,0.004));
#9804=CARTESIAN_POINT('',(-0.00788217921713017,0.0376844961594163,0.00399999999999999));
#9805=CARTESIAN_POINT('',(-0.00836518513570307,0.0375834694879432,0.00272843861919494));
#9806=CARTESIAN_POINT('',(-0.00860842696629213,0.0375252579626844,0.00137240022846555));
#9807=CARTESIAN_POINT('',(-0.00860842696629213,0.0375252579626844,-1.1462830277101E-17));
#9808=CARTESIAN_POINT('',(-0.00860842696629213,0.0375252579626845,-1.14887967627951E-17));
#9809=CARTESIAN_POINT('',(5.85599573806265E-18,-5.82689204031227E-18,1.7839711715364E-33));
#9810=CARTESIAN_POINT('',(-0.00860842696629213,-0.0375252579626845,1.14887967627951E-17));
#9811=CARTESIAN_POINT('',(-0.00860842696629213,-0.0375252579626845,1.14887967627951E-17));
#9812=CARTESIAN_POINT('',(-0.00860842696629213,-0.0375252579626845,0.00137312476192483));
#9813=CARTESIAN_POINT('',(-0.00836445431452038,-0.0375836223482469,0.00273036257903978));
#9814=CARTESIAN_POINT('',(-0.00788217921713012,-0.037684496159416,0.00400000000000003));
#9815=CARTESIAN_POINT('',(5.85599573806265E-18,-5.82689204031227E-18,1.7839711715364E-33));
#9816=CARTESIAN_POINT('',(5.85599573806265E-18,0.0375252579626845,1.7839711715364E-33));
#9817=CARTESIAN_POINT('',(5.85599573806265E-18,-0.0375252579626845,1.7839711715364E-33));
#9818=CARTESIAN_POINT('',(-0.0115,0.,0.));
#9819=CARTESIAN_POINT('',(-0.021,0.0218119573795668,-0.00412171266246941));
#9820=CARTESIAN_POINT('',(-0.021,0.0218119573795668,-0.0060752224983525));
#9821=CARTESIAN_POINT('',(-0.0209675721994559,0.0218119573795668,-0.00999918708225431));
#9822=CARTESIAN_POINT('',(-0.0202403043793705,0.0218119573795668,-0.014799261931566));
#9823=CARTESIAN_POINT('',(-0.0186872928711216,0.0218119573795668,-0.0184430776269339));
#9824=CARTESIAN_POINT('',(-0.0169111696461986,0.0218119573795668,-0.0208237821647618));
#9825=CARTESIAN_POINT('',(-0.0144763266647014,0.0218119573795668,-0.0225526835245791));
#9826=CARTESIAN_POINT('',(-0.0115202868600676,0.0218119573795668,-0.0232193158837355));
#9827=CARTESIAN_POINT('',(-0.00855665121418193,0.0218119573795668,-0.0225698954829742));
#9828=CARTESIAN_POINT('',(-0.00609375402637728,0.0218119573795668,-0.0208335805546003));
#9829=CARTESIAN_POINT('',(-0.0043102386280744,0.0218119573795668,-0.0184356374030868));
#9830=CARTESIAN_POINT('',(-0.00315054491941998,0.0218119573795668,-0.015726088620851));
#9831=CARTESIAN_POINT('',(-0.00246420845988511,0.0218119573795668,-0.0128332924948585));
#9832=CARTESIAN_POINT('',(-0.00202157118795524,0.0218119573795668,-0.00897859167866142));
#9833=CARTESIAN_POINT('',(-0.002,0.0218119573795668,-0.00606408805895242));
#9834=CARTESIAN_POINT('',(-0.002,0.0218119573795668,-0.00412171266246941));
#9835=CARTESIAN_POINT('',(-0.021,0.0218119573795668,-0.00412171266246941));
#9836=CARTESIAN_POINT('',(-0.021,0.,0.));
#9837=CARTESIAN_POINT('',(-0.021,-0.0218119573795668,-0.00412171266246941));
#9838=CARTESIAN_POINT('',(-0.021,-0.0218119573795668,-0.00412171266246941));
#9839=CARTESIAN_POINT('',(-0.021,-0.0218119573795668,-0.0060752224983525));
#9840=CARTESIAN_POINT('',(-0.0209675721994559,-0.0218119573795668,-0.00999918708225431));
#9841=CARTESIAN_POINT('',(-0.0202403043793705,-0.0218119573795668,-0.014799261931566));
#9842=CARTESIAN_POINT('',(-0.0186872928711216,-0.0218119573795668,-0.0184430776269339));
#9843=CARTESIAN_POINT('',(-0.0169111696461986,-0.0218119573795668,-0.0208237821647618));
#9844=CARTESIAN_POINT('',(-0.0144763266647014,-0.0218119573795668,-0.0225526835245791));
#9845=CARTESIAN_POINT('',(-0.0115202868600676,-0.0218119573795668,-0.0232193158837355));
#9846=CARTESIAN_POINT('',(-0.00855665121418193,-0.0218119573795668,-0.0225698954829742));
#9847=CARTESIAN_POINT('',(-0.00609375402637728,-0.0218119573795668,-0.0208335805546003));
#9848=CARTESIAN_POINT('',(-0.0043102386280744,-0.0218119573795668,-0.0184356374030868));
#9849=CARTESIAN_POINT('',(-0.00315054491941998,-0.0218119573795668,-0.015726088620851));
#9850=CARTESIAN_POINT('',(-0.00246420845988511,-0.0218119573795668,-0.0128332924948585));
#9851=CARTESIAN_POINT('',(-0.00202157118795524,-0.0218119573795668,-0.00897859167866142));
#9852=CARTESIAN_POINT('',(-0.002,-0.0218119573795668,-0.00606408805895242));
#9853=CARTESIAN_POINT('',(-0.002,-0.0218119573795668,-0.00412171266246941));
#9854=CARTESIAN_POINT('',(-0.021,0.0110989864402116,-3.39808455444624E-18));
#9855=CARTESIAN_POINT('',(-0.021,0.0218119573795668,-3.39808455444624E-18));
#9856=CARTESIAN_POINT('',(-0.021,0.0218119573795668,0.0025));
#9857=CARTESIAN_POINT('',(-0.021,0.0110989864402116,0.0025));
#9858=CARTESIAN_POINT('',(-0.021,-0.0218119573795668,0.0025));
#9859=CARTESIAN_POINT('',(-0.021,-0.0218119573795668,-3.39808455444624E-18));
#9860=CARTESIAN_POINT('',(-0.038502,-0.0218119573795668,-0.0115));
#9861=CARTESIAN_POINT('',(-0.002,-0.0218119573795668,0.0025));
#9862=CARTESIAN_POINT('',(-0.038502,0.0218119573795668,-0.0115));
#9863=CARTESIAN_POINT('',(-0.038502,0.0218119573795668,0.0025));
#9864=CARTESIAN_POINT('',(0.,1.22464679914735E-18,0.004));
#9865=CARTESIAN_POINT('',(-0.001,1.22464679914735E-18,0.004));
#9866=CARTESIAN_POINT('',(-0.001,0.0233119573795668,0.004));
#9867=CARTESIAN_POINT('',(-0.001,-0.0233119573795668,0.004));
#9868=CARTESIAN_POINT('',(-0.021,-0.0233119573795668,0.004));
#9869=CARTESIAN_POINT('',(-0.0225,-0.0233119573795668,0.004));
#9870=CARTESIAN_POINT('',(-0.0225,1.22464679914735E-18,0.004));
#9871=CARTESIAN_POINT('',(-0.0225,0.0233119573795668,0.004));
#9872=CARTESIAN_POINT('',(0.,0.0233119573795668,0.004));
#9873=CARTESIAN_POINT('',(0.00788217921713008,0.037684496159416,0.00400000000000015));
#9874=CARTESIAN_POINT('',(0.00704127590456794,0.0378603815045684,0.00400000000000015));
#9875=CARTESIAN_POINT('',(0.00586960299968503,0.0383330814098966,0.00399999999999995));
#9876=CARTESIAN_POINT('',(0.00444955419180513,0.0392997167109246,0.00399999999999999));
#9877=CARTESIAN_POINT('',(0.00349829075510736,0.040134123598037,0.00399999999999999));
#9878=CARTESIAN_POINT('',(0.00262572981396984,0.0410556245342986,0.00399999999999999));
#9879=CARTESIAN_POINT('',(0.00194339489465781,0.0418708521198232,0.00399999999999999));
#9880=CARTESIAN_POINT('',(0.00140425313764418,0.0425280317395034,0.00399999999999999));
#9881=CARTESIAN_POINT('',(0.00099273197692124,0.0430150898351543,0.00399999999999999));
#9882=CARTESIAN_POINT('',(0.000628714869885052,0.0434026504481726,0.00399999999999999));
#9883=CARTESIAN_POINT('',(0.000292622273655164,0.0436648512681719,0.00399999999999999));
#9884=CARTESIAN_POINT('',(-2.62776186302698E-5,0.0437640128073013,0.00399999999999999));
#9885=CARTESIAN_POINT('',(-0.000332671306511908,0.0436375770742584,0.00399999999999999));
#9886=CARTESIAN_POINT('',(-0.000661353986467127,0.0433706241904965,0.00399999999999999));
#9887=CARTESIAN_POINT('',(-0.0010186102366779,0.0429850380252267,0.00399999999999999));
#9888=CARTESIAN_POINT('',(-0.00142659266271235,0.042500986774694,0.00399999999999999));
#9889=CARTESIAN_POINT('',(-0.00196178323863449,0.0418484257361914,0.00399999999999999));
#9890=CARTESIAN_POINT('',(-0.00263951496250333,0.0410404093772064,0.00399999999999999));
#9891=CARTESIAN_POINT('',(-0.00351003850974977,0.0401221493036921,0.00399999999999999));
#9892=CARTESIAN_POINT('',(-0.00446954879549179,0.0392852124288192,0.00399999999999999));
#9893=CARTESIAN_POINT('',(-0.00585565608691969,0.0383423241078676,0.00399999999999998));
#9894=CARTESIAN_POINT('',(-0.00704924816103035,0.0378587140083669,0.004));
#9895=CARTESIAN_POINT('',(-0.00788217921713013,0.037684496159416,0.004));
#9896=CARTESIAN_POINT('',(-0.00788217921713007,-0.037684496159416,0.00400000000000018));
#9897=CARTESIAN_POINT('',(-0.00704127590456799,-0.0378603815045684,0.00400000000000018));
#9898=CARTESIAN_POINT('',(-0.00586960299968515,-0.0383330814098966,0.00399999999999998));
#9899=CARTESIAN_POINT('',(-0.00444955419180532,-0.0392997167109245,0.00400000000000002));
#9900=CARTESIAN_POINT('',(-0.00349829075510759,-0.0401341235980367,0.00400000000000001));
#9901=CARTESIAN_POINT('',(-0.00262572981397009,-0.0410556245342983,0.00400000000000001));
#9902=CARTESIAN_POINT('',(-0.00194339489465809,-0.0418708521198228,0.00400000000000001));
#9903=CARTESIAN_POINT('',(-0.0014042531376445,-0.042528031739503,0.00400000000000001));
#9904=CARTESIAN_POINT('',(-0.000992731976921573,-0.0430150898351538,0.00400000000000001));
#9905=CARTESIAN_POINT('',(-0.000628714869885407,-0.0434026504481722,0.00400000000000001));
#9906=CARTESIAN_POINT('',(-0.000292622273655616,-0.0436648512681715,0.00400000000000001));
#9907=CARTESIAN_POINT('',(2.62776186297218E-5,-0.0437640128073011,0.00400000000000001));
#9908=CARTESIAN_POINT('',(0.000332671306511477,-0.0436375770742585,0.00400000000000001));
#9909=CARTESIAN_POINT('',(0.000661353986466802,-0.0433706241904967,0.00400000000000001));
#9910=CARTESIAN_POINT('',(0.00101861023667761,-0.042985038025227,0.00400000000000001));
#9911=CARTESIAN_POINT('',(0.0014265926627121,-0.0425009867746942,0.00400000000000001));
#9912=CARTESIAN_POINT('',(0.00196178323863426,-0.0418484257361916,0.00400000000000001));
#9913=CARTESIAN_POINT('',(0.00263951496250312,-0.0410404093772067,0.00400000000000001));
#9914=CARTESIAN_POINT('',(0.00351003850974947,-0.0401221493036924,0.00400000000000001));
#9915=CARTESIAN_POINT('',(0.00446954879549165,-0.0392852124288193,0.00400000000000001));
#9916=CARTESIAN_POINT('',(0.00585565608691956,-0.0383423241078677,0.00400000000000002));
#9917=CARTESIAN_POINT('',(0.00704924816103031,-0.037858714008367,0.004));
#9918=CARTESIAN_POINT('',(0.00788217921713013,-0.037684496159416,0.004));
#9919=CARTESIAN_POINT('',(0.002,-0.0233119573795668,0.004));
#9920=CARTESIAN_POINT('',(0.0225,-0.0233119573795668,0.004));
#9921=CARTESIAN_POINT('',(0.001,-0.0233119573795668,0.004));
#9922=CARTESIAN_POINT('',(0.001,1.22464679914735E-18,0.004));
#9923=CARTESIAN_POINT('',(0.001,0.0233119573795668,0.004));
#9924=CARTESIAN_POINT('',(0.,0.0233119573795668,0.004));
#9925=CARTESIAN_POINT('',(0.0225,0.0233119573795668,0.004));
#9926=CARTESIAN_POINT('',(0.0225,1.22464679914735E-18,0.004));
#9927=CARTESIAN_POINT('',(0.,-0.048,0.));
#9928=CARTESIAN_POINT('',(-7.96482483241605E-19,-0.048,-1.7347234759768E-18));
#9929=CARTESIAN_POINT('',(-7.96482483241605E-19,-0.048,-0.00295));
#9930=CARTESIAN_POINT('',(1.7347234759768E-18,-0.048,-1.0842021724855E-19));
#9931=CARTESIAN_POINT('',(0.0019,-0.048,0.00191833260932508));
#9932=CARTESIAN_POINT('',(-0.0019,-0.048,0.00191833260932508));
#9933=CARTESIAN_POINT('',(0.0019,-0.048,-1.95156391047391E-18));
#9934=CARTESIAN_POINT('',(0.0019,-0.048,-0.00191833260932508));
#9935=CARTESIAN_POINT('',(1.19262238973405E-18,-0.048,1.0842021724855E-19));
#9936=CARTESIAN_POINT('',(-0.0019,-0.048,-0.00191833260932508));
#9937=CARTESIAN_POINT('',(-0.0019,-0.048,-1.95156391047391E-18));
#9938=CARTESIAN_POINT('',(-7.96482483241605E-19,-0.048,-1.7347234759768E-18));
#9939=CARTESIAN_POINT('',(-7.96482483241605E-19,-0.047,-1.7347234759768E-18));
#9940=CARTESIAN_POINT('',(-7.96482483241605E-19,-0.047,-0.00395));
#9941=CARTESIAN_POINT('',(0.00395,-0.0433733501127133,4.22560106514302E-18));
#9942=CARTESIAN_POINT('',(0.00395,-0.0433733501127132,0.000533413048100366));
#9943=CARTESIAN_POINT('',(0.00373161092243701,-0.0435044547850425,0.00157832764738089));
#9944=CARTESIAN_POINT('',(0.00286091347332205,-0.043941618755001,0.00286367024964719));
#9945=CARTESIAN_POINT('',(0.00157339780694424,-0.0443747259869963,0.00373518446933036));
#9946=CARTESIAN_POINT('',(-5.2524120699642E-6,-0.0445629409449249,0.00405837263284544));
#9947=CARTESIAN_POINT('',(-0.00157960941160603,-0.0443735014283531,0.00373130936644279));
#9948=CARTESIAN_POINT('',(-0.00329109718251717,-0.0437932062796299,0.00257405833870462));
#9949=CARTESIAN_POINT('',(-0.00395,-0.0433733501127132,0.0010667564328478));
#9950=CARTESIAN_POINT('',(-0.00395,-0.0433733501127132,3.06620994356978E-18));
#9951=CARTESIAN_POINT('',(0.00395,-0.0433733501127132,4.22560106514301E-18));
#9952=CARTESIAN_POINT('',(-0.00395,-0.0433733501127132,4.22560106514301E-18));
#9953=CARTESIAN_POINT('',(-7.96482483241605E-19,-0.0433733501127132,-1.7347234759768E-18));
#9954=CARTESIAN_POINT('',(0.,0.058,0.));
#9955=CARTESIAN_POINT('',(-7.96482483241605E-19,0.058,-1.7347234759768E-18));
#9956=CARTESIAN_POINT('',(-7.96482483241605E-19,0.058,-0.00295));
#9957=CARTESIAN_POINT('',(-7.96482483241605E-19,-0.048,-1.7347234759768E-18));
#9958=CARTESIAN_POINT('',(-7.96482483241605E-19,0.057,-1.7347234759768E-18));
#9959=CARTESIAN_POINT('',(-7.96482483241605E-19,0.057,-0.00395));
#9960=CARTESIAN_POINT('',(-0.00395,0.0433733501127132,-6.31772988039143E-18));
#9961=CARTESIAN_POINT('',(-0.00395,0.0433733501127132,0.000533413048100357));
#9962=CARTESIAN_POINT('',(-0.00373161092243701,0.0435044547850425,0.00157832764738088));
#9963=CARTESIAN_POINT('',(-0.00286091347332206,0.043941618755001,0.00286367024964718));
#9964=CARTESIAN_POINT('',(-0.00157339780694425,0.0443747259869962,0.00373518446933036));
#9965=CARTESIAN_POINT('',(5.25241206995575E-6,0.0445629409449249,0.00405837263284544));
#9966=CARTESIAN_POINT('',(0.00157960941160603,0.0443735014283531,0.00373130936644279));
#9967=CARTESIAN_POINT('',(0.00329109718251717,0.0437932062796299,0.00257405833870462));
#9968=CARTESIAN_POINT('',(0.00395,0.0433733501127132,0.0010667564328478));
#9969=CARTESIAN_POINT('',(0.00395,0.0433733501127132,-7.41776212303536E-18));
#9970=CARTESIAN_POINT('',(-0.00395,0.0433733501127132,-6.31772988039143E-18));
#9971=CARTESIAN_POINT('',(0.00395,0.0433733501127132,-6.31772988039142E-18));
#9972=CARTESIAN_POINT('',(-7.96482483241605E-19,0.0433733501127132,-1.7347234759768E-18));
#9973=CARTESIAN_POINT('',(-0.000625,-0.038,0.));
#9974=CARTESIAN_POINT('',(1.19262238973405E-18,-0.038,1.0842021724855E-19));
#9975=CARTESIAN_POINT('',(-0.0019,-0.038,-0.00191833260932508));
#9976=CARTESIAN_POINT('',(0.0019,-0.038,-0.00191833260932508));
#9977=CARTESIAN_POINT('',(0.0019,-0.038,-1.95156391047391E-18));
#9978=CARTESIAN_POINT('',(0.0019,-0.038,0.00191833260932508));
#9979=CARTESIAN_POINT('',(1.7347234759768E-18,-0.038,-1.0842021724855E-19));
#9980=CARTESIAN_POINT('',(-0.0019,-0.038,0.00191833260932508));
#9981=CARTESIAN_POINT('',(-0.0019,-0.038,-1.95156391047391E-18));
#9982=CARTESIAN_POINT('',(1.7347234759768E-18,-0.038,-1.0842021724855E-19));
#9983=CARTESIAN_POINT('',(-0.0019,-0.038,0.00191833260932508));
#9984=CARTESIAN_POINT('',(0.0019,-0.038,0.00191833260932508));
#9985=CARTESIAN_POINT('',(1.19262238973405E-18,-0.038,1.0842021724855E-19));
#9986=CARTESIAN_POINT('',(-0.0019,-0.038,-0.00191833260932508));
#9987=CARTESIAN_POINT('',(0.0019,-0.038,-0.00191833260932508));
#9988=CARTESIAN_POINT('',(-0.0019,-0.038,-1.95156391047391E-18));
#9989=CARTESIAN_POINT('',(0.002,0.0128021085732367,-3.91951532163779E-18));
#9990=CARTESIAN_POINT('',(0.002,0.0233119573795668,0.0025));
#9991=CARTESIAN_POINT('',(0.002,0.0218119573795668,0.0025));
#9992=CARTESIAN_POINT('',(0.002,0.0218977438171938,0.003));
#9993=CARTESIAN_POINT('',(0.002,0.0128021085732367,0.003));
#9994=CARTESIAN_POINT('',(0.002,-0.0218977438171938,0.003));
#9995=CARTESIAN_POINT('',(0.002,-0.0233119573795668,0.0025));
#9996=CARTESIAN_POINT('',(0.002,-0.0218119573795668,0.0025));
#9997=CARTESIAN_POINT('',(0.002,-0.0218119573795668,-3.91951532163779E-18));
#9998=CARTESIAN_POINT('',(0.002,-0.0218119573795668,-0.0041217126624694));
#9999=CARTESIAN_POINT('',(0.002,0.,0.));
#10000=CARTESIAN_POINT('',(0.002,0.0218119573795668,-0.0041217126624694));
#10001=CARTESIAN_POINT('',(0.002,0.0218119573795668,-3.91951532163779E-18));
#10002=CARTESIAN_POINT('',(0.0115,0.,0.));
#10003=CARTESIAN_POINT('',(0.021,0.0218119573795668,-0.00412171266246941));
#10004=CARTESIAN_POINT('',(0.021,0.0218119573795668,-0.0060752224983525));
#10005=CARTESIAN_POINT('',(0.0209675721994559,0.0218119573795668,-0.00999918708225431));
#10006=CARTESIAN_POINT('',(0.0202403043793705,0.0218119573795668,-0.014799261931566));
#10007=CARTESIAN_POINT('',(0.0186872928711216,0.0218119573795668,-0.0184430776269339));
#10008=CARTESIAN_POINT('',(0.0169111696461986,0.0218119573795668,-0.0208237821647618));
#10009=CARTESIAN_POINT('',(0.0144763266647014,0.0218119573795668,-0.0225526835245791));
#10010=CARTESIAN_POINT('',(0.0115202868600676,0.0218119573795668,-0.0232193158837355));
#10011=CARTESIAN_POINT('',(0.00855665121418193,0.0218119573795668,-0.0225698954829742));
#10012=CARTESIAN_POINT('',(0.00609375402637728,0.0218119573795668,-0.0208335805546003));
#10013=CARTESIAN_POINT('',(0.0043102386280744,0.0218119573795668,-0.0184356374030868));
#10014=CARTESIAN_POINT('',(0.00315054491941998,0.0218119573795668,-0.015726088620851));
#10015=CARTESIAN_POINT('',(0.00246420845988511,0.0218119573795668,-0.0128332924948585));
#10016=CARTESIAN_POINT('',(0.00202157118795524,0.0218119573795668,-0.00897859167866142));
#10017=CARTESIAN_POINT('',(0.002,0.0218119573795668,-0.00606408805895242));
#10018=CARTESIAN_POINT('',(0.002,0.0218119573795668,-0.00412171266246941));
#10019=CARTESIAN_POINT('',(0.021,0.0218119573795668,-0.00412171266246941));
#10020=CARTESIAN_POINT('',(0.021,-0.0218119573795668,-0.00412171266246941));
#10021=CARTESIAN_POINT('',(0.021,-0.0218119573795668,-0.0060752224983525));
#10022=CARTESIAN_POINT('',(0.0209675721994559,-0.0218119573795668,-0.00999918708225431));
#10023=CARTESIAN_POINT('',(0.0202403043793705,-0.0218119573795668,-0.014799261931566));
#10024=CARTESIAN_POINT('',(0.0186872928711216,-0.0218119573795668,-0.0184430776269339));
#10025=CARTESIAN_POINT('',(0.0169111696461986,-0.0218119573795668,-0.0208237821647618));
#10026=CARTESIAN_POINT('',(0.0144763266647014,-0.0218119573795668,-0.0225526835245791));
#10027=CARTESIAN_POINT('',(0.0115202868600676,-0.0218119573795668,-0.0232193158837355));
#10028=CARTESIAN_POINT('',(0.00855665121418193,-0.0218119573795668,-0.0225698954829742));
#10029=CARTESIAN_POINT('',(0.00609375402637728,-0.0218119573795668,-0.0208335805546003));
#10030=CARTESIAN_POINT('',(0.0043102386280744,-0.0218119573795668,-0.0184356374030868));
#10031=CARTESIAN_POINT('',(0.00315054491941998,-0.0218119573795668,-0.015726088620851));
#10032=CARTESIAN_POINT('',(0.00246420845988511,-0.0218119573795668,-0.0128332924948585));
#10033=CARTESIAN_POINT('',(0.00202157118795524,-0.0218119573795668,-0.00897859167866142));
#10034=CARTESIAN_POINT('',(0.002,-0.0218119573795668,-0.00606408805895242));
#10035=CARTESIAN_POINT('',(0.002,-0.0218119573795668,-0.00412171266246941));
#10036=CARTESIAN_POINT('',(0.021,-0.0218119573795668,-0.00412171266246941));
#10037=CARTESIAN_POINT('',(0.021,0.,0.));
#10038=CARTESIAN_POINT('',(0.021,0.0110989864402116,-3.39808455444624E-18));
#10039=CARTESIAN_POINT('',(0.021,-0.0218119573795668,-3.39808455444624E-18));
#10040=CARTESIAN_POINT('',(0.021,-0.0218119573795668,0.0025));
#10041=CARTESIAN_POINT('',(0.021,0.0110989864402116,0.0025));
#10042=CARTESIAN_POINT('',(0.021,0.0218119573795668,0.0025));
#10043=CARTESIAN_POINT('',(0.021,0.0218119573795668,-3.39808455444624E-18));
#10044=CARTESIAN_POINT('',(0.038502,-0.0218119573795668,-0.0115));
#10045=CARTESIAN_POINT('',(0.021,-0.0218119573795668,0.0025));
#10046=CARTESIAN_POINT('',(0.038502,0.0218119573795668,-0.0115));
#10047=CARTESIAN_POINT('',(0.038502,0.0218119573795668,0.0025));
#10048=CARTESIAN_POINT('',(0.0019,-0.038,-1.95156391047391E-18));
#10049=CARTESIAN_POINT('',(0.00860842696629214,0.0375252579626845,-1.14918343640955E-17));
#10050=CARTESIAN_POINT('',(0.00395,0.038593917593406,-6.13935608702278E-18));
#10051=CARTESIAN_POINT('',(0.00395,0.0433733501127132,-6.30454621712962E-18));
#10052=CARTESIAN_POINT('',(0.00860842696425757,0.0375252579631512,0.00131897253305195));
#10053=CARTESIAN_POINT('',(0.0039499999985517,0.0385939175935064,0.000668953541232618));
#10054=CARTESIAN_POINT('',(0.00395,0.0433733501132806,0.000523612211613585));
#10055=CARTESIAN_POINT('',(0.00815530365886292,0.0376334444383876,0.00391493777414616));
#10056=CARTESIAN_POINT('',(0.0036084045889248,0.0386131554870841,0.00200010629780435));
#10057=CARTESIAN_POINT('',(0.00374208314421635,0.0434983968183831,0.0015541712771736));
#10058=CARTESIAN_POINT('',(0.00624360142038187,0.0380165800230399,0.00721866325585647));
#10059=CARTESIAN_POINT('',(0.00236567313204611,0.0386268280904579,0.00337167568016602));
#10060=CARTESIAN_POINT('',(0.00286489340132352,0.0439412418448159,0.00286570048850583));
#10061=CARTESIAN_POINT('',(0.00339277516669518,0.0383947512418178,0.00942465860166281));
#10062=CARTESIAN_POINT('',(0.00102611503077421,0.0385458268554579,0.00390568554261173));
#10063=CARTESIAN_POINT('',(0.00155678406294919,0.0443783488379443,0.00374144738457971));
#10064=CARTESIAN_POINT('',(8.16558178390301E-6,0.0385523107580086,0.0102109489743841));
#10065=CARTESIAN_POINT('',(2.11897610887452E-6,0.0384767632561071,0.00397224425448761));
#10066=CARTESIAN_POINT('',(3.7467992952279E-6,0.0445604630839325,0.00405359280892634));
#10067=CARTESIAN_POINT('',(-0.00338173298020461,0.0383960015917657,0.00943152412871569));
#10068=CARTESIAN_POINT('',(-0.00102149926765453,0.0385454306828478,0.00390695363243595));
#10069=CARTESIAN_POINT('',(-0.00155171732582835,0.0443797940476243,0.00374417289531929));
#10070=CARTESIAN_POINT('',(-0.00624240455025808,0.0380168842975552,0.00722078539120593));
#10071=CARTESIAN_POINT('',(-0.00236464379785669,0.0386268559112665,0.00337255309199279));
#10072=CARTESIAN_POINT('',(-0.00286434421415817,0.0439415935387362,0.00286654294424758));
#10073=CARTESIAN_POINT('',(-0.00815370682054199,0.0376337666389387,0.00391971644804437));
#10074=CARTESIAN_POINT('',(-0.00360738967217247,0.0386131821296707,0.00200237816839441));
#10075=CARTESIAN_POINT('',(-0.00374135043089847,0.0434987692320067,0.00155606833867088));
#10076=CARTESIAN_POINT('',(-0.00860842696550268,0.0375252579628656,0.00131899073675501));
#10077=CARTESIAN_POINT('',(-0.00394999999943908,0.0385939175934419,0.000668962773728633));
#10078=CARTESIAN_POINT('',(-0.00395,0.0433733501129512,0.000523619438209274));
#10079=CARTESIAN_POINT('',(-0.00860842696629214,0.0375252579626845,-1.18138630740729E-17));
#10080=CARTESIAN_POINT('',(-0.00395,0.038593917593406,-6.30268188747742E-18));
#10081=CARTESIAN_POINT('',(-0.00395,0.0433733501127132,-6.43238676028648E-18));
#10082=CARTESIAN_POINT('',(0.00995,0.0433733501127132,-1.32792585959579E-17));
#10083=CARTESIAN_POINT('',(-0.00995,0.0433733501127132,-1.32460491150833E-17));
#10084=CARTESIAN_POINT('',(-7.96482483241605E-19,0.0433733501127132,-1.7347234759768E-18));
#10085=CARTESIAN_POINT('',(-0.00860842696629214,-0.0375252579626845,1.14918343640955E-17));
#10086=CARTESIAN_POINT('',(-0.00394999999999999,-0.038593917593406,4.42953547584638E-18));
#10087=CARTESIAN_POINT('',(-0.00395,-0.0433733501127132,4.21241740188121E-18));
#10088=CARTESIAN_POINT('',(-0.00860842696427616,-0.037525257963147,0.00131897253305784));
#10089=CARTESIAN_POINT('',(-0.00394999999858049,-0.0385939175933838,0.000668953541234294));
#10090=CARTESIAN_POINT('',(-0.00395,-0.0433733501131937,0.000523612211615925));
#10091=CARTESIAN_POINT('',(-0.00815530365885428,-0.0376334444383896,0.00391493777414345));
#10092=CARTESIAN_POINT('',(-0.003608404588911,-0.0386131554871416,0.00200010629780481));
#10093=CARTESIAN_POINT('',(-0.00374208314421635,-0.0434983968184234,0.00155417127717252));
#10094=CARTESIAN_POINT('',(-0.00624360142038418,-0.0380165800230394,0.00721866325585721));
#10095=CARTESIAN_POINT('',(-0.00236567313205025,-0.0386268280904419,0.00337167568016554));
#10096=CARTESIAN_POINT('',(-0.00286489340132352,-0.043941241844805,0.00286570048850613));
#10097=CARTESIAN_POINT('',(-0.00339277516669457,-0.038394751241818,0.00942465860166256));
#10098=CARTESIAN_POINT('',(-0.00102611503077301,-0.0385458268554625,0.00390568554261188));
#10099=CARTESIAN_POINT('',(-0.00155678406294919,-0.0443783488379473,0.00374144738457961));
#10100=CARTESIAN_POINT('',(-8.16558178400411E-6,-0.0385523107580085,0.0102109489743843));
#10101=CARTESIAN_POINT('',(-2.11897610906167E-6,-0.0384767632561054,0.00397224425448765));
#10102=CARTESIAN_POINT('',(-3.74679929523583E-6,-0.0445604630839311,0.00405359280892644));
#10103=CARTESIAN_POINT('',(0.00338173298020437,-0.0383960015917658,0.00943152412871492));
#10104=CARTESIAN_POINT('',(0.00102149926765401,-0.0385454306828498,0.00390695363243564));
#10105=CARTESIAN_POINT('',(0.00155171732582836,-0.0443797940476268,0.00374417289531899));
#10106=CARTESIAN_POINT('',(0.00624240455025913,-0.0380168842975549,0.00722078539120873));
#10107=CARTESIAN_POINT('',(0.00236464379785876,-0.0386268559112604,0.00337255309199394));
#10108=CARTESIAN_POINT('',(0.00286434421415816,-0.0439415935387276,0.00286654294424869));
#10109=CARTESIAN_POINT('',(0.00815370682053795,-0.0376337666389396,0.00391971644803399));
#10110=CARTESIAN_POINT('',(0.00360738967216535,-0.0386131821296925,0.00200237816838979));
#10111=CARTESIAN_POINT('',(0.00374135043089847,-0.0434987692320386,0.00155606833866676));
#10112=CARTESIAN_POINT('',(0.00860842696551139,-0.0375252579628636,0.0013189907367774));
#10113=CARTESIAN_POINT('',(0.00394999999945404,-0.0385939175933955,0.000668962773739484));
#10114=CARTESIAN_POINT('',(0.00395,-0.0433733501128826,0.000523619438218162));
#10115=CARTESIAN_POINT('',(0.00860842696629214,-0.0375252579626845,1.16629279184571E-17));
#10116=CARTESIAN_POINT('',(0.00394999999999999,-0.038593917593406,4.5163103218553E-18));
#10117=CARTESIAN_POINT('',(0.00395,-0.0433733501127133,4.28033896366295E-18));
#10118=CARTESIAN_POINT('',(-0.00995,-0.0433733501127132,1.32792585959579E-17));
#10119=CARTESIAN_POINT('',(0.00995,-0.0433733501127132,1.32460491150833E-17));
#10120=CARTESIAN_POINT('',(-7.96482483241605E-19,-0.0433733501127132,-1.7347234759768E-18));
#10121=CARTESIAN_POINT('',(0.038502,0.0233119573795668,0.0025));
#10122=CARTESIAN_POINT('',(0.0225,0.0233119573795668,0.0025));
#10123=CARTESIAN_POINT('',(0.002,0.0218977438171938,0.003));
#10124=CARTESIAN_POINT('',(0.002,0.022018383567634,0.00334122074246775));
#10125=CARTESIAN_POINT('',(0.00167551355514435,0.0224844190946419,0.00385943988086309));
#10126=CARTESIAN_POINT('',(0.00122497461801662,0.0230364205944102,0.004));
#10127=CARTESIAN_POINT('',(0.001,0.0233119573795668,0.004));
#10128=CARTESIAN_POINT('',(0.0225,0.0110989864402116,0.0025));
#10129=CARTESIAN_POINT('',(0.0225,-0.0233119573795668,0.0025));
#10130=CARTESIAN_POINT('',(0.,-0.0233119573795668,0.0025));
#10131=CARTESIAN_POINT('',(0.002,-0.0218977438171938,0.003));
#10132=CARTESIAN_POINT('',(0.002,-0.022018383567634,0.00334122074246775));
#10133=CARTESIAN_POINT('',(0.0016755135551417,-0.0224844190946398,0.0038594398808631));
#10134=CARTESIAN_POINT('',(0.00122497461802198,-0.0230364205944146,0.004));
#10135=CARTESIAN_POINT('',(0.001,-0.0233119573795668,0.004));
#10136=CARTESIAN_POINT('',(-0.038502,-0.0233119573795668,0.0025));
#10137=CARTESIAN_POINT('',(-0.0225,-0.0233119573795668,0.0025));
#10138=CARTESIAN_POINT('',(-0.002,-0.0218977438171938,0.003));
#10139=CARTESIAN_POINT('',(-0.002,-0.022018383567634,0.00334122074246775));
#10140=CARTESIAN_POINT('',(-0.00167551355514293,-0.0224844190946408,0.00385943988086309));
#10141=CARTESIAN_POINT('',(-0.0012249746180195,-0.0230364205944126,0.004));
#10142=CARTESIAN_POINT('',(-0.001,-0.0233119573795668,0.004));
#10143=CARTESIAN_POINT('',(0.,0.0233119573795668,0.0025));
#10144=CARTESIAN_POINT('',(-0.002,0.0218977438171938,0.003));
#10145=CARTESIAN_POINT('',(-0.002,0.022018383567634,0.00334122074246775));
#10146=CARTESIAN_POINT('',(-0.00167551355514288,0.0224844190946407,0.00385943988086309));
#10147=CARTESIAN_POINT('',(-0.00122497461801956,0.0230364205944126,0.004));
#10148=CARTESIAN_POINT('',(-0.001,0.0233119573795668,0.004));
#10149=CARTESIAN_POINT('',(-0.0225,0.0233119573795668,0.0025));
#10150=CARTESIAN_POINT('',(-0.0225,7.65404249467096E-19,0.0025));
#10151=CARTESIAN_POINT('',(0.001,0.0128021085732367,0.003));
#10152=CARTESIAN_POINT('',(-0.001,9.18485099360515E-19,0.003));
#10153=CARTESIAN_POINT('',(-7.96482483241605E-19,-0.047,-1.7347234759768E-18));
#10154=CARTESIAN_POINT('',(-7.96482483241605E-19,0.057,-1.7347234759768E-18));
#10155=CARTESIAN_POINT('',(-0.0345151231616736,-0.0719973145518285,-0.00500000174388668));
#10156=CARTESIAN_POINT('',(-0.0929651229679584,-0.0719973145518282,-0.0050000017438867));
#10157=CARTESIAN_POINT('',(-0.07,0.,0.));
#10158=CARTESIAN_POINT('',(-0.07,-8.97700562181073E-18,-0.0494185424949238));
#10159=CARTESIAN_POINT('',(-0.07,0.00164999999999999,-0.0494185424949238));
#10160=CARTESIAN_POINT('',(-0.07,8.18506459638996E-18,-4.78783679369599E-15));
#10161=CARTESIAN_POINT('',(-0.0699999935111356,-0.0497652850501497,-0.00440630682437317));
#10162=CARTESIAN_POINT('',(-0.07,-0.00440623675331544,-0.0497652858761049));
#10163=CARTESIAN_POINT('',(-0.07,-0.00440624040687244,-0.0497652714931749));
#10164=CARTESIAN_POINT('',(-0.07,-0.00410887816836982,-0.0492984475337982));
#10165=CARTESIAN_POINT('',(-0.0700000000000001,-0.003763805859134,-0.0488624499209532));
#10166=CARTESIAN_POINT('',(-0.0700000000000001,-0.00336987553409658,-0.0484735658923826));
#10167=CARTESIAN_POINT('',(-0.0699999799575813,-0.00336991375743602,-0.0484735271730436));
#10168=CARTESIAN_POINT('',(-0.07,-8.8637257928896E-18,-0.0494185424949238));
#10169=CARTESIAN_POINT('',(-0.07,0.00336993496459028,-0.0484735192852096));
#10170=CARTESIAN_POINT('',(-0.07,0.00336989586174969,-0.0484735588969704));
#10171=CARTESIAN_POINT('',(-0.07,0.00376379786149537,-0.0488624001606949));
#10172=CARTESIAN_POINT('',(-0.07,0.00410899637328545,-0.0492984677653987));
#10173=CARTESIAN_POINT('',(-0.07,0.00440631381335908,-0.0497652714992546));
#10174=CARTESIAN_POINT('',(-0.0699999935111356,0.00440630682437347,-0.0497652850501541));
#10175=CARTESIAN_POINT('',(-0.07,8.18506459638996E-18,-4.78783679369599E-15));
#10176=CARTESIAN_POINT('',(-0.07,0.0497652807573465,-0.00440635989038487));
#10177=CARTESIAN_POINT('',(-0.07,0.0497652722535703,-0.00440636246915024));
#10178=CARTESIAN_POINT('',(-0.07,0.0492984480714618,-0.00410897244136902));
#10179=CARTESIAN_POINT('',(-0.07,0.0488625112640888,-0.00376381234264552));
#10180=CARTESIAN_POINT('',(-0.07,0.0484735419544279,-0.00336994997518431));
#10181=CARTESIAN_POINT('',(-0.0699999879905881,0.0484735269603991,-0.00336996478292199));
#10182=CARTESIAN_POINT('',(-0.07,0.0494185424949238,2.14313189850787E-19));
#10183=CARTESIAN_POINT('',(-0.07,0.0484735312667949,0.0033700541432445));
#10184=CARTESIAN_POINT('',(-0.07,0.0484735158772825,0.00337009599200144));
#10185=CARTESIAN_POINT('',(-0.07,0.0488624172597941,0.00376398533421178));
#10186=CARTESIAN_POINT('',(-0.07,0.049298385675323,0.00410936830973357));
#10187=CARTESIAN_POINT('',(-0.07,0.0497652667829803,0.00440663168974989));
#10188=CARTESIAN_POINT('',(-0.07,0.0497652646726661,0.004406635004204));
#10189=CARTESIAN_POINT('',(-0.07,8.18506459638996E-18,-4.78783679369599E-15));
#10190=CARTESIAN_POINT('',(-0.07,0.0044062367533149,0.0497652858760954));
#10191=CARTESIAN_POINT('',(-0.07,0.00440624040687191,0.0497652714931654));
#10192=CARTESIAN_POINT('',(-0.07,0.00410887816836868,0.0492984475337894));
#10193=CARTESIAN_POINT('',(-0.07,0.00376380585913239,0.0488624499209451));
#10194=CARTESIAN_POINT('',(-0.07,0.00336987553409458,0.0484735658923753));
#10195=CARTESIAN_POINT('',(-0.0699999799575813,0.00336991375743397,0.0484735271730363));
#10196=CARTESIAN_POINT('',(-0.07,2.81169980439601E-18,0.0494185424949238));
#10197=CARTESIAN_POINT('',(-0.07,-0.00336993496458824,0.0484735192852023));
#10198=CARTESIAN_POINT('',(-0.07,-0.00336989586174763,0.0484735588969631));
#10199=CARTESIAN_POINT('',(-0.07,-0.00376379786149371,0.0488624001606868));
#10200=CARTESIAN_POINT('',(-0.07,-0.0041089963732843,0.0492984677653899));
#10201=CARTESIAN_POINT('',(-0.07,-0.00440631381335857,0.0497652714992451));
#10202=CARTESIAN_POINT('',(-0.0699999935111356,-0.00440630682437296,0.0497652850501445));
#10203=CARTESIAN_POINT('',(-0.07,8.18506459638996E-18,-4.78783679369599E-15));
#10204=CARTESIAN_POINT('',(-0.07,-0.0497652858760997,0.00440623675331521));
#10205=CARTESIAN_POINT('',(-0.07,-0.0497652714931697,0.00440624040687221));
#10206=CARTESIAN_POINT('',(-0.07,-0.0492984475337934,0.00410887816836923));
#10207=CARTESIAN_POINT('',(-0.07,-0.0488624499209488,0.00376380585913311));
#10208=CARTESIAN_POINT('',(-0.07,-0.0484735658923785,0.00336987553409546));
#10209=CARTESIAN_POINT('',(-0.0699999799575813,-0.0484735271730396,0.00336991375743491));
#10210=CARTESIAN_POINT('',(-0.07,-0.0494185424949238,5.8377127986428E-18));
#10211=CARTESIAN_POINT('',(-0.07,-0.0484735192852063,-0.00336993496458935));
#10212=CARTESIAN_POINT('',(-0.07,-0.048473558896967,-0.00336989586174876));
#10213=CARTESIAN_POINT('',(-0.07,-0.0488624001606912,-0.00376379786149461));
#10214=CARTESIAN_POINT('',(-0.07,-0.0492984677653947,-0.00410899637328489));
#10215=CARTESIAN_POINT('',(-0.07,-0.0497652714992503,-0.0044063138133588));
#10216=CARTESIAN_POINT('',(-0.07,-0.0494185424949238,5.95099262756394E-18));
#10217=CARTESIAN_POINT('',(-0.07,-0.0494185424949238,-0.00164999999999999));
#10218=CARTESIAN_POINT('',(-0.07,2.92497963331714E-18,0.0494185424949238));
#10219=CARTESIAN_POINT('',(-0.07,-0.00165,0.0494185424949238));
#10220=CARTESIAN_POINT('',(-0.07,0.0494185424949238,1.01033360929657E-19));
#10221=CARTESIAN_POINT('',(-0.07,0.0494185424949238,0.00165));
#10222=CARTESIAN_POINT('',(-0.07,-1.42477179352876E-33,5.51091059616309E-18));
#10223=CARTESIAN_POINT('',(-0.07,-1.42477179352876E-33,-0.0565685424949238));
#10224=CARTESIAN_POINT('',(-0.017,1.42882296342288E-17,-9.58087833628835E-15));
#10225=CARTESIAN_POINT('',(-0.017,0.08535,-9.59143173008E-15));
#10226=CARTESIAN_POINT('',(-0.017,0.08535,0.00164999999999041));
#10227=CARTESIAN_POINT('',(-0.017,0.08535,-9.59151439373895E-15));
#10228=CARTESIAN_POINT('',(-0.0169999971526091,0.0824640813909909,0.000819466535430913));
#10229=CARTESIAN_POINT('',(-0.0169999937644483,0.0824640973061092,-0.000819511163327107));
#10230=CARTESIAN_POINT('',(-0.017,0.08535,-9.59151439373895E-15));
#10231=CARTESIAN_POINT('',(-0.017,-2.0818995585505E-18,-5.20474889637626E-18));
#10232=CARTESIAN_POINT('',(-0.017,-0.08535,-5.1037155354466E-18));
#10233=CARTESIAN_POINT('',(-0.017,-0.08535,-0.00165000000000001));
#10234=CARTESIAN_POINT('',(-0.017,-0.08535,-5.02105187650415E-18));
#10235=CARTESIAN_POINT('',(-0.0169999971526088,-0.0824640813909923,-0.000819466535440864));
#10236=CARTESIAN_POINT('',(-0.0169999937644481,-0.0824640973061124,0.000819511163333614));
#10237=CARTESIAN_POINT('',(-0.017,-0.08535,-5.02105187650415E-18));
#10238=CARTESIAN_POINT('',(-0.27001,-0.08535,-8.25656871985146E-17));
#10239=CARTESIAN_POINT('',(-6.69269475734029E-18,-0.08535,1.01033360929654E-19));
#10240=CARTESIAN_POINT('',(-6.18752795269201E-18,-0.08535,-0.00165));
#10241=CARTESIAN_POINT('',(-0.270026670951172,-3.83959434027678E-17,-0.08535));
#10242=CARTESIAN_POINT('',(-0.017,-4.78706084223444E-15,-0.0853500000000048));
#10243=CARTESIAN_POINT('',(-0.017,0.00164999999999521,-0.0853500000000048));
#10244=CARTESIAN_POINT('',(8.9858458887437E-18,-5.32721357629099E-18,-0.08535));
#10245=CARTESIAN_POINT('',(8.78377916688439E-18,0.00164999999999999,-0.08535));
#10246=CARTESIAN_POINT('',(-0.270026670951172,0.08535,-9.32252183578444E-17));
#10247=CARTESIAN_POINT('',(-2.75974156187856E-17,0.08535,-1.05533937916523E-17));
#10248=CARTESIAN_POINT('',(-2.81025824234339E-17,0.08535,0.00164999999999999));
#10249=CARTESIAN_POINT('',(-0.090002,-0.08535,-2.73714682843429E-17));
#10250=CARTESIAN_POINT('',(3.08160450456706E-12,-0.0826753861634066,-0.00135883804226382));
#10251=CARTESIAN_POINT('',(-0.00159718249119607,-0.0826754192478447,-0.00135890316267778));
#10252=CARTESIAN_POINT('',(-0.00468687017970732,-0.0826652347056969,-0.00133913061176282));
#10253=CARTESIAN_POINT('',(-0.00829161464857671,-0.0826284364472223,-0.00126362044504046));
#10254=CARTESIAN_POINT('',(-0.0106730023067198,-0.0825929041555942,-0.00118315185903735));
#10255=CARTESIAN_POINT('',(-0.0118367337315705,-0.0825730890617258,-0.00113542009036126));
#10256=CARTESIAN_POINT('',(-0.0123999294943269,-0.082562958942874,-0.00111018633836348));
#10257=CARTESIAN_POINT('',(-0.0127356544045779,-0.0825567743290537,-0.0010945125191748));
#10258=CARTESIAN_POINT('',(-0.013326562862803,-0.0825456587552614,-0.00106593944319815));
#10259=CARTESIAN_POINT('',(-0.0141386889912753,-0.0825295219660635,-0.00102286591236937));
#10260=CARTESIAN_POINT('',(-0.0155163973897323,-0.0825000376761078,-0.000938807288983474));
#10261=CARTESIAN_POINT('',(-0.0164345417099723,-0.0824781993264545,-0.000869152258839765));
#10262=CARTESIAN_POINT('',(-0.0170000000074113,-0.0824640982092684,-0.000819494267370043));
#10263=CARTESIAN_POINT('',(1.54077651716124E-12,-0.082675371830669,-0.00135884532401378));
#10264=CARTESIAN_POINT('',(-0.0170000000293304,-0.0824641213262077,0.000819575670790022));
#10265=CARTESIAN_POINT('',(-0.0164342498828982,-0.0824782331177252,0.000869265918610743));
#10266=CARTESIAN_POINT('',(-0.0155112106433325,-0.0825001598960647,0.000939156427213855));
#10267=CARTESIAN_POINT('',(-0.0143089743455222,-0.0825258876653059,0.00101252386561062));
#10268=CARTESIAN_POINT('',(-0.0135806031512109,-0.0825405949477194,0.00105240508093131));
#10269=CARTESIAN_POINT('',(-0.0131208777158016,-0.0825495274286569,0.00107589369662413));
#10270=CARTESIAN_POINT('',(-0.012719111197781,-0.0825570764111087,0.00109528188424699));
#10271=CARTESIAN_POINT('',(-0.0124017689304626,-0.082562922178113,0.00111008973453459));
#10272=CARTESIAN_POINT('',(-0.0118276655644425,-0.082573257507819,0.00113584044331884));
#10273=CARTESIAN_POINT('',(-0.0106726069264823,-0.08259291686819,0.00118316759871041));
#10274=CARTESIAN_POINT('',(-0.0082867620462726,-0.0826285382396037,0.00126385519665853));
#10275=CARTESIAN_POINT('',(-0.00468670068504861,-0.0826652516152603,0.00133915481249525));
#10276=CARTESIAN_POINT('',(-0.0015968999772759,-0.0826754364759991,0.00135893707126293));
#10277=CARTESIAN_POINT('',(4.84079368839548E-12,-0.0826753970693279,0.00135885950827898));
#10278=CARTESIAN_POINT('',(-6.33139940978575E-18,-0.0826753825145588,0.00135886690297919));
#10279=CARTESIAN_POINT('',(-6.69269475734029E-18,-0.08535,1.83697019872101E-19));
#10280=CARTESIAN_POINT('',(-0.090002,-1.64319433569194E-17,-0.08535));
#10281=CARTESIAN_POINT('',(3.08160343081464E-12,0.00135883804226481,-0.0826753861634071));
#10282=CARTESIAN_POINT('',(-0.00159718249117465,0.00135890316267876,-0.0826754192478452));
#10283=CARTESIAN_POINT('',(-0.00468687017966563,0.00133913061176346,-0.0826652347056972));
#10284=CARTESIAN_POINT('',(-0.00829161464857897,0.00126362044503922,-0.0826284364472218));
#10285=CARTESIAN_POINT('',(-0.0106730023067689,0.00118315185903492,-0.0825929041555931));
#10286=CARTESIAN_POINT('',(-0.0118367337316724,0.00113542009035708,-0.0825730890617241));
#10287=CARTESIAN_POINT('',(-0.0123999294944271,0.00111018633835979,-0.0825629589428726));
#10288=CARTESIAN_POINT('',(-0.0127356544047262,0.00109451251916911,-0.0825567743290515));
#10289=CARTESIAN_POINT('',(-0.0133265628628602,0.00106593944319703,-0.082545658755261));
#10290=CARTESIAN_POINT('',(-0.0141386889912871,0.00102286591237053,-0.082529521966064));
#10291=CARTESIAN_POINT('',(-0.0155163973896692,0.000938807288987476,-0.0825000376761091));
#10292=CARTESIAN_POINT('',(-0.016434541709931,0.000869152258841092,-0.0824781993264548));
#10293=CARTESIAN_POINT('',(-0.0170000000074113,0.000819494267367736,-0.0824640982092678));
#10294=CARTESIAN_POINT('',(1.54079205949194E-12,0.00135884532401477,-0.0826753718306695));
#10295=CARTESIAN_POINT('',(-0.0169999971526089,0.000819466535438714,-0.0824640813909948));
#10296=CARTESIAN_POINT('',(-0.017,-4.78714350589338E-15,-0.0853500000000048));
#10297=CARTESIAN_POINT('',(-0.0169999937644479,-0.000819511163339017,-0.0824640973061157));
#10298=CARTESIAN_POINT('',(-0.0170000000293304,-0.000819575670797177,-0.0824641213262097));
#10299=CARTESIAN_POINT('',(-0.0164342498829436,-0.000869265918613645,-0.0824782331177261));
#10300=CARTESIAN_POINT('',(-0.0155112106433924,-0.000939156427213892,-0.0825001598960647));
#10301=CARTESIAN_POINT('',(-0.0143089743455136,-0.00101252386561276,-0.0825258876653066));
#10302=CARTESIAN_POINT('',(-0.0135806031511283,-0.00105240508093668,-0.0825405949477214));
#10303=CARTESIAN_POINT('',(-0.0131208777156827,-0.0010758936966312,-0.0825495274286595));
#10304=CARTESIAN_POINT('',(-0.0127191111975788,-0.00109528188425805,-0.0825570764111131));
#10305=CARTESIAN_POINT('',(-0.012401768930347,-0.00111008973454173,-0.0825629221781158));
#10306=CARTESIAN_POINT('',(-0.0118276655643023,-0.0011358404433274,-0.0825732575078225));
#10307=CARTESIAN_POINT('',(-0.0106726069264134,-0.00118316759871607,-0.0825929168681925));
#10308=CARTESIAN_POINT('',(-0.00828676204624263,-0.00126385519666298,-0.0826285382396057));
#10309=CARTESIAN_POINT('',(-0.00468670068507787,-0.00133915481249694,-0.0826652516152612));
#10310=CARTESIAN_POINT('',(-0.00159689997729212,-0.00135893707126423,-0.0826754364759997));
#10311=CARTESIAN_POINT('',(4.84079377952192E-12,-0.00135885950828028,-0.0826753970693285));
#10312=CARTESIAN_POINT('',(7.36883666711974E-18,-0.00135886690298049,-0.0826753825145594));
#10313=CARTESIAN_POINT('',(8.9858458887437E-18,-5.40987723523344E-18,-0.08535));
#10314=CARTESIAN_POINT('',(-0.090002,0.08535,-3.81912227548098E-17));
#10315=CARTESIAN_POINT('',(3.08160432761019E-12,0.0826753861634064,0.00135883804226329));
#10316=CARTESIAN_POINT('',(-0.00159718249141981,0.0826754192478445,0.00135890316267727));
#10317=CARTESIAN_POINT('',(-0.0046868701802265,0.0826652347056967,0.00133913061176226));
#10318=CARTESIAN_POINT('',(-0.00829161464909181,0.0826284364472218,0.00126362044503932));
#10319=CARTESIAN_POINT('',(-0.0106730023070252,0.0825929041555937,0.00118315185903612));
#10320=CARTESIAN_POINT('',(-0.011836733731733,0.082573089061725,0.00113542009035931));
#10321=CARTESIAN_POINT('',(-0.0123999294943893,0.0825629589428735,0.00111018633836204));
#10322=CARTESIAN_POINT('',(-0.0127356544046056,0.0825567743290528,0.00109451251917224));
#10323=CARTESIAN_POINT('',(-0.0133265628628255,0.0825456587552588,0.00106593944319124));
#10324=CARTESIAN_POINT('',(-0.0141386889912754,0.0825295219660596,0.00102286591235839));
#10325=CARTESIAN_POINT('',(-0.0155163973897203,0.0825000376761026,0.000938807288967823));
#10326=CARTESIAN_POINT('',(-0.016434541709963,0.08247819932645,0.000869152258824861));
#10327=CARTESIAN_POINT('',(-0.0170000000074113,0.0824640982092649,0.000819494267357468));
#10328=CARTESIAN_POINT('',(1.54075518851077E-12,0.0826753718306687,0.00135884532401325));
#10329=CARTESIAN_POINT('',(-0.0170000000293304,0.0824641213262051,-0.00081957567078087));
#10330=CARTESIAN_POINT('',(-0.0164342498830408,0.0824782331177169,-0.000869265918581902));
#10331=CARTESIAN_POINT('',(-0.0155112106435205,0.0825001598960515,-0.00093915642717412));
#10332=CARTESIAN_POINT('',(-0.014308974345505,0.0825258876652975,-0.00101252386558753));
#10333=CARTESIAN_POINT('',(-0.0135806031509602,0.0825405949477181,-0.00105240508092803));
#10334=CARTESIAN_POINT('',(-0.0131208777154542,0.0825495274286601,-0.00107589369663263));
#10335=CARTESIAN_POINT('',(-0.0127191111971462,0.0825570764111203,-0.00109528188427643));
#10336=CARTESIAN_POINT('',(-0.01240176893022,0.08256292217812,-0.0011100897345519));
#10337=CARTESIAN_POINT('',(-0.0118276655643254,0.0825732575078279,-0.00113584044334067));
#10338=CARTESIAN_POINT('',(-0.0106726069269337,0.0825929168681958,-0.00118316759872343));
#10339=CARTESIAN_POINT('',(-0.00828676204731531,0.082628538239608,-0.00126385519666809));
#10340=CARTESIAN_POINT('',(-0.00468670068630378,0.0826652516152611,-0.00133915481249653));
#10341=CARTESIAN_POINT('',(-0.00159689997782865,0.0826754364759991,-0.00135893707126305));
#10342=CARTESIAN_POINT('',(4.84079517554574E-12,0.082675397069328,-0.00135885950827908));
#10343=CARTESIAN_POINT('',(-2.99695987455625E-17,0.0826753825145588,-0.00135886690297927));
#10344=CARTESIAN_POINT('',(-2.75974156187856E-17,0.08535,-1.06360574505948E-17));
#10345=CARTESIAN_POINT('',(-0.090002,4.84017154427008E-18,0.08535));
#10346=CARTESIAN_POINT('',(3.08160540136261E-12,-0.00135883804226163,0.0826753861634056));
#10347=CARTESIAN_POINT('',(-0.00159718249068994,-0.00135890316267558,0.0826754192478436));
#10348=CARTESIAN_POINT('',(-0.0046868701785563,-0.00133913061175965,0.0826652347056953));
#10349=CARTESIAN_POINT('',(-0.00829161464756823,-0.00126362044503239,0.0826284364472187));
#10350=CARTESIAN_POINT('',(-0.0106730023062615,-0.00118315185902585,0.0825929041555892));
#10351=CARTESIAN_POINT('',(-0.0118367337315594,-0.00113542009034544,0.0825730890617194));
#10352=CARTESIAN_POINT('',(-0.0123999294944991,-0.00111018633834847,0.0825629589428681));
#10353=CARTESIAN_POINT('',(-0.0127356544049777,-0.00109451251915526,0.0825567743290462));
#10354=CARTESIAN_POINT('',(-0.0133265628629366,-0.0010659394432009,0.0825456587552627));
#10355=CARTESIAN_POINT('',(-0.0141386889913215,-0.00102286591238659,0.08252952196607));
#10356=CARTESIAN_POINT('',(-0.0155163973895749,-0.000938807289018154,0.0825000376761195));
#10357=CARTESIAN_POINT('',(-0.0164345417098711,-0.000869152258864785,0.0824781993264618));
#10358=CARTESIAN_POINT('',(-0.0170000000074113,-0.000819494267379532,0.0824640982092712));
#10359=CARTESIAN_POINT('',(1.54074078459246E-12,-0.00135884532401159,0.0826753718306679));
#10360=CARTESIAN_POINT('',(-0.0169999971526085,-0.000819466535447768,0.0824640813909926));
#10361=CARTESIAN_POINT('',(-0.017,4.80980219639978E-15,0.0853499999999952));
#10362=CARTESIAN_POINT('',(-0.016999993955673,0.000819505027421297,0.0824640955635568));
#10363=CARTESIAN_POINT('',(-0.0170000000286639,0.000819567511983677,0.0824641190091584));
#10364=CARTESIAN_POINT('',(-0.0164345151838355,0.000869234923718316,0.0824782241635952));
#10365=CARTESIAN_POINT('',(-0.0155121409590514,0.000939086742227723,0.0825001373728265));
#10366=CARTESIAN_POINT('',(-0.0143106934551354,0.00101242222393746,0.0825258515972877));
#10367=CARTESIAN_POINT('',(-0.013583296030673,0.00105226514075678,0.0825405424028888));
#10368=CARTESIAN_POINT('',(-0.013123206994058,0.00107577603143972,0.0825494826011315));
#10369=CARTESIAN_POINT('',(-0.0127234875153528,0.00109507584504069,0.0825569954473919));
#10370=CARTESIAN_POINT('',(-0.0123997537523523,0.00111018283125485,0.0825629586842731));
#10371=CARTESIAN_POINT('',(-0.0118294661818447,0.00113575023676983,0.0825732218292013));
#10372=CARTESIAN_POINT('',(-0.010671438751309,0.00118321134950585,0.0825929336486822));
#10373=CARTESIAN_POINT('',(-0.00828730318172131,0.00126381024397372,0.082628520083501));
#10374=CARTESIAN_POINT('',(-0.00468599705309731,0.00133916787557088,0.0826652565950652));
#10375=CARTESIAN_POINT('',(-0.00159671556388826,0.00135893706230392,0.0826754364714474));
#10376=CARTESIAN_POINT('',(4.84079508441929E-12,0.00135885950827712,0.082675397069327));
#10377=CARTESIAN_POINT('',(-3.95227615127106E-17,0.00135886690297732,0.0826753825145578));
#10378=CARTESIAN_POINT('',(-4.32759562648696E-17,1.58622376659561E-17,0.08535));
#10379=CARTESIAN_POINT('',(-0.270026671047951,-1.72891558313152E-17,0.08535));
#10380=CARTESIAN_POINT('',(-0.017,4.80971953274084E-15,0.0853499999999952));
#10381=CARTESIAN_POINT('',(-0.017,-0.00164999999999519,0.0853499999999952));
#10382=CARTESIAN_POINT('',(-4.32759562648696E-17,1.57795740070137E-17,0.08535));
#10383=CARTESIAN_POINT('',(-4.30738895430103E-17,-0.00164999999999998,0.08535));
#10384=CARTESIAN_POINT('',(-0.017,-4.78173362865815E-15,-4.80122660718875E-15));
#10385=CARTESIAN_POINT('',(-0.017,-4.78714350589338E-15,-0.0853500000000048));
#10386=CARTESIAN_POINT('',(-0.017,4.79393995873383E-15,-4.78485647799598E-15));
#10387=CARTESIAN_POINT('',(-0.017,4.80980219639978E-15,0.0853499999999952));
#10388=CARTESIAN_POINT('',(-8.89476918768811E-11,0.0826753574979308,0.00135885260576807));
#10389=CARTESIAN_POINT('',(-0.00150153854670084,0.0826753532781155,0.00135893177196181));
#10390=CARTESIAN_POINT('',(-0.00300812291805655,0.0826704085087792,0.0013492201783377));
#10391=CARTESIAN_POINT('',(-0.00688735235281078,0.0826447910805445,0.00129728273999201));
#10392=CARTESIAN_POINT('',(-0.00919736020218546,0.0826171094710834,0.00124155614205949));
#10393=CARTESIAN_POINT('',(-0.012554770150701,0.0825610502003323,0.0011062690797561));
#10394=CARTESIAN_POINT('',(-0.0136646540231211,0.0825396415102166,0.00105202403110461));
#10395=CARTESIAN_POINT('',(-0.0157728328456367,0.0824942513583546,0.000921609667222283));
#10396=CARTESIAN_POINT('',(-0.0167734242055745,0.0824702553693841,0.000846352249676171));
#10397=CARTESIAN_POINT('',(-0.0186269956239777,0.0824222793314378,0.000661409932778998));
#10398=CARTESIAN_POINT('',(-0.0194505176737577,0.0823990159166612,0.000554825779044145));
#10399=CARTESIAN_POINT('',(-0.0203893227186114,0.0823714341575436,0.000363967157608062));
#10400=CARTESIAN_POINT('',(-0.0206403948103108,0.0823638587328715,0.000296406612702724));
#10401=CARTESIAN_POINT('',(-0.0209923138274936,0.0823531436443518,0.000154968448469674));
#10402=CARTESIAN_POINT('',(-0.0210913794787932,0.0823500732612403,7.85484959754589E-5));
#10403=CARTESIAN_POINT('',(-0.0210959780992693,0.0823499311019852,-7.13125657103889E-5));
#10404=CARTESIAN_POINT('',(-0.0210099988170495,0.0823525988106452,-0.000144368004501796));
#10405=CARTESIAN_POINT('',(-0.0206668884418931,0.0823630578946887,-0.000288800936657815));
#10406=CARTESIAN_POINT('',(-0.020417582742839,0.0823705920289074,-0.000356691639214982));
#10407=CARTESIAN_POINT('',(-0.0198058505532057,0.0823885876818508,-0.000483935680667733));
#10408=CARTESIAN_POINT('',(-0.0194388943103359,0.0823991651716581,-0.00054376836896882));
#10409=CARTESIAN_POINT('',(-0.0186449395340365,0.0824212730648798,-0.000652372705333801));
#10410=CARTESIAN_POINT('',(-0.0182119584645405,0.0824329857214656,-0.000702352860797794));
#10411=CARTESIAN_POINT('',(-0.0168312285731816,0.0824688249436271,-0.000841452326327759));
#10412=CARTESIAN_POINT('',(-0.0158154115134736,0.0824932738505945,-0.000918621810791447));
#10413=CARTESIAN_POINT('',(-0.0137041591390614,0.082538849621479,-0.00104992477595194));
#10414=CARTESIAN_POINT('',(-0.0125919870816556,0.0825603699440281,-0.00110455698912674));
#10415=CARTESIAN_POINT('',(-0.00922487189520785,0.0826167624656555,-0.00124086904785735));
#10416=CARTESIAN_POINT('',(-0.00689595886526035,0.0826447255401591,-0.00129714731522087));
#10417=CARTESIAN_POINT('',(-0.00300844121830714,0.0826704119219827,-0.0013492288459094));
#10418=CARTESIAN_POINT('',(-0.0015026710772136,0.0826753693981296,-0.00135896539218173));
#10419=CARTESIAN_POINT('',(-8.79320228826599E-11,0.0826753679597897,-0.0013588742976848));
#10420=CARTESIAN_POINT('',(1.17969697161976E-10,0.084779387387716,0.0144381960644623));
#10421=CARTESIAN_POINT('',(-0.00199146412037898,0.084779342561385,0.0144390372489264));
#10422=CARTESIAN_POINT('',(-0.00398962070080511,0.0847268029871377,0.0143358488175058));
#10423=CARTESIAN_POINT('',(-0.00913457700383052,0.0844546104334343,0.0137839985752906));
#10424=CARTESIAN_POINT('',(-0.0121982960661284,0.0841604859487572,0.0131918887898406));
#10425=CARTESIAN_POINT('',(-0.016651175769305,0.0835648395488922,0.0117544235743994));
#10426=CARTESIAN_POINT('',(-0.0181231937148437,0.08333736636263,0.0111780550800055));
#10427=CARTESIAN_POINT('',(-0.0209192349721895,0.082855083030732,0.00979236520323299));
#10428=CARTESIAN_POINT('',(-0.0222463008336623,0.0826001190403,0.00899273456409377));
#10429=CARTESIAN_POINT('',(-0.0247046625025859,0.0820903595513454,0.00702766814795115));
#10430=CARTESIAN_POINT('',(-0.0257968840656767,0.0818431794575531,0.00589518269215427));
#10431=CARTESIAN_POINT('',(-0.0270420056032642,0.0815501152504837,0.00386725436769796));
#10432=CARTESIAN_POINT('',(-0.0273749979766644,0.0814696242499042,0.00314940458755542));
#10433=CARTESIAN_POINT('',(-0.0278417420013875,0.0813557733987701,0.00164658402278663));
#10434=CARTESIAN_POINT('',(-0.0279731311511934,0.0813231496805636,0.000834584808957417));
#10435=CARTESIAN_POINT('',(-0.0279792301043443,0.0813216392270779,-0.000757700988553403));
#10436=CARTESIAN_POINT('',(-0.0278651973237846,0.081349984378789,-0.0015339511992739));
#10437=CARTESIAN_POINT('',(-0.0274101359938743,0.0814611151227126,-0.0030685921994605));
#10438=CARTESIAN_POINT('',(-0.0270794861591082,0.0815411674466751,-0.00378995027784105));
#10439=CARTESIAN_POINT('',(-0.026268156355687,0.0817323763860671,-0.00514195446945188));
#10440=CARTESIAN_POINT('',(-0.0257814686559076,0.0818447652272162,-0.00577769382063366));
#10441=CARTESIAN_POINT('',(-0.0247284601850554,0.082079667892945,-0.00693164584428167));
#10442=CARTESIAN_POINT('',(-0.0241542050421784,0.0822041181753529,-0.00746269911480517));
#10443=CARTESIAN_POINT('',(-0.0223229664920302,0.0825849202084811,-0.00894067090340257));
#10444=CARTESIAN_POINT('',(-0.0209757062746135,0.0828446967403657,-0.00976061840053675));
#10445=CARTESIAN_POINT('',(-0.0181755887123446,0.083328952311151,-0.0111557498729302));
#10446=CARTESIAN_POINT('',(-0.0167005360808526,0.0835576116122746,-0.0117362320753787));
#10447=CARTESIAN_POINT('',(-0.0122347840658389,0.0841567989564277,-0.0131845883149016));
#10448=CARTESIAN_POINT('',(-0.00914599166062924,0.084453914048748,-0.0137825596496877));
#10449=CARTESIAN_POINT('',(-0.00399004286445226,0.084726839253017,-0.0143359409121516));
#10450=CARTESIAN_POINT('',(-0.00199296618118339,0.0847795138408628,-0.0144393944728083));
#10451=CARTESIAN_POINT('',(1.16622460169871E-10,0.0847794985478109,-0.0144384265469815));
#10452=CARTESIAN_POINT('',(-3.20019678531771E-17,0.0847793864901223,0.0144381904847904));
#10453=CARTESIAN_POINT('',(-3.05812806684477E-17,0.0840780434927298,0.0100784111917806));
#10454=CARTESIAN_POINT('',(-2.9935204321099E-17,0.0833767004953341,0.0057186318987714));
#10455=CARTESIAN_POINT('',(-2.85145171363687E-17,0.082675357497931,0.00135885260576338));
#10456=CARTESIAN_POINT('',(-3.09991776872603E-17,0.0847793701033511,0.014438193120875));
#10457=CARTESIAN_POINT('',(4.12085026544337E-10,0.0847793178063973,-0.0144383957655568));
#10458=CARTESIAN_POINT('',(-0.000713997593133908,0.0847792605716779,-0.0144387318565447));
#10459=CARTESIAN_POINT('',(-0.00212161654495229,0.0847662951378053,-0.0144124307382923));
#10460=CARTESIAN_POINT('',(-0.00429286300226411,0.084704634020747,-0.014290945330845));
#10461=CARTESIAN_POINT('',(-0.00603331980583444,0.0846224111045392,-0.0141246304397804));
#10462=CARTESIAN_POINT('',(-0.00745647087982833,0.0845356229361577,-0.0139484766690159));
#10463=CARTESIAN_POINT('',(-0.0085848308582344,0.0844552959063039,-0.0137834705396982));
#10464=CARTESIAN_POINT('',(-0.00955990680206839,0.0843767758922236,-0.0136199287873591));
#10465=CARTESIAN_POINT('',(-0.0106037648436931,0.084283967732996,-0.013422889635346));
#10466=CARTESIAN_POINT('',(-0.0114891212824489,0.0841968372551917,-0.0132332450594291));
#10467=CARTESIAN_POINT('',(-0.0122003984991622,0.0841220160007653,-0.0130672264978901));
#10468=CARTESIAN_POINT('',(-0.0127733203845452,0.0840588095526482,-0.0129249358520993));
#10469=CARTESIAN_POINT('',(-0.0132259596466557,0.0840067959061634,-0.0128065416277132));
#10470=CARTESIAN_POINT('',(-0.013885779248274,0.0839284004116281,-0.0126263338540063));
#10471=CARTESIAN_POINT('',(-0.0147174444983665,0.0838240243205089,-0.0123816602817788));
#10472=CARTESIAN_POINT('',(-0.0155794744080365,0.0837082806225347,-0.0121019685997415));
#10473=CARTESIAN_POINT('',(-0.0162031384216037,0.0836200378748868,-0.0118830327528976));
#10474=CARTESIAN_POINT('',(-0.0165529796771811,0.0835693415689597,-0.0117557149710775));
#10475=CARTESIAN_POINT('',(-0.0168474259371632,0.0835258658153192,-0.0116454594939753));
#10476=CARTESIAN_POINT('',(-0.0170288484790784,0.0834986666380138,-0.0115760074770042));
#10477=CARTESIAN_POINT('',(-0.0173186104282673,0.0834547859644738,-0.0114634281020987));
#10478=CARTESIAN_POINT('',(-0.017823872179364,0.0833767377850617,-0.0112608504140988));
#10479=CARTESIAN_POINT('',(-0.0186058429417844,0.0832515232764556,-0.0109267142386016));
#10480=CARTESIAN_POINT('',(-0.0194449845502372,0.0831101520410716,-0.0105298057298928));
#10481=CARTESIAN_POINT('',(-0.0200699581568301,0.0830004389031886,-0.0102075716020332));
#10482=CARTESIAN_POINT('',(-0.020427377193875,0.0829364294913441,-0.0100154302160184));
#10483=CARTESIAN_POINT('',(-0.0207230664869646,0.0828826484032935,-0.00985142655649259));
#10484=CARTESIAN_POINT('',(-0.0209335039603908,0.0828438942981801,-0.00973126729055329));
#10485=CARTESIAN_POINT('',(-0.0212430712310433,0.0827863865601871,-0.00955016671429878));
#10486=CARTESIAN_POINT('',(-0.0217687432796078,0.0826871507136206,-0.0092293102664066));
#10487=CARTESIAN_POINT('',(-0.0225245312510843,0.0825395784074577,-0.0087331702460368));
#10488=CARTESIAN_POINT('',(-0.0232533382259925,0.0823914983622393,-0.0081955174594895));
#10489=CARTESIAN_POINT('',(-0.0238092953916642,0.0822756887024896,-0.00774009907158614));
#10490=CARTESIAN_POINT('',(-0.0241769892842403,0.0821978526209292,-0.00742292788995598));
#10491=CARTESIAN_POINT('',(-0.0246564279828165,0.0820945345769295,-0.00697770941630984));
#10492=CARTESIAN_POINT('',(-0.0252013809789871,0.0819749202911576,-0.00642321466068152));
#10493=CARTESIAN_POINT('',(-0.0258179982010423,0.0818362618005186,-0.00571502287345413));
#10494=CARTESIAN_POINT('',(-0.026323726382575,0.0817191849566435,-0.00502167195877436));
#10495=CARTESIAN_POINT('',(-0.0266217377258562,0.0816491611585749,-0.00455460217121313));
#10496=CARTESIAN_POINT('',(-0.0267817980743945,0.0816113101354347,-0.00428288258210978));
#10497=CARTESIAN_POINT('',(-0.0268802569944709,0.0815879620688051,-0.00410838885757231));
#10498=CARTESIAN_POINT('',(-0.0270252517121411,0.0815534622469786,-0.00383411034805722));
#10499=CARTESIAN_POINT('',(-0.0271876496244124,0.0815146452587789,-0.00350038003479206));
#10500=CARTESIAN_POINT('',(-0.0274502007621428,0.0814515289049339,-0.00289578803398574));
#10501=CARTESIAN_POINT('',(-0.0278463482333856,0.0813550977846566,-0.00168213534104917));
#10502=CARTESIAN_POINT('',(-0.0280675254202684,0.0812994622385499,4.16088899063848E-5));
#10503=CARTESIAN_POINT('',(-0.0278319569854301,0.0813584925816399,0.00175502062303808));
#10504=CARTESIAN_POINT('',(-0.0274224459966154,0.0814581847063199,0.00297125912092818));
#10505=CARTESIAN_POINT('',(-0.027152274551488,0.0815230840906243,0.00357769434044992));
#10506=CARTESIAN_POINT('',(-0.0269855001695522,0.0815629045133467,0.0039125312139955));
#10507=CARTESIAN_POINT('',(-0.0268364094890407,0.081598330470318,0.00418838399694275));
#10508=CARTESIAN_POINT('',(-0.0267363204884076,0.0816220255945612,0.00436209603158792));
#10509=CARTESIAN_POINT('',(-0.0265733468262533,0.0816604929775599,0.00463336634806118));
#10510=CARTESIAN_POINT('',(-0.0262712828042702,0.0817313217692807,0.00509848640450665));
#10511=CARTESIAN_POINT('',(-0.0257578561713162,0.0818498444755289,0.00579011337697936));
#10512=CARTESIAN_POINT('',(-0.0251453554441887,0.0819873298101882,0.0064860249633467));
#10513=CARTESIAN_POINT('',(-0.0246527277505359,0.082095114550866,0.00697857138159631));
#10514=CARTESIAN_POINT('',(-0.0243665977592563,0.0821569712362861,0.00724843536499159));
#10515=CARTESIAN_POINT('',(-0.0241115395078713,0.0822115676435009,0.0074777644838876));
#10516=CARTESIAN_POINT('',(-0.0239720806116539,0.082241179583467,0.00759865581106711));
#10517=CARTESIAN_POINT('',(-0.0237254095298209,0.0822932776248291,0.00780859943914721));
#10518=CARTESIAN_POINT('',(-0.023398589766377,0.0823614077920893,0.00807414342211677));
#10519=CARTESIAN_POINT('',(-0.0229610146131698,0.0824510903884352,0.00841102677095775));
#10520=CARTESIAN_POINT('',(-0.0224289997717847,0.0825576379927777,0.00879182344757921));
#10521=CARTESIAN_POINT('',(-0.0220085950256497,0.0826399713965392,0.00907417936239971));
#10522=CARTESIAN_POINT('',(-0.021555151563184,0.0827271812867905,0.00936452158526547));
#10523=CARTESIAN_POINT('',(-0.0210990008560251,0.0828130469542155,0.0096392192726012));
#10524=CARTESIAN_POINT('',(-0.0206656363536303,0.0828933338036963,0.00988608575414373));
#10525=CARTESIAN_POINT('',(-0.0201249264568416,0.0829911742061332,0.0101772689844253));
#10526=CARTESIAN_POINT('',(-0.0194559551040509,0.0831086456377789,0.0105196523069965));
#10527=CARTESIAN_POINT('',(-0.0186264241588042,0.0832486029165825,0.0109137856741143));
#10528=CARTESIAN_POINT('',(-0.0178417228068109,0.0833742528039214,0.0112524681444145));
#10529=CARTESIAN_POINT('',(-0.0172172419919123,0.0834703712551726,0.0115035889932968));
#10530=CARTESIAN_POINT('',(-0.0168035603616401,0.0835326463595872,0.0116633152851818));
#10531=CARTESIAN_POINT('',(-0.016232242440103,0.0836161124887875,0.0118735993330854));
#10532=CARTESIAN_POINT('',(-0.0155391399244899,0.0837137276628943,0.0121151666316856));
#10533=CARTESIAN_POINT('',(-0.0146718621424212,0.0838299738640215,0.0123958295490745));
#10534=CARTESIAN_POINT('',(-0.0138453328435542,0.0839333355846055,0.0126377939424343));
#10535=CARTESIAN_POINT('',(-0.0131874498038919,0.0840112795322982,0.0128168439780672));
#10536=CARTESIAN_POINT('',(-0.0127356707460392,0.0840630326773717,0.0129345784027242));
#10537=CARTESIAN_POINT('',(-0.0121664589429076,0.0841256420201288,0.0130754681240469));
#10538=CARTESIAN_POINT('',(-0.0114589421548305,0.0841998594689703,0.0132400905969296));
#10539=CARTESIAN_POINT('',(-0.0105783824105919,0.084286292791739,0.0134281617869534));
#10540=CARTESIAN_POINT('',(-0.00953958368182516,0.0843784411068708,0.0136237302862313));
#10541=CARTESIAN_POINT('',(-0.00856955813481781,0.084456416254676,0.0137859978374324));
#10542=CARTESIAN_POINT('',(-0.00744446009770858,0.0845363946610605,0.0139501354999057));
#10543=CARTESIAN_POINT('',(-0.00602549742801135,0.0846227971821329,0.0141254492339175));
#10544=CARTESIAN_POINT('',(-0.00429028204794607,0.0847047241747805,0.014291031535263));
#10545=CARTESIAN_POINT('',(-0.00211953361716464,0.0847663766074123,0.0144122309104686));
#10546=CARTESIAN_POINT('',(-0.000713383898218343,0.084779302497274,0.0144384856604229));
#10547=CARTESIAN_POINT('',(-3.19479523409277E-17,0.0847793528189889,0.014438190177238));
#10548=CARTESIAN_POINT('',(2.06042933196657E-10,0.084779408177103,-0.0144384111561974));
#10549=CARTESIAN_POINT('',(-3.30853570009694E-17,0.0826753679597897,-0.00135887429767947));
#10550=CARTESIAN_POINT('',(-3.18364343633121E-17,0.0833767432580483,-0.00571871532282405));
#10551=CARTESIAN_POINT('',(-1.94567400302143E-17,0.0840781185563011,-0.0100785563479696));
#10552=CARTESIAN_POINT('',(-1.82078173925556E-17,0.0847794938545515,-0.0144383973731155));
#10553=CARTESIAN_POINT('',(-0.0170000000000121,0.0824640982094519,0.000819494268006554));
#10554=CARTESIAN_POINT('',(-0.0175939990750667,0.0824492853565865,0.000767329853591628));
#10555=CARTESIAN_POINT('',(-0.0183926477771566,0.0824283022176041,0.000685199355253574));
#10556=CARTESIAN_POINT('',(-0.0191526830352279,0.0824072037699012,0.00058453797019607));
#10557=CARTESIAN_POINT('',(-0.0195494789854564,0.0823959182202298,0.00052342315847535));
#10558=CARTESIAN_POINT('',(-0.0197965491653931,0.0823887998240939,0.000481906507415732));
#10559=CARTESIAN_POINT('',(-0.0201230682183871,0.0823792807054475,0.000419709013599176));
#10560=CARTESIAN_POINT('',(-0.0204628497010953,0.0823692457411018,0.000342916247972249));
#10561=CARTESIAN_POINT('',(-0.0209379250018624,0.0823549742978146,0.000204464125763478));
#10562=CARTESIAN_POINT('',(-0.0211888832023513,0.0823468864165387,-6.04186414211816E-6));
#10563=CARTESIAN_POINT('',(-0.0209190784317806,0.0823558625247737,-0.000223927552799555));
#10564=CARTESIAN_POINT('',(-0.0198992899594217,0.0823873704969846,-0.00050759611431355));
#10565=CARTESIAN_POINT('',(-0.0183634244693075,0.0824301127421466,-0.000699825108850824));
#10566=CARTESIAN_POINT('',(-0.017,0.0824641213269342,-0.000819575673357686));
#10567=CARTESIAN_POINT('',(-8.89476849379872E-11,0.00135885260576958,-0.0826753574979315));
#10568=CARTESIAN_POINT('',(-0.0015015385467019,0.00135893177196333,-0.0826753532781163));
#10569=CARTESIAN_POINT('',(-0.00300812291805869,0.00134922017833921,-0.08267040850878));
#10570=CARTESIAN_POINT('',(-0.00688735235281555,0.00129728273999349,-0.0826447910805453));
#10571=CARTESIAN_POINT('',(-0.00919736020219176,0.00124155614206093,-0.0826171094710841));
#10572=CARTESIAN_POINT('',(-0.0125547701507097,0.00110626907975743,-0.0825610502003328));
#10573=CARTESIAN_POINT('',(-0.0136646540231307,0.0010520240311059,-0.0825396415102171));
#10574=CARTESIAN_POINT('',(-0.0157728328456477,0.000921609667223454,-0.082494251358355));
#10575=CARTESIAN_POINT('',(-0.0167734242055864,0.000846352249677283,-0.0824702553693844));
#10576=CARTESIAN_POINT('',(-0.0186269956239912,0.000661409932779927,-0.082422279331438));
#10577=CARTESIAN_POINT('',(-0.0194505176737719,0.000554825779044978,-0.0823990159166614));
#10578=CARTESIAN_POINT('',(-0.0203893227186265,0.00036396715760868,-0.0823714341575437));
#10579=CARTESIAN_POINT('',(-0.0206403948103262,0.000296406612703279,-0.0823638587328716));
#10580=CARTESIAN_POINT('',(-0.0209923138275094,0.000154968448470045,-0.0823531436443518));
#10581=CARTESIAN_POINT('',(-0.0210913794788092,7.85484959757305E-5,-0.0823500732612403));
#10582=CARTESIAN_POINT('',(-0.0210959780992852,-7.13125657103096E-5,-0.0823499311019852));
#10583=CARTESIAN_POINT('',(-0.0210099988170653,-0.000144368004501811,-0.0823525988106452));
#10584=CARTESIAN_POINT('',(-0.0206668884419084,-0.000288800936657994,-0.0823630578946887));
#10585=CARTESIAN_POINT('',(-0.0204175827428541,-0.000356691639215238,-0.0823705920289075));
#10586=CARTESIAN_POINT('',(-0.0198058505532202,-0.000483935680668134,-0.0823885876818508));
#10587=CARTESIAN_POINT('',(-0.0194388943103501,-0.000543768368969279,-0.0823991651716581));
#10588=CARTESIAN_POINT('',(-0.01864493953405,-0.000652372705334383,-0.0824212730648799));
#10589=CARTESIAN_POINT('',(-0.0182119584645536,-0.000702352860798426,-0.0824329857214657));
#10590=CARTESIAN_POINT('',(-0.0168312285731936,-0.00084145232632853,-0.0824688249436274));
#10591=CARTESIAN_POINT('',(-0.0158154115134848,-0.000918621810792274,-0.0824932738505947));
#10592=CARTESIAN_POINT('',(-0.0137041591390709,-0.00104992477595288,-0.0825388496214794));
#10593=CARTESIAN_POINT('',(-0.0125919870816644,-0.00110455698912774,-0.0825603699440285));
#10594=CARTESIAN_POINT('',(-0.00922487189521412,-0.00124086904785846,-0.0826167624656561));
#10595=CARTESIAN_POINT('',(-0.00689595886526502,-0.00129714731522202,-0.0826447255401596));
#10596=CARTESIAN_POINT('',(-0.00300844121830917,-0.0013492288459106,-0.0826704119219834));
#10597=CARTESIAN_POINT('',(-0.00150267107721457,-0.00135896539218294,-0.0826753693981303));
#10598=CARTESIAN_POINT('',(-8.79319444948429E-11,-0.00135887429768601,-0.0826753679597904));
#10599=CARTESIAN_POINT('',(1.17969700631423E-10,0.0144381960644656,-0.084779387387721));
#10600=CARTESIAN_POINT('',(-0.00199146412037995,0.0144390372489297,-0.08477934256139));
#10601=CARTESIAN_POINT('',(-0.00398962070080708,0.0143358488175091,-0.0847268029871426));
#10602=CARTESIAN_POINT('',(-0.00913457700383498,0.013783998575294,-0.0844546104334389));
#10603=CARTESIAN_POINT('',(-0.0121982960661342,0.0131918887898441,-0.0841604859487614));
#10604=CARTESIAN_POINT('',(-0.0166511757693132,0.0117544235744028,-0.0835648395488955));
#10605=CARTESIAN_POINT('',(-0.0181231937148526,0.0111780550800089,-0.083337366362633));
#10606=CARTESIAN_POINT('',(-0.0209192349721999,0.00979236520323624,-0.0828550830307343));
#10607=CARTESIAN_POINT('',(-0.0222463008336734,0.00899273456409694,-0.0826001190403019));
#10608=CARTESIAN_POINT('',(-0.0247046625025986,0.00702766814795401,-0.0820903595513465));
#10609=CARTESIAN_POINT('',(-0.0257968840656903,0.00589518269215693,-0.0818431794575539));
#10610=CARTESIAN_POINT('',(-0.0270420056032786,0.00386725436769991,-0.0815501152504838));
#10611=CARTESIAN_POINT('',(-0.0273749979766791,0.00314940458755719,-0.0814696242499041));
#10612=CARTESIAN_POINT('',(-0.0278417420014026,0.00164658402278762,-0.0813557733987698));
#10613=CARTESIAN_POINT('',(-0.0279731311512086,0.000834584808958005,-0.0813231496805632));
#10614=CARTESIAN_POINT('',(-0.0279792301043595,-0.000757700988553611,-0.0813216392270774));
#10615=CARTESIAN_POINT('',(-0.0278651973237998,-0.00153395119927451,-0.0813499843787885));
#10616=CARTESIAN_POINT('',(-0.027410135993889,-0.0030685921994617,-0.0814611151227122));
#10617=CARTESIAN_POINT('',(-0.0270794861591225,-0.00378995027784252,-0.0815411674466748));
#10618=CARTESIAN_POINT('',(-0.0262681563557008,-0.00514195446945383,-0.0817323763860671));
#10619=CARTESIAN_POINT('',(-0.0257814686559211,-0.00577769382063575,-0.0818447652272163));
#10620=CARTESIAN_POINT('',(-0.0247284601850681,-0.00693164584428416,-0.0820796678929454));
#10621=CARTESIAN_POINT('',(-0.0241542050421906,-0.00746269911480776,-0.0822041181753534));
#10622=CARTESIAN_POINT('',(-0.0223229664920415,-0.00894067090340546,-0.082584920208482));
#10623=CARTESIAN_POINT('',(-0.0209757062746239,-0.00976061840053973,-0.0828446967403669));
#10624=CARTESIAN_POINT('',(-0.0181755887123534,-0.0111557498729334,-0.0833289523111528));
#10625=CARTESIAN_POINT('',(-0.0167005360808606,-0.0117362320753819,-0.0835576116122767));
#10626=CARTESIAN_POINT('',(-0.0122347840658446,-0.0131845883149049,-0.0841567989564304));
#10627=CARTESIAN_POINT('',(-0.00914599166063351,-0.0137825596496909,-0.0844539140487511));
#10628=CARTESIAN_POINT('',(-0.00399004286445412,-0.0143359409121549,-0.0847268392530203));
#10629=CARTESIAN_POINT('',(-0.00199296618118426,-0.0144393944728116,-0.0847795138408662));
#10630=CARTESIAN_POINT('',(1.16622557964907E-10,-0.0144384265469848,-0.0847794985478143));
#10631=CARTESIAN_POINT('',(7.7000037300392E-18,0.0144381904847937,-0.0847793864901273));
#10632=CARTESIAN_POINT('',(8.01919834144088E-18,0.0100784111917833,-0.0840780434927334));
#10633=CARTESIAN_POINT('',(8.89652385472858E-18,0.00571863189877352,-0.0833767004953364));
#10634=CARTESIAN_POINT('',(9.21571846612679E-18,0.00135885260576489,-0.0826753574979318));
#10635=CARTESIAN_POINT('',(5.74518232803126E-18,0.0144381931208783,-0.0847793701033561));
#10636=CARTESIAN_POINT('',(4.12084896787548E-10,-0.01443839576556,-0.0847793178064007));
#10637=CARTESIAN_POINT('',(-0.00145492868024571,-0.014439080625395,-0.0847792011779819));
#10638=CARTESIAN_POINT('',(-0.00361873151341685,-0.0143574291972071,-0.0847367813038672));
#10639=CARTESIAN_POINT('',(-0.00609759176463564,-0.0141194220537366,-0.08461895423734));
#10640=CARTESIAN_POINT('',(-0.00751453823131049,-0.0139401907149516,-0.0845314297061684));
#10641=CARTESIAN_POINT('',(-0.00853995189338665,-0.0137907057704511,-0.0844588143875134));
#10642=CARTESIAN_POINT('',(-0.0096813553100004,-0.0135992738184307,-0.0843668951973934));
#10643=CARTESIAN_POINT('',(-0.0111250935448831,-0.013320701412643,-0.0842361068016954));
#10644=CARTESIAN_POINT('',(-0.0128889274710378,-0.0129142528092356,-0.084051510361403));
#10645=CARTESIAN_POINT('',(-0.0145767717493927,-0.0124313121456645,-0.0838439413419774));
#10646=CARTESIAN_POINT('',(-0.015710449084405,-0.0120571452547198,-0.0836900650248543));
#10647=CARTESIAN_POINT('',(-0.0163618634227572,-0.0118261683095787,-0.0835972840916877));
#10648=CARTESIAN_POINT('',(-0.016802689112575,-0.0116636635318058,-0.0835328390543966));
#10649=CARTESIAN_POINT('',(-0.0173989120319042,-0.0114327379871996,-0.0834428311589883));
#10650=CARTESIAN_POINT('',(-0.0181170791950804,-0.011138033392477,-0.0833305156009806));
#10651=CARTESIAN_POINT('',(-0.0193545141936142,-0.0105898386215995,-0.083128266566898));
#10652=CARTESIAN_POINT('',(-0.0209729256076218,-0.00974935739714046,-0.0828409739372222));
#10653=CARTESIAN_POINT('',(-0.0224228356542106,-0.0088179490145517,-0.0825605067299088));
#10654=CARTESIAN_POINT('',(-0.023335674910467,-0.00812894090595993,-0.0823745609702747));
#10655=CARTESIAN_POINT('',(-0.0238431695959305,-0.00771083730732673,-0.0822685389014261));
#10656=CARTESIAN_POINT('',(-0.0241756200179525,-0.00742336342996102,-0.0821981178829897));
#10657=CARTESIAN_POINT('',(-0.0246280308437742,-0.00700522902056398,-0.0821006233297542));
#10658=CARTESIAN_POINT('',(-0.0251480851851175,-0.00648304659988531,-0.081986441627195));
#10659=CARTESIAN_POINT('',(-0.0257550543529661,-0.00579853723763648,-0.0818501312154047));
#10660=CARTESIAN_POINT('',(-0.0262719201629735,-0.00510357453372371,-0.0817309958730607));
#10661=CARTESIAN_POINT('',(-0.0266433467469845,-0.00452344697458124,-0.0816440359821967));
#10662=CARTESIAN_POINT('',(-0.026882785600589,-0.00411115660334511,-0.0815874501021839));
#10663=CARTESIAN_POINT('',(-0.0271535886151641,-0.00358247497250393,-0.0815227842667));
#10664=CARTESIAN_POINT('',(-0.0274455083051623,-0.00291265997540703,-0.081452364362597));
#10665=CARTESIAN_POINT('',(-0.0277319492329573,-0.00205331785366272,-0.0813824812444501));
#10666=CARTESIAN_POINT('',(-0.0279341402268038,-0.00101597930972194,-0.0813327788906713));
#10667=CARTESIAN_POINT('',(-0.0279993865216243,4.01123892885035E-5,-0.0813167016041224));
#10668=CARTESIAN_POINT('',(-0.0279253714623367,0.0010927840946189,-0.0813347871911713));
#10669=CARTESIAN_POINT('',(-0.0277129341063093,0.00213004317650148,-0.0813870052294947));
#10670=CARTESIAN_POINT('',(-0.0274168161588374,0.00299006111933282,-0.0814592347606084));
#10671=CARTESIAN_POINT('',(-0.0271169134423976,0.00366067125173527,-0.0815315297503874));
#10672=CARTESIAN_POINT('',(-0.0268386977615698,0.00419151765581906,-0.0815978820271081));
#10673=CARTESIAN_POINT('',(-0.0265957541255298,0.00460142135835523,-0.081655194130362));
#10674=CARTESIAN_POINT('',(-0.0262190358407098,0.00517938043197565,-0.0817432136773242));
#10675=CARTESIAN_POINT('',(-0.0256970680132825,0.00587031048406017,-0.0818632345268245));
#10676=CARTESIAN_POINT('',(-0.0250863968970097,0.00654972036397859,-0.0820000354493208));
#10677=CARTESIAN_POINT('',(-0.0245641875140817,0.00706738160568187,-0.0821144166417307));
#10678=CARTESIAN_POINT('',(-0.0241109593134711,0.00748105382723311,-0.0822118756746551));
#10679=CARTESIAN_POINT('',(-0.0237768116345045,0.00776655219701237,-0.0822825020534132));
#10680=CARTESIAN_POINT('',(-0.0232678712557553,0.00818117224794573,-0.0823885642942131));
#10681=CARTESIAN_POINT('',(-0.0223533693256867,0.00886452602300084,-0.0825743363290126));
#10682=CARTESIAN_POINT('',(-0.0209042600222842,0.0097877419830651,-0.0828537356443125));
#10683=CARTESIAN_POINT('',(-0.019290595897797,0.0106203057646807,-0.0831391686959283));
#10684=CARTESIAN_POINT('',(-0.0180588629404844,0.0111629265489774,-0.0833398039084438));
#10685=CARTESIAN_POINT('',(-0.0173442514703731,0.0114546182891818,-0.0834511982113866));
#10686=CARTESIAN_POINT('',(-0.0167519152951273,0.0116828765052212,-0.0835403446710219));
#10687=CARTESIAN_POINT('',(-0.0163118132277406,0.0118443251570625,-0.0836044922868549));
#10688=CARTESIAN_POINT('',(-0.0156626496742526,0.0120734065446897,-0.0836966684192584));
#10689=CARTESIAN_POINT('',(-0.0145327717227595,0.0124446641053491,-0.0838495613944551));
#10690=CARTESIAN_POINT('',(-0.0128516455161448,0.0129237688223962,-0.0840556674347042));
#10691=CARTESIAN_POINT('',(-0.0110962026581475,0.0133269680165289,-0.0842388760712741));
#10692=CARTESIAN_POINT('',(-0.00965939818106092,0.0136033842543113,-0.0843687155222589));
#10693=CARTESIAN_POINT('',(-0.00852548761426769,0.013793091465618,-0.0844598665199871));
#10694=CARTESIAN_POINT('',(-0.00750092768069803,0.0139421070191036,-0.0845323191844555));
#10695=CARTESIAN_POINT('',(-0.00608729960126576,0.0141204487157097,-0.0846194960592892));
#10696=CARTESIAN_POINT('',(-0.0036128881254583,0.0143574491809389,-0.0847369573389621));
#10697=CARTESIAN_POINT('',(-0.0014527724807196,0.0144387919412399,-0.0847792503411893));
#10698=CARTESIAN_POINT('',(2.62327847485643E-10,0.0144381901772412,-0.0847793528189939));
#10699=CARTESIAN_POINT('',(2.06042961911851E-10,-0.0144384111562006,-0.0847794081771064));
#10700=CARTESIAN_POINT('',(6.40427613027437E-18,-0.00135887429768068,-0.0826753679597903));
#10701=CARTESIAN_POINT('',(7.15293691940156E-18,-0.00571871532282594,-0.0833767432580498));
#10702=CARTESIAN_POINT('',(2.90632089873247E-18,-0.0100785563479721,-0.0840781185563036));
#10703=CARTESIAN_POINT('',(3.65498168785731E-18,-0.0144383973731187,-0.084779493854555));
#10704=CARTESIAN_POINT('',(-0.0170000000000121,0.000819494268015915,-0.082464098209458));
#10705=CARTESIAN_POINT('',(-0.0175939990749506,0.000767329853607841,-0.0824492853565944));
#10706=CARTESIAN_POINT('',(-0.0183926477769519,0.000685199355274627,-0.0824283022176126));
#10707=CARTESIAN_POINT('',(-0.0191526830350914,0.000584537970208654,-0.0824072037699075));
#10708=CARTESIAN_POINT('',(-0.0195494789853828,0.000523423158483691,-0.0823959182202352));
#10709=CARTESIAN_POINT('',(-0.0197965491654475,0.0004819065074083,-0.0823887998240967));
#10710=CARTESIAN_POINT('',(-0.0201230682183688,0.000419709013616051,-0.0823792807054541));
#10711=CARTESIAN_POINT('',(-0.0204628497010638,0.000342916248001346,-0.0823692457411095));
#10712=CARTESIAN_POINT('',(-0.0209379250017993,0.000204464125812458,-0.0823549742978224));
#10713=CARTESIAN_POINT('',(-0.021188883202367,-6.04186413531836E-6,-0.082346886416543));
#10714=CARTESIAN_POINT('',(-0.0209190784318986,-0.000223927552759616,-0.0823558625247766));
#10715=CARTESIAN_POINT('',(-0.0198992899595699,-0.000507596114283341,-0.0823873704969841));
#10716=CARTESIAN_POINT('',(-0.0183634244693921,-0.000699825108841492,-0.0824301127421493));
#10717=CARTESIAN_POINT('',(-0.017,-0.00081957567337238,-0.0824641213269445));
#10718=CARTESIAN_POINT('',(-8.89476736622846E-11,-0.0826753574979311,-0.0013588526057686));
#10719=CARTESIAN_POINT('',(-0.00150153854670082,-0.0826753532781158,-0.00135893177196234));
#10720=CARTESIAN_POINT('',(-0.00300812291805652,-0.0826704085087795,-0.00134922017833824));
#10721=CARTESIAN_POINT('',(-0.00688735235281068,-0.0826447910805448,-0.00129728273999257));
#10722=CARTESIAN_POINT('',(-0.00919736020218545,-0.0826171094710837,-0.00124155614206001));
#10723=CARTESIAN_POINT('',(-0.012554770150701,-0.0825610502003325,-0.00110626907975664));
#10724=CARTESIAN_POINT('',(-0.0136646540231211,-0.0825396415102168,-0.00105202403110515));
#10725=CARTESIAN_POINT('',(-0.0157728328456368,-0.0824942513583548,-0.000921609667222811));
#10726=CARTESIAN_POINT('',(-0.0167734242055746,-0.0824702553693842,-0.000846352249676692));
#10727=CARTESIAN_POINT('',(-0.018626995623978,-0.0824222793314379,-0.000661409932779499));
#10728=CARTESIAN_POINT('',(-0.0194505176737581,-0.0823990159166613,-0.000554825779044636));
#10729=CARTESIAN_POINT('',(-0.0203893227186119,-0.0823714341575436,-0.000363967157608518));
#10730=CARTESIAN_POINT('',(-0.0206403948103114,-0.0823638587328715,-0.000296406612703165));
#10731=CARTESIAN_POINT('',(-0.0209923138274943,-0.0823531436443519,-0.000154968448470082));
#10732=CARTESIAN_POINT('',(-0.021091379478794,-0.0823500732612403,-7.85484959758434E-5));
#10733=CARTESIAN_POINT('',(-0.02109597809927,-0.0823499311019852,7.1312565710048E-5));
#10734=CARTESIAN_POINT('',(-0.0210099988170502,-0.0823525988106452,0.000144368004501479));
#10735=CARTESIAN_POINT('',(-0.0206668884418936,-0.0823630578946887,0.000288800936657528));
#10736=CARTESIAN_POINT('',(-0.0204175827428396,-0.0823705920289074,0.000356691639214716));
#10737=CARTESIAN_POINT('',(-0.0198058505532062,-0.0823885876818507,0.000483935680667494));
#10738=CARTESIAN_POINT('',(-0.0194388943103363,-0.082399165171658,0.00054376836896859));
#10739=CARTESIAN_POINT('',(-0.0186449395340369,-0.0824212730648798,0.000652372705333606));
#10740=CARTESIAN_POINT('',(-0.0182119584645408,-0.0824329857214655,0.000702352860797603));
#10741=CARTESIAN_POINT('',(-0.0168312285731819,-0.0824688249436271,0.000841452326327606));
#10742=CARTESIAN_POINT('',(-0.0158154115134737,-0.0824932738505944,0.000918621810791293));
#10743=CARTESIAN_POINT('',(-0.0137041591390614,-0.0825388496214789,0.00104992477595181));
#10744=CARTESIAN_POINT('',(-0.0125919870816556,-0.0825603699440281,0.00110455698912662));
#10745=CARTESIAN_POINT('',(-0.00922487189520786,-0.0826167624656555,0.00124086904785724));
#10746=CARTESIAN_POINT('',(-0.00689595886526032,-0.082644725540159,0.00129714731522078));
#10747=CARTESIAN_POINT('',(-0.00300844121830711,-0.0826704119219827,0.00134922884590931));
#10748=CARTESIAN_POINT('',(-0.00150267107721351,-0.0826753693981296,0.00135896539218164));
#10749=CARTESIAN_POINT('',(-8.79319170645279E-11,-0.0826753679597897,0.00135887429768472));
#10750=CARTESIAN_POINT('',(1.17969711798706E-10,-0.0847793873877181,-0.014438196064459));
#10751=CARTESIAN_POINT('',(-0.00199146412037873,-0.0847793425613871,-0.0144390372489231));
#10752=CARTESIAN_POINT('',(-0.00398962070080463,-0.0847268029871398,-0.0143358488175025));
#10753=CARTESIAN_POINT('',(-0.00913457700382944,-0.0844546104334364,-0.0137839985752877));
#10754=CARTESIAN_POINT('',(-0.0121982960661271,-0.0841604859487593,-0.0131918887898379));
#10755=CARTESIAN_POINT('',(-0.0166511757693031,-0.0835648395488942,-0.0117544235743972));
#10756=CARTESIAN_POINT('',(-0.0181231937148418,-0.0833373663626319,-0.0111780550800035));
#10757=CARTESIAN_POINT('',(-0.0209192349721874,-0.0828550830307338,-0.00979236520323142));
#10758=CARTESIAN_POINT('',(-0.0222463008336601,-0.0826001190403017,-0.00899273456409241));
#10759=CARTESIAN_POINT('',(-0.0247046625025836,-0.0820903595513469,-0.00702766814795044));
#10760=CARTESIAN_POINT('',(-0.0257968840656746,-0.0818431794575546,-0.0058951826921539));
#10761=CARTESIAN_POINT('',(-0.027042005603262,-0.0815501152504848,-0.00386725436769794));
#10762=CARTESIAN_POINT('',(-0.0273749979766623,-0.0814696242499052,-0.00314940458755553));
#10763=CARTESIAN_POINT('',(-0.0278417420013855,-0.0813557733987709,-0.00164658402278695));
#10764=CARTESIAN_POINT('',(-0.0279731311511913,-0.0813231496805643,-0.000834584808957829));
#10765=CARTESIAN_POINT('',(-0.0279792301043423,-0.0813216392270786,0.000757700988552818));
#10766=CARTESIAN_POINT('',(-0.0278651973237825,-0.0813499843787896,0.00153395119927322));
#10767=CARTESIAN_POINT('',(-0.0274101359938722,-0.081461115122713,0.00306859219945962));
#10768=CARTESIAN_POINT('',(-0.027079486159106,-0.0815411674466754,0.00378995027784007));
#10769=CARTESIAN_POINT('',(-0.0262681563556849,-0.0817323763860673,0.00514195446945068));
#10770=CARTESIAN_POINT('',(-0.0257814686559054,-0.0818447652272163,0.00577769382063231));
#10771=CARTESIAN_POINT('',(-0.0247284601850531,-0.082079667892945,0.00693164584428018));
#10772=CARTESIAN_POINT('',(-0.0241542050421761,-0.0822041181753528,0.00746269911480354));
#10773=CARTESIAN_POINT('',(-0.0223229664920282,-0.0825849202084808,0.00894067090340067));
#10774=CARTESIAN_POINT('',(-0.0209757062746114,-0.0828446967403653,0.00976061840053459));
#10775=CARTESIAN_POINT('',(-0.0181755887123427,-0.0833289523111504,0.0111557498729277));
#10776=CARTESIAN_POINT('',(-0.0167005360808508,-0.083557611612274,0.011736232075376));
#10777=CARTESIAN_POINT('',(-0.0122347840658375,-0.0841567989564268,0.0131845883148985));
#10778=CARTESIAN_POINT('',(-0.00914599166062819,-0.084453914048747,0.0137825596496845));
#10779=CARTESIAN_POINT('',(-0.00399004286445178,-0.0847268392530159,0.0143359409121482));
#10780=CARTESIAN_POINT('',(-0.00199296618118304,-0.0847795138408617,0.0144393944728049));
#10781=CARTESIAN_POINT('',(1.16622620848633E-10,-0.0847794985478098,0.0144384265469781));
#10782=CARTESIAN_POINT('',(-5.00887547441056E-18,-0.0847793864901244,-0.0144381904847871));
#10783=CARTESIAN_POINT('',(-6.42956265913968E-18,-0.0840780434927312,-0.0100784111917786));
#10784=CARTESIAN_POINT('',(-5.62662693642588E-18,-0.0833767004953351,-0.00571863189877066));
#10785=CARTESIAN_POINT('',(-7.04731412115578E-18,-0.0826753574979313,-0.00135885260576391));
#10786=CARTESIAN_POINT('',(-3.83814753523267E-18,-0.0847793701033532,-0.0144381931208717));
#10787=CARTESIAN_POINT('',(-1.11830669592899E-17,-0.0847793178063962,0.0144383957655533));
#10788=CARTESIAN_POINT('',(-0.000713997867461109,-0.0847792605716878,0.0144387318360983));
#10789=CARTESIAN_POINT('',(-0.00212161660730031,-0.0847662951378317,0.0144124307194948));
#10790=CARTESIAN_POINT('',(-0.00429286298525806,-0.0847046340207333,0.014290945335991));
#10791=CARTESIAN_POINT('',(-0.00603331980772758,-0.0846224111045555,0.0141246304391314));
#10792=CARTESIAN_POINT('',(-0.00745647087925422,-0.0845356229361694,0.0139484766691536));
#10793=CARTESIAN_POINT('',(-0.00858483085838846,-0.0844552959062994,0.0137834705396572));
#10794=CARTESIAN_POINT('',(-0.00955990680202078,-0.0843767758922242,0.0136199287873658));
#10795=CARTESIAN_POINT('',(-0.0106037648436938,-0.0842839677329959,0.0134228896353413));
#10796=CARTESIAN_POINT('',(-0.0114891212824474,-0.0841968372551907,0.0132332450594252));
#10797=CARTESIAN_POINT('',(-0.0122003984991457,-0.0841220160007662,0.0130672264978909));
#10798=CARTESIAN_POINT('',(-0.0127733203845904,-0.0840588095526421,0.0129249358520835));
#10799=CARTESIAN_POINT('',(-0.0132259596464831,-0.084006795906182,0.0128065416277573));
#10800=CARTESIAN_POINT('',(-0.0138857792479796,-0.0839284004116611,0.0126263338540985));
#10801=CARTESIAN_POINT('',(-0.0147174444979918,-0.0838240243205523,0.0123816602819196));
#10802=CARTESIAN_POINT('',(-0.0155794744077274,-0.0837082806225718,0.0121019685998779));
#10803=CARTESIAN_POINT('',(-0.0162031384214373,-0.0836200378749064,0.0118830327529771));
#10804=CARTESIAN_POINT('',(-0.0165529796770797,-0.083569341568972,0.0117557149711245));
#10805=CARTESIAN_POINT('',(-0.0168474259372276,-0.0835258658153088,0.0116454594939466));
#10806=CARTESIAN_POINT('',(-0.0170288484789118,-0.0834986666380391,0.0115760074770558));
#10807=CARTESIAN_POINT('',(-0.0173186104279633,-0.0834547859645216,0.0114634281021986));
#10808=CARTESIAN_POINT('',(-0.0178238721788193,-0.0833767377851491,0.0112608504142977));
#10809=CARTESIAN_POINT('',(-0.0186058429411264,-0.0832515232765646,0.0109267142388805));
#10810=CARTESIAN_POINT('',(-0.0194449845497008,-0.0831101520411637,0.0105298057301555));
#10811=CARTESIAN_POINT('',(-0.0200699581565279,-0.0830004389032413,0.0102075716021915));
#10812=CARTESIAN_POINT('',(-0.0204273771937179,-0.0829364294913716,0.0100154302161037));
#10813=CARTESIAN_POINT('',(-0.0207230664870046,-0.0828826484032855,0.00985142655646732));
#10814=CARTESIAN_POINT('',(-0.0209335039603763,-0.0828438942981822,0.00973126729055643));
#10815=CARTESIAN_POINT('',(-0.0212430712310448,-0.0827863865601865,0.00955016671429176));
#10816=CARTESIAN_POINT('',(-0.021768743279597,-0.0826871507136224,0.00922931026640529));
#10817=CARTESIAN_POINT('',(-0.022524531251086,-0.0825395784074567,0.00873317024603249));
#10818=CARTESIAN_POINT('',(-0.0232533382259876,-0.0823914983622391,0.00819551745949412));
#10819=CARTESIAN_POINT('',(-0.023809295391655,-0.0822756887024907,0.00774009907159412));
#10820=CARTESIAN_POINT('',(-0.024176989284254,-0.0821978526209256,0.00742292788994014));
#10821=CARTESIAN_POINT('',(-0.0246564279827583,-0.082094534576942,0.00697770941635535));
#10822=CARTESIAN_POINT('',(-0.025201380978892,-0.0819749202911794,0.0064232146607643));
#10823=CARTESIAN_POINT('',(-0.0258179982009246,-0.0818362618005471,0.00571502287356686));
#10824=CARTESIAN_POINT('',(-0.0263237263824822,-0.081719184956667,0.00502167195887154));
#10825=CARTESIAN_POINT('',(-0.0266217377258039,-0.0816491611585884,0.00455460217126726));
#10826=CARTESIAN_POINT('',(-0.0267817980743662,-0.0816113101354419,0.00428288258214064));
#10827=CARTESIAN_POINT('',(-0.0268802569944769,-0.0815879620688035,0.00410838885755502));
#10828=CARTESIAN_POINT('',(-0.0270252517121326,-0.0815534622469794,0.00383411034808937));
#10829=CARTESIAN_POINT('',(-0.0271876496244034,-0.0815146452587789,0.00350038003485024));
#10830=CARTESIAN_POINT('',(-0.0274502007621282,-0.0814515289049345,0.0028957880340928));
#10831=CARTESIAN_POINT('',(-0.0278463482333753,-0.0813550977846569,0.00168213534119641));
#10832=CARTESIAN_POINT('',(-0.0280675254202723,-0.0812994622385506,-4.1608889902032E-5));
#10833=CARTESIAN_POINT('',(-0.0278319569854186,-0.0813584925816406,-0.00175502062320108));
#10834=CARTESIAN_POINT('',(-0.0274224459965989,-0.0814581847063212,-0.0029712591210463));
#10835=CARTESIAN_POINT('',(-0.0271522745514783,-0.0815230840906251,-0.00357769434051397));
#10836=CARTESIAN_POINT('',(-0.0269855001695423,-0.0815629045133485,-0.00391253121403239));
#10837=CARTESIAN_POINT('',(-0.0268364094890492,-0.0815983304703168,-0.00418838399692167));
#10838=CARTESIAN_POINT('',(-0.0267363204883696,-0.0816220255945717,-0.0043620960316345));
#10839=CARTESIAN_POINT('',(-0.026573346826182,-0.081660492977579,-0.00463336634814388));
#10840=CARTESIAN_POINT('',(-0.0262712828041429,-0.0817313217693133,-0.00509848640465319));
#10841=CARTESIAN_POINT('',(-0.0257578561711561,-0.081849844475568,-0.0057901133771484));
#10842=CARTESIAN_POINT('',(-0.0251453554440531,-0.0819873298102199,-0.00648602496347715));
#10843=CARTESIAN_POINT('',(-0.0246527277504566,-0.0820951145508844,-0.00697857138166739));
#10844=CARTESIAN_POINT('',(-0.0243665977592144,-0.0821569712362961,-0.00724843536502645));
#10845=CARTESIAN_POINT('',(-0.0241115395078779,-0.0822115676435006,-0.00747776448387891));
#10846=CARTESIAN_POINT('',(-0.0239720806116567,-0.0822411795834675,-0.0075986558110621));
#10847=CARTESIAN_POINT('',(-0.0237254095298338,-0.0822932776248275,-0.00780859943913365));
#10848=CARTESIAN_POINT('',(-0.0233985897663912,-0.0823614077920875,-0.00807414342210269));
#10849=CARTESIAN_POINT('',(-0.0229610146131827,-0.0824510903884339,-0.00841102677094543));
#10850=CARTESIAN_POINT('',(-0.0224289997717783,-0.0825576379927802,-0.00879182344758095));
#10851=CARTESIAN_POINT('',(-0.0220085950256498,-0.0826399713965405,-0.00907417936239718));
#10852=CARTESIAN_POINT('',(-0.0215551515631785,-0.0827271812867928,-0.00936452158526617));
#10853=CARTESIAN_POINT('',(-0.0210990008560359,-0.082813046954215,-0.00963921927259307));
#10854=CARTESIAN_POINT('',(-0.0206656363535811,-0.0828933338037066,-0.00988608575416711));
#10855=CARTESIAN_POINT('',(-0.0201249264570154,-0.0829911742061033,-0.0101772689843304));
#10856=CARTESIAN_POINT('',(-0.0194559551043505,-0.0831086456377279,-0.0105196523068513));
#10857=CARTESIAN_POINT('',(-0.0186264241591982,-0.0832486029165175,-0.0109137856739484));
#10858=CARTESIAN_POINT('',(-0.0178417228071051,-0.0833742528038743,-0.0112524681443074));
#10859=CARTESIAN_POINT('',(-0.0172172419921047,-0.0834703712551437,-0.0115035889932321));
#10860=CARTESIAN_POINT('',(-0.0168035603615322,-0.0835326463596048,-0.0116633152852197));
#10861=CARTESIAN_POINT('',(-0.0162322424403307,-0.0836161124887582,-0.0118735993329845));
#10862=CARTESIAN_POINT('',(-0.0155391399248516,-0.0837137276628487,-0.0121151666315443));
#10863=CARTESIAN_POINT('',(-0.0146718621429022,-0.0838299738639617,-0.0123958295489184));
#10864=CARTESIAN_POINT('',(-0.0138453328439194,-0.0839333355845616,-0.0126377939423378));
#10865=CARTESIAN_POINT('',(-0.013187449804111,-0.0840112795322734,-0.0128168439780171));
#10866=CARTESIAN_POINT('',(-0.0127356707459624,-0.0840630326773822,-0.012934578402742));
#10867=CARTESIAN_POINT('',(-0.0121664589429874,-0.0841256420201241,-0.0130754681240098));
#10868=CARTESIAN_POINT('',(-0.0114589421549353,-0.0841998594689652,-0.0132400905968819));
#10869=CARTESIAN_POINT('',(-0.0105783824107274,-0.0842862927917309,-0.0134281617869022));
#10870=CARTESIAN_POINT('',(-0.00953958368197454,-0.0843784411068637,-0.0136237302861919));
#10871=CARTESIAN_POINT('',(-0.00856955813467383,-0.0844564162546837,-0.0137859978374611));
#10872=CARTESIAN_POINT('',(-0.00744446009812947,-0.0845363946610492,-0.0139501354998125));
#10873=CARTESIAN_POINT('',(-0.00602549742686594,-0.0846227971821183,-0.014125449234337));
#10874=CARTESIAN_POINT('',(-0.00429028205872905,-0.0847047241747921,-0.0142910315319873));
#10875=CARTESIAN_POINT('',(-0.00211953357756088,-0.0847663766073983,-0.0144122309223949));
#10876=CARTESIAN_POINT('',(-0.000713383723621866,-0.08477930249727,-0.0144384856734175));
#10877=CARTESIAN_POINT('',(2.62328006590025E-10,-0.084779352818991,-0.0144381901772347));
#10878=CARTESIAN_POINT('',(2.0604294777805E-10,-0.0847794081771019,0.014438411156194));
#10879=CARTESIAN_POINT('',(-5.22652893360116E-18,-0.0826753679597897,0.00135887429767939));
#10880=CARTESIAN_POINT('',(-6.47545157125818E-18,-0.083376743258048,0.00571871532282287));
#10881=CARTESIAN_POINT('',(6.60493200382033E-19,-0.0840781185563004,0.0100785563479673));
#10882=CARTESIAN_POINT('',(-5.88429437276395E-19,-0.0847794938545504,0.0144383973731121));
#10883=CARTESIAN_POINT('',(-0.0170000000000121,-0.082464098209453,-0.000819494268019841));
#10884=CARTESIAN_POINT('',(-0.0175939990750012,-0.0824492853565881,-0.000767329853607316));
#10885=CARTESIAN_POINT('',(-0.0183926477770305,-0.0824283022176061,-0.000685199355271695));
#10886=CARTESIAN_POINT('',(-0.0191526830351035,-0.0824072037699027,-0.000584537970213515));
#10887=CARTESIAN_POINT('',(-0.0195494789853457,-0.0823959182202312,-0.000523423158492934));
#10888=CARTESIAN_POINT('',(-0.0197965491653209,-0.0823887998240946,-0.000481906507429423));
#10889=CARTESIAN_POINT('',(-0.0201230682182925,-0.0823792807054495,-0.000419709013622394));
#10890=CARTESIAN_POINT('',(-0.0204628497010013,-0.0823692457411042,-0.00034291624800214));
#10891=CARTESIAN_POINT('',(-0.0209379250017752,-0.082354974297817,-0.000204464125804988));
#10892=CARTESIAN_POINT('',(-0.0211888832023537,-0.0823468864165388,6.04186409696513E-6));
#10893=CARTESIAN_POINT('',(-0.0209190784318827,-0.0823558625247705,0.000223927552746789));
#10894=CARTESIAN_POINT('',(-0.0198992899595593,-0.0823873704969785,0.000507596114272491));
#10895=CARTESIAN_POINT('',(-0.0183634244693869,-0.0824301127421441,0.000699825108835158));
#10896=CARTESIAN_POINT('',(-0.017,-0.0824641213269393,0.000819575673366135));
#10897=CARTESIAN_POINT('',(-8.89477112841E-11,-0.0013588526057664,0.0826753574979299));
#10898=CARTESIAN_POINT('',(-0.0015015385466998,-0.00135893177196014,0.0826753532781147));
#10899=CARTESIAN_POINT('',(-0.00300812291805442,-0.00134922017833604,0.0826704085087784));
#10900=CARTESIAN_POINT('',(-0.00688735235280595,-0.00129728273999043,0.0826447910805438));
#10901=CARTESIAN_POINT('',(-0.00919736020217908,-0.00124155614205793,0.0826171094710827));
#10902=CARTESIAN_POINT('',(-0.012554770150692,-0.00110626907975469,0.0825610502003318));
#10903=CARTESIAN_POINT('',(-0.0136646540231112,-0.00105202403110326,0.0825396415102161));
#10904=CARTESIAN_POINT('',(-0.015772832845625,-0.000921609667221072,0.0824942513583542));
#10905=CARTESIAN_POINT('',(-0.016773424205562,-0.000846352249675053,0.0824702553693838));
#10906=CARTESIAN_POINT('',(-0.0186269956239634,-0.000661409932778098,0.0824222793314376));
#10907=CARTESIAN_POINT('',(-0.0194505176737422,-0.000554825779043409,0.0823990159166611));
#10908=CARTESIAN_POINT('',(-0.0203893227185949,-0.000363967157607601,0.0823714341575435));
#10909=CARTESIAN_POINT('',(-0.0206403948102939,-0.000296406612702377,0.0823638587328715));
#10910=CARTESIAN_POINT('',(-0.0209923138274762,-0.000154968448469567,0.0823531436443518));
#10911=CARTESIAN_POINT('',(-0.0210913794787757,-7.85484959754878E-5,0.0823500732612403));
#10912=CARTESIAN_POINT('',(-0.0210959780992517,7.13125657100848E-5,0.0823499311019852));
#10913=CARTESIAN_POINT('',(-0.021009998817032,0.000144368004501364,0.0823525988106452));
#10914=CARTESIAN_POINT('',(-0.0206668884418761,0.000288800936657143,0.0823630578946887));
#10915=CARTESIAN_POINT('',(-0.0204175827428223,0.000356691639214188,0.0823705920289074));
#10916=CARTESIAN_POINT('',(-0.0198058505531899,0.000483935680666758,0.0823885876818506));
#10917=CARTESIAN_POINT('',(-0.0194388943103205,0.000543768368967749,0.0823991651716578));
#10918=CARTESIAN_POINT('',(-0.0186449395340222,0.000652372705332596,0.0824212730648796));
#10919=CARTESIAN_POINT('',(-0.0182119584645265,0.000702352860796518,0.0824329857214652));
#10920=CARTESIAN_POINT('',(-0.0168312285731689,0.000841452326326324,0.0824688249436267));
#10921=CARTESIAN_POINT('',(-0.0158154115134619,0.000918621810789905,0.0824932738505939));
#10922=CARTESIAN_POINT('',(-0.0137041591390514,0.00104992477595028,0.0825388496214784));
#10923=CARTESIAN_POINT('',(-0.0125919870816465,0.00110455698912502,0.0825603699440274));
#10924=CARTESIAN_POINT('',(-0.00922487189520128,0.0012408690478555,0.0826167624656547));
#10925=CARTESIAN_POINT('',(-0.00689595886525551,0.00129714731521897,0.0826447255401582));
#10926=CARTESIAN_POINT('',(-0.00300844121830498,0.00134922884590745,0.0826704119219817));
#10927=CARTESIAN_POINT('',(-0.00150267107721248,0.00135896539217978,0.0826753693981287));
#10928=CARTESIAN_POINT('',(-8.79319140287618E-11,0.00135887429768285,0.0826753679597887));
#10929=CARTESIAN_POINT('',(1.17969672659007E-10,-0.0144381960644646,0.0847793873877115));
#10930=CARTESIAN_POINT('',(-0.00199146412037838,-0.0144390372489287,0.0847793425613806));
#10931=CARTESIAN_POINT('',(-0.00398962070080387,-0.014335848817508,0.0847268029871333));
#10932=CARTESIAN_POINT('',(-0.00913457700382777,-0.0137839985752926,0.0844546104334302));
#10933=CARTESIAN_POINT('',(-0.0121982960661248,-0.0131918887898422,0.0841604859487534));
#10934=CARTESIAN_POINT('',(-0.0166511757692997,-0.0117544235744003,0.0835648395488889));
#10935=CARTESIAN_POINT('',(-0.0181231937148378,-0.0111780550800062,0.083337366362627));
#10936=CARTESIAN_POINT('',(-0.0209192349721824,-0.00979236520323306,0.0828550830307295));
#10937=CARTESIAN_POINT('',(-0.0222463008336545,-0.00899273456409359,0.0826001190402978));
#10938=CARTESIAN_POINT('',(-0.0247046625025767,-0.00702766814795047,0.0820903595513438));
#10939=CARTESIAN_POINT('',(-0.0257968840656666,-0.00589518269215355,0.0818431794575519));
#10940=CARTESIAN_POINT('',(-0.027042005603253,-0.00386725436769721,0.0815501152504829));
#10941=CARTESIAN_POINT('',(-0.0273749979766529,-0.00314940458755479,0.0814696242499034));
#10942=CARTESIAN_POINT('',(-0.0278417420013755,-0.00164658402278632,0.0813557733987695));
#10943=CARTESIAN_POINT('',(-0.0279731311511812,-0.000834584808957341,0.081323149680563));
#10944=CARTESIAN_POINT('',(-0.0279792301043322,0.000757700988552894,0.0813216392270773));
#10945=CARTESIAN_POINT('',(-0.0278651973237725,0.00153395119927317,0.0813499843787883));
#10946=CARTESIAN_POINT('',(-0.0274101359938627,0.00306859219945954,0.0814611151227116));
#10947=CARTESIAN_POINT('',(-0.0270794861590969,0.00378995027783986,0.0815411674466738));
#10948=CARTESIAN_POINT('',(-0.0262681563556765,0.00514195446945072,0.0817323763860655));
#10949=CARTESIAN_POINT('',(-0.0257814686558975,0.00577769382063248,0.0818447652272143));
#10950=CARTESIAN_POINT('',(-0.0247284601850461,0.00693164584428077,0.0820796678929427));
#10951=CARTESIAN_POINT('',(-0.0241542050421694,0.00746269911480429,0.0822041181753504));
#10952=CARTESIAN_POINT('',(-0.0223229664920223,0.0089406709034022,0.082584920208478));
#10953=CARTESIAN_POINT('',(-0.0209757062746063,0.00976061840053656,0.0828446967403621));
#10954=CARTESIAN_POINT('',(-0.0181755887123386,0.0111557498729307,0.0833289523111468));
#10955=CARTESIAN_POINT('',(-0.0167005360808472,0.0117362320753794,0.0835576116122701));
#10956=CARTESIAN_POINT('',(-0.012234784065835,0.0131845883149031,0.0841567989564225));
#10957=CARTESIAN_POINT('',(-0.00914599166062644,0.0137825596496895,0.0844539140487424));
#10958=CARTESIAN_POINT('',(-0.00399004286445101,0.0143359409121538,0.084726839253011));
#10959=CARTESIAN_POINT('',(-0.00199296618118268,0.0144393944728106,0.0847795138408568));
#10960=CARTESIAN_POINT('',(1.16622636352724E-10,0.0144384265469838,0.0847794985478049));
#10961=CARTESIAN_POINT('',(-4.32471741247732E-17,-0.0144381904847927,0.0847793864901179));
#10962=CARTESIAN_POINT('',(-4.35663687361757E-17,-0.0100784111917816,0.0840780434927266));
#10963=CARTESIAN_POINT('',(-4.26152114190269E-17,-0.00571863189877105,0.0833767004953321));
#10964=CARTESIAN_POINT('',(-4.2934406030426E-17,-0.00135885260576171,0.0826753574979302));
#10965=CARTESIAN_POINT('',(-4.10703985281418E-17,-0.0144381931208773,0.0847793701033467));
#10966=CARTESIAN_POINT('',(-4.48694287503478E-17,0.014438395765559,0.0847793178063913));
#10967=CARTESIAN_POINT('',(-0.00145492895538118,0.0144390806253296,0.0847792011709115));
#10968=CARTESIAN_POINT('',(-0.00361873163407412,0.0143574291970919,0.0847367812968581));
#10969=CARTESIAN_POINT('',(-0.00609759179529978,0.0141194220536526,0.0846189542348946));
#10970=CARTESIAN_POINT('',(-0.00751453823560603,0.0139401907149027,0.0845314297057339));
#10971=CARTESIAN_POINT('',(-0.00853995189224603,0.0137907057704598,0.0844588143876172));
#10972=CARTESIAN_POINT('',(-0.00968135531022815,0.0135992738184361,0.0843668951973607));
#10973=CARTESIAN_POINT('',(-0.0111250935445865,0.0133207014126608,0.0842361068017165));
#10974=CARTESIAN_POINT('',(-0.0128889274709439,0.0129142528092551,0.0840515103614078));
#10975=CARTESIAN_POINT('',(-0.0145767717492549,0.0124313121456814,0.0838439413419891));
#10976=CARTESIAN_POINT('',(-0.0157104490843286,0.0120571452547267,0.0836900650248581));
#10977=CARTESIAN_POINT('',(-0.0163618634227064,0.0118261683095835,0.0835972840916874));
#10978=CARTESIAN_POINT('',(-0.0168026891125829,0.0116636635317948,0.083532839054387));
#10979=CARTESIAN_POINT('',(-0.0173989120318416,0.0114327379872239,0.0834428311589882));
#10980=CARTESIAN_POINT('',(-0.0181170791949784,0.0111380333925253,0.0833305156009866));
#10981=CARTESIAN_POINT('',(-0.0193545141934409,0.0105898386216874,0.0831282665669168));
#10982=CARTESIAN_POINT('',(-0.0209729256074142,0.00974935739724823,0.0828409739372525));
#10983=CARTESIAN_POINT('',(-0.0224228356540373,0.00881794901463906,0.0825605067299375));
#10984=CARTESIAN_POINT('',(-0.0233356749103581,0.00812894090600848,0.0823745609702913));
#10985=CARTESIAN_POINT('',(-0.0238431695958667,0.00771083730734926,0.082268538901433));
#10986=CARTESIAN_POINT('',(-0.0241756200179353,0.00742336342995345,0.0821981178829859));
#10987=CARTESIAN_POINT('',(-0.0246280308437799,0.00700522902055129,0.082100623329744));
#10988=CARTESIAN_POINT('',(-0.0251480851851488,0.00648304659986189,0.0819864416271777));
#10989=CARTESIAN_POINT('',(-0.025755054353009,0.00579853723760852,0.0818501312153835));
#10990=CARTESIAN_POINT('',(-0.0262719201630014,0.00510357453370289,0.0817309958730434));
#10991=CARTESIAN_POINT('',(-0.0266433467469893,0.00452344697456485,0.0816440359821864));
#10992=CARTESIAN_POINT('',(-0.0268827856005581,0.0041111566033543,0.0815874501021841));
#10993=CARTESIAN_POINT('',(-0.0271535886151309,0.00358247497246725,0.0815227842667032));
#10994=CARTESIAN_POINT('',(-0.0274455083051183,0.00291265997534805,0.0814523643626044));
#10995=CARTESIAN_POINT('',(-0.0277319492329096,0.00205331785358912,0.0813824812444587));
#10996=CARTESIAN_POINT('',(-0.0279341402267595,0.00101597930966025,0.0813327788906774));
#10997=CARTESIAN_POINT('',(-0.0279993865215968,-4.01123892752982E-5,0.0813167016041222));
#10998=CARTESIAN_POINT('',(-0.0279253714623263,-0.00109278409461003,0.0813347871911654));
#10999=CARTESIAN_POINT('',(-0.0277129341063042,-0.0021300431764837,0.0813870052294873));
#11000=CARTESIAN_POINT('',(-0.0274168161588278,-0.00299006111932032,0.0814592347606025));
#11001=CARTESIAN_POINT('',(-0.0271169134423827,-0.00366067125172388,0.0815315297503834));
#11002=CARTESIAN_POINT('',(-0.0268386977615391,-0.00419151765582579,0.0815978820271082));
#11003=CARTESIAN_POINT('',(-0.0265957541255167,-0.0046014213583228,0.0816551941303585));
#11004=CARTESIAN_POINT('',(-0.0262190358407037,-0.00517938043192339,0.0817432136773199));
#11005=CARTESIAN_POINT('',(-0.0256970680132838,-0.0058703104839929,0.0818632345268193));
#11006=CARTESIAN_POINT('',(-0.025086396897005,-0.00654972036392601,0.0820000354493169));
#11007=CARTESIAN_POINT('',(-0.0245641875140725,-0.00706738160564921,0.0821144166417268));
#11008=CARTESIAN_POINT('',(-0.0241109593134408,-0.00748105382723836,0.0822118756746539));
#11009=CARTESIAN_POINT('',(-0.0237768116345069,-0.0077665521970031,0.0822825020534038));
#11010=CARTESIAN_POINT('',(-0.0232678712557784,-0.00818117224793616,0.0823885642941979));
#11011=CARTESIAN_POINT('',(-0.0223533693257452,-0.00886452602298379,0.0825743363289888));
#11012=CARTESIAN_POINT('',(-0.0209042600223618,-0.00978774198304641,0.0828537356442855));
#11013=CARTESIAN_POINT('',(-0.019290595897858,-0.0106203057646651,0.0831391686959068));
#11014=CARTESIAN_POINT('',(-0.0180588629405154,-0.011162926548967,0.083339803908429));
#11015=CARTESIAN_POINT('',(-0.0173442514703796,-0.0114546182891761,0.0834511982113765));
#11016=CARTESIAN_POINT('',(-0.0167519152951177,-0.0116828765052171,0.0835403446710149));
#11017=CARTESIAN_POINT('',(-0.0163118132276924,-0.0118443251570696,0.0836044922868538));
#11018=CARTESIAN_POINT('',(-0.0156626496741689,-0.0120734065447062,0.0836966684192623));
#11019=CARTESIAN_POINT('',(-0.0145327717226185,-0.01244466410538,0.0838495613944654));
#11020=CARTESIAN_POINT('',(-0.0128516455160172,-0.0129237688224348,0.08405566743471));
#11021=CARTESIAN_POINT('',(-0.0110962026579092,-0.0133269680165603,0.0842388760712874));
#11022=CARTESIAN_POINT('',(-0.00965939818116951,-0.0136033842543266,0.0843687155222366));
#11023=CARTESIAN_POINT('',(-0.00852548761356521,-0.0137930914656189,0.084459866520048));
#11024=CARTESIAN_POINT('',(-0.00750092768335937,-0.0139421070190765,0.0845323191841821));
#11025=CARTESIAN_POINT('',(-0.00608729962066774,-0.0141204487156615,0.0846194960577396));
#11026=CARTESIAN_POINT('',(-0.00361288820210151,-0.0143574491808742,0.0847369573345101));
#11027=CARTESIAN_POINT('',(-0.00145277265577449,-0.0144387919412027,0.0847792503366908));
#11028=CARTESIAN_POINT('',(-4.13330776153476E-17,-0.0144381901772402,0.0847793528189845));
#11029=CARTESIAN_POINT('',(2.06042914075526E-10,0.0144384111561996,0.084779408177097));
#11030=CARTESIAN_POINT('',(-3.64220154453313E-17,0.00135887429767752,0.0826753679597887));
#11031=CARTESIAN_POINT('',(-3.71706762344578E-17,0.0057187153228235,0.0833767432580457));
#11032=CARTESIAN_POINT('',(-4.13808371591781E-17,0.0100785563479704,0.0840781185562968));
#11033=CARTESIAN_POINT('',(-4.21294979483023E-17,0.0144383973731177,0.0847794938545455));
#11034=CARTESIAN_POINT('',(-0.0170000000000121,-0.000819494268030229,0.0824640982094525));
#11035=CARTESIAN_POINT('',(-0.0175939227183626,-0.000767336559175631,0.0824492872607292));
#11036=CARTESIAN_POINT('',(-0.0183924901508425,-0.000685215479116047,0.082428306411797));
#11037=CARTESIAN_POINT('',(-0.019152441632293,-0.000584572022132092,0.0824072105085728));
#11038=CARTESIAN_POINT('',(-0.0195492467799808,-0.000523460207487361,0.0823959249234869));
#11039=CARTESIAN_POINT('',(-0.0197962041235851,-0.000481967541792425,0.0823888095847942));
#11040=CARTESIAN_POINT('',(-0.020123097162186,-0.000419712007420157,0.0823792808722852));
#11041=CARTESIAN_POINT('',(-0.0204630970357806,-0.000342903132082135,0.0823692438461064));
#11042=CARTESIAN_POINT('',(-0.0209384418420124,-0.000204437883887016,0.0823549764014326));
#11043=CARTESIAN_POINT('',(-0.0211889057661418,5.64095694004574E-6,0.082346888641152));
#11044=CARTESIAN_POINT('',(-0.0209183522784602,0.000223889824321177,0.0823558514818746));
#11045=CARTESIAN_POINT('',(-0.0198983258843463,0.000507619513067147,0.082387376064142));
#11046=CARTESIAN_POINT('',(-0.0183628651686302,0.000699864951740695,0.0824301244230582));
#11047=CARTESIAN_POINT('',(-0.0170000000001254,0.000819567514491892,0.0824641190098646));
#11048=CARTESIAN_POINT('',(-0.042,0.08535,-9.59916843623362E-15));
#11049=CARTESIAN_POINT('',(-0.0361290560231279,0.0824274039342266,-0.000764811775533305));
#11050=CARTESIAN_POINT('',(-0.0355242763607477,0.0826821383746785,-0.00143832356097558));
#11051=CARTESIAN_POINT('',(-0.0345788236919002,0.0830720991447892,-0.00199418970034579));
#11052=CARTESIAN_POINT('',(-0.033356556458816,0.0835587179939102,-0.00243116300335898));
#11053=CARTESIAN_POINT('',(-0.0321070164597495,0.0840380504050996,-0.00271481471885316));
#11054=CARTESIAN_POINT('',(-0.030826325478298,0.0845103582579685,-0.00289369804280556));
#11055=CARTESIAN_POINT('',(-0.0295274566587979,0.0849696179213625,-0.00298721060949972));
#11056=CARTESIAN_POINT('',(-0.0277998387920439,0.0855541711287657,-0.00301693762320541));
#11057=CARTESIAN_POINT('',(-0.026067505376391,0.0861009146273325,-0.00292656962380849));
#11058=CARTESIAN_POINT('',(-0.0243310361869843,0.0866091902658959,-0.00273315212469024));
#11059=CARTESIAN_POINT('',(-0.0230269685137427,0.0869710056125846,-0.00253581103515601));
#11060=CARTESIAN_POINT('',(-0.0217188114830074,0.0873139088691652,-0.00228182891206111));
#11061=CARTESIAN_POINT('',(-0.0204173540846864,0.0876351242476355,-0.00196261645823088));
#11062=CARTESIAN_POINT('',(-0.0193455602038276,0.0878833039004192,-0.00162520713450337));
#11063=CARTESIAN_POINT('',(-0.018516124711286,0.0880661992019942,-0.00128623952532431));
#11064=CARTESIAN_POINT('',(-0.0179154018899391,0.0881943588222921,-0.000975848294594834));
#11065=CARTESIAN_POINT('',(-0.0174516380688055,0.0882900213953197,-0.000639741669332899));
#11066=CARTESIAN_POINT('',(-0.0171774260501559,0.088345422663572,-0.000254971602867268));
#11067=CARTESIAN_POINT('',(-0.0171284601306725,0.0883552340336847,0.000104729109427631));
#11068=CARTESIAN_POINT('',(-0.0172843401168556,0.0883238915696718,0.0004284162857841));
#11069=CARTESIAN_POINT('',(-0.0176031700444458,0.0882589501850612,0.00076179389922865));
#11070=CARTESIAN_POINT('',(-0.0180853260352616,0.0881585455943981,0.00107287787667944));
#11071=CARTESIAN_POINT('',(-0.0186924534295648,0.0880277849937061,0.00136349795213113));
#11072=CARTESIAN_POINT('',(-0.0195359865296086,0.0878399749671346,0.00169024418809833));
#11073=CARTESIAN_POINT('',(-0.0206042802461121,0.0875901514581081,0.00201289569881912));
#11074=CARTESIAN_POINT('',(-0.0218962020072623,0.0872685287582425,0.00231972153220764));
#11075=CARTESIAN_POINT('',(-0.023627243427811,0.0868113241569745,0.00264541154853281));
#11076=CARTESIAN_POINT('',(-0.0258079473599879,0.0861855075263144,0.00291996796468492));
#11077=CARTESIAN_POINT('',(-0.0284223644741623,0.0853546366024841,0.00304043345303925));
#11078=CARTESIAN_POINT('',(-0.0305643743271039,0.084608702494401,0.00293862337311937));
#11079=CARTESIAN_POINT('',(-0.0322609783741704,0.0839800095242824,0.0026867744803851));
#11080=CARTESIAN_POINT('',(-0.0335205640531354,0.0834945184474975,0.00238357270340373));
#11081=CARTESIAN_POINT('',(-0.0345349011784474,0.083088580017187,0.00199881304595093));
#11082=CARTESIAN_POINT('',(-0.0352807165122456,0.0827825997481896,0.00157105591905452));
#11083=CARTESIAN_POINT('',(-0.0357945351843277,0.0825685557516829,0.00116092032278892));
#11084=CARTESIAN_POINT('',(-0.0362160568630947,0.0823904446252062,0.000618014526114691));
#11085=CARTESIAN_POINT('',(-0.036375947326074,0.0823222576937647,-8.77014303370986E-5));
#11086=CARTESIAN_POINT('',(-0.0361290560231279,0.0824274039342266,-0.000764811775533305));
#11087=CARTESIAN_POINT('',(-0.0355242763607477,0.0826821383746785,-0.00143832356097558));
#11088=CARTESIAN_POINT('',(-0.0345788236919002,0.0830720991447892,-0.00199418970034579));
#11089=CARTESIAN_POINT('',(-0.0356628394049378,0.0826232242857504,-0.00125087737376711));
#11090=CARTESIAN_POINT('',(-0.042,-0.08535,-1.26750943711751E-17));
#11091=CARTESIAN_POINT('',(-0.034582459878314,-0.0830706196235812,-0.00199230951739865));
#11092=CARTESIAN_POINT('',(-0.0355250275009695,-0.0826818146911577,-0.00143802187829171));
#11093=CARTESIAN_POINT('',(-0.0361269767334459,-0.0824282824688061,-0.000765730840925759));
#11094=CARTESIAN_POINT('',(-0.0363739220595884,-0.0823231219936221,-0.000101192511108843));
#11095=CARTESIAN_POINT('',(-0.0362216581770714,-0.0823880568090109,0.000606849253039472));
#11096=CARTESIAN_POINT('',(-0.0358078517522195,-0.0825629605641518,0.00114722306560977));
#11097=CARTESIAN_POINT('',(-0.0352945306956979,-0.0827768945909461,0.00156226307924716));
#11098=CARTESIAN_POINT('',(-0.0345443049736015,-0.0830847856736899,0.00199478357635939));
#11099=CARTESIAN_POINT('',(-0.0335350426190098,-0.0834887740334793,0.00237864824664093));
#11100=CARTESIAN_POINT('',(-0.0322895815956806,-0.083969116831265,0.00268089722543399));
#11101=CARTESIAN_POINT('',(-0.0306077707767629,-0.084593089945586,0.00293455543654093));
#11102=CARTESIAN_POINT('',(-0.0284578342855189,-0.0853428862233227,0.00304078060419184));
#11103=CARTESIAN_POINT('',(-0.0258517200962138,-0.0861720586665846,0.00292321081196798));
#11104=CARTESIAN_POINT('',(-0.0236870784196086,-0.086794700155648,0.00265433949647224));
#11105=CARTESIAN_POINT('',(-0.0219548275090034,-0.0872534994739877,0.00233211025691581));
#11106=CARTESIAN_POINT('',(-0.0206564739391413,-0.0875775490819703,0.0020268258682769));
#11107=CARTESIAN_POINT('',(-0.0195934024930038,-0.0878267603885245,0.00170875425502766));
#11108=CARTESIAN_POINT('',(-0.018761381102056,-0.0880126538401942,0.00139233740408503));
#11109=CARTESIAN_POINT('',(-0.0181509272618217,-0.0881446309867135,0.00110808426594845));
#11110=CARTESIAN_POINT('',(-0.0176658605721785,-0.0882460043675804,0.000807227328289765));
#11111=CARTESIAN_POINT('',(-0.0173371062339509,-0.0883132074631934,0.000493506010003948));
#11112=CARTESIAN_POINT('',(-0.0171491863435468,-0.0883510868115428,0.000185707353944404));
#11113=CARTESIAN_POINT('',(-0.0171474338785558,-0.0883514343380976,-0.000180194993744617));
#11114=CARTESIAN_POINT('',(-0.0173943315625281,-0.0883016934697325,-0.000589412605327809));
#11115=CARTESIAN_POINT('',(-0.0178572932468262,-0.0882065363644101,-0.000940531958732499));
#11116=CARTESIAN_POINT('',(-0.018455303623136,-0.0880793795390214,-0.00125868025283444));
#11117=CARTESIAN_POINT('',(-0.0192959062832719,-0.0878945859428351,-0.00160828342895135));
#11118=CARTESIAN_POINT('',(-0.0203653859488913,-0.0876475034012189,-0.00194797986762982));
#11119=CARTESIAN_POINT('',(-0.0216617899548789,-0.087328377883876,-0.00226931011956257));
#11120=CARTESIAN_POINT('',(-0.0229672798985495,-0.0869870957053272,-0.00252550931025805));
#11121=CARTESIAN_POINT('',(-0.0242792188787006,-0.0866240189303546,-0.00272649084676445));
#11122=CARTESIAN_POINT('',(-0.0260378263519425,-0.0861101666775972,-0.00292479312349753));
#11123=CARTESIAN_POINT('',(-0.0282188032824066,-0.0854222319810761,-0.00303905787277747));
#11124=CARTESIAN_POINT('',(-0.0303762993468872,-0.0846760565364692,-0.00295497427906314));
#11125=CARTESIAN_POINT('',(-0.0320962559202718,-0.0840421685744369,-0.00271716563729114));
#11126=CARTESIAN_POINT('',(-0.0333574949450718,-0.0835583875906346,-0.00243129063732832));
#11127=CARTESIAN_POINT('',(-0.034582459878314,-0.0830706196235812,-0.00199230951739865));
#11128=CARTESIAN_POINT('',(-0.0355250275009695,-0.0826818146911577,-0.00143802187829171));
#11129=CARTESIAN_POINT('',(-0.0361269767334459,-0.0824282824688061,-0.000765730840925759));
#11130=CARTESIAN_POINT('',(-0.0356628394054183,-0.0826232242855498,-0.00125087737332022));
#11131=CARTESIAN_POINT('',(-1.71450551880615E-17,8.18506459638996E-18,-4.78783679369599E-15));
#11132=CARTESIAN_POINT('',(-0.0700000037981256,0.00440630711769492,-0.0497652883629569));
#11133=CARTESIAN_POINT('',(-0.0696099895538759,0.0044271216582543,-0.0503120406116757));
#11134=CARTESIAN_POINT('',(-0.0690431889871344,0.00431665979243388,-0.0511001590161325));
#11135=CARTESIAN_POINT('',(-0.0682821754397368,0.00384440974219423,-0.052144803160748));
#11136=CARTESIAN_POINT('',(-0.0677956482675136,0.00337975056747035,-0.0528079266993637));
#11137=CARTESIAN_POINT('',(-0.0673053422224505,0.00268493790658546,-0.0534706782579257));
#11138=CARTESIAN_POINT('',(-0.0670289292232466,0.00207989258229502,-0.0538423146992538));
#11139=CARTESIAN_POINT('',(-0.0668324900164785,0.00145020646171552,-0.0541055257726774));
#11140=CARTESIAN_POINT('',(-0.0666989064422545,0.000829704942009256,-0.0542839806590998));
#11141=CARTESIAN_POINT('',(-0.0666287387436289,1.28910976595094E-5,-0.0543777469981889));
#11142=CARTESIAN_POINT('',(-0.0666951172966175,-0.000804779107662467,-0.0542890123581513));
#11143=CARTESIAN_POINT('',(-0.0668261649230183,-0.00142652519961096,-0.0541139627865595));
#11144=CARTESIAN_POINT('',(-0.0670197968947091,-0.0020570081546483,-0.0538545639480596));
#11145=CARTESIAN_POINT('',(-0.0672963013790848,-0.00266965533523163,-0.053482849814222));
#11146=CARTESIAN_POINT('',(-0.0677855731226437,-0.00336853568753165,-0.0528215943352651));
#11147=CARTESIAN_POINT('',(-0.0682751227985481,-0.00383963699122725,-0.0521544466157386));
#11148=CARTESIAN_POINT('',(-0.0690405052103546,-0.00431701916119033,-0.0511038142956811));
#11149=CARTESIAN_POINT('',(-0.0696075798399854,-0.00442723989967559,-0.0503154196528827));
#11150=CARTESIAN_POINT('',(-0.0700000055634856,-0.00440623241226595,-0.0497652924942914));
#11151=CARTESIAN_POINT('',(-0.0700000037981257,-0.0497652883629524,-0.00440630711769451));
#11152=CARTESIAN_POINT('',(-0.0696067987361054,-0.0503165137477606,-0.00442729194794753));
#11153=CARTESIAN_POINT('',(-0.0690465035292769,-0.0510955983895393,-0.00431860721394674));
#11154=CARTESIAN_POINT('',(-0.0682777148087531,-0.0521509131596988,-0.00384110727644505));
#11155=CARTESIAN_POINT('',(-0.0678815358131313,-0.0526908402460586,-0.00346053891744842));
#11156=CARTESIAN_POINT('',(-0.0675427479407273,-0.0531498990332139,-0.00302698345263809));
#11157=CARTESIAN_POINT('',(-0.0672539685887873,-0.0535396385573515,-0.00256611164660195));
#11158=CARTESIAN_POINT('',(-0.0670284231628058,-0.0538430202053096,-0.00207976345573487));
#11159=CARTESIAN_POINT('',(-0.0668323983806961,-0.0541056328842876,-0.00144988673198017));
#11160=CARTESIAN_POINT('',(-0.0666987020631193,-0.0542842241604841,-0.000830466618079854));
#11161=CARTESIAN_POINT('',(-0.0666288770284077,-0.0543775821085791,-1.28879152997506E-5));
#11162=CARTESIAN_POINT('',(-0.0666949068213972,-0.0542892635255959,0.000805531236657046));
#11163=CARTESIAN_POINT('',(-0.0668260683289577,-0.0541140766459406,0.00142618975405987));
#11164=CARTESIAN_POINT('',(-0.0670193047414154,-0.0538552499321946,0.00205688841288));
#11165=CARTESIAN_POINT('',(-0.0672448319314684,-0.0535519353145092,0.00254930587371626));
#11166=CARTESIAN_POINT('',(-0.0675332982152858,-0.0531626631150359,0.00301368971128417));
#11167=CARTESIAN_POINT('',(-0.067871906449343,-0.0527039207946884,0.00345042864871327));
#11168=CARTESIAN_POINT('',(-0.068270642549971,-0.0521605817001416,0.00383628129665136));
#11169=CARTESIAN_POINT('',(-0.0690438354468124,-0.0510992331264934,0.0043189982054688));
#11170=CARTESIAN_POINT('',(-0.0696043694034191,-0.0503199202455764,0.0044274117620228));
#11171=CARTESIAN_POINT('',(-0.0700000055634856,-0.0497652924942863,0.00440623241226574));
#11172=CARTESIAN_POINT('',(-0.0700000037981257,-0.0044063071176944,0.0497652883629472));
#11173=CARTESIAN_POINT('',(-0.0696099895538643,-0.00442712165825557,0.0503120406116824));
#11174=CARTESIAN_POINT('',(-0.0690431889870992,-0.00431665979242057,0.0511001590161697));
#11175=CARTESIAN_POINT('',(-0.0682821754397935,-0.00384440974222286,0.0521448031606624));
#11176=CARTESIAN_POINT('',(-0.0677956482674854,-0.00337975056744429,0.052807926699392));
#11177=CARTESIAN_POINT('',(-0.0673053422224801,-0.00268493790668079,0.0534706782578737));
#11178=CARTESIAN_POINT('',(-0.0670289292232389,-0.00207989258229458,0.0538423146992541));
#11179=CARTESIAN_POINT('',(-0.0668324900164669,-0.00145020646170535,0.0541055257726824));
#11180=CARTESIAN_POINT('',(-0.0666989064422391,-0.000829704941983495,0.0542839806591095));
#11181=CARTESIAN_POINT('',(-0.0666287387436221,-1.2891097703829E-5,0.0543777469981879));
#11182=CARTESIAN_POINT('',(-0.0666951172966152,0.000804779107769778,0.0542890123581434));
#11183=CARTESIAN_POINT('',(-0.0668261649230176,0.00142652519969311,0.0541139627865482));
#11184=CARTESIAN_POINT('',(-0.0670197968946885,0.0020570081545887,0.0538545639480781));
#11185=CARTESIAN_POINT('',(-0.0672963013791753,0.00266965533539617,0.0534828498140903));
#11186=CARTESIAN_POINT('',(-0.0677855731225982,0.00336853568748202,0.0528215943353165));
#11187=CARTESIAN_POINT('',(-0.0682751227986135,0.00383963699128125,0.0521544466156399));
#11188=CARTESIAN_POINT('',(-0.0690405052103088,0.00431701916116198,0.0511038142957336));
#11189=CARTESIAN_POINT('',(-0.0696075798400001,0.00442723989967547,0.0503154196528525));
#11190=CARTESIAN_POINT('',(-0.0700000055634856,0.00440623241226542,0.0497652924942819));
#11191=CARTESIAN_POINT('',(-0.0699999959476077,0.0497652703284294,0.00440663550501299));
#11192=CARTESIAN_POINT('',(-0.0696073118654979,0.0503157850700001,0.00442736996835066));
#11193=CARTESIAN_POINT('',(-0.069045313720276,0.0510973452371658,0.00431800852399573));
#11194=CARTESIAN_POINT('',(-0.068271810902432,0.0521589697588676,0.00383737430474105));
#11195=CARTESIAN_POINT('',(-0.0678726155093435,0.0527029544004077,0.00345121944010768));
#11196=CARTESIAN_POINT('',(-0.0675343810568786,0.0531612041670167,0.00301511399618805));
#11197=CARTESIAN_POINT('',(-0.0672460401346793,0.0535503062258481,0.0025515743438658));
#11198=CARTESIAN_POINT('',(-0.0670205825770427,0.0538535105878839,0.00206059125039558));
#11199=CARTESIAN_POINT('',(-0.0668272043977422,0.0541125324764897,0.00143143936982908));
#11200=CARTESIAN_POINT('',(-0.0666957467581514,0.0542881426475628,0.000811518535853036));
#11201=CARTESIAN_POINT('',(-0.0666288702371083,0.0543775971478315,-7.70490692146199E-6));
#11202=CARTESIAN_POINT('',(-0.0666978368521925,0.054285360796984,-0.00082570186050432));
#11203=CARTESIAN_POINT('',(-0.0668312134387302,0.0541072062740039,-0.00144589297877263));
#11204=CARTESIAN_POINT('',(-0.0670271590491623,0.0538447000094237,-0.00207708659938905));
#11205=CARTESIAN_POINT('',(-0.0672524594103453,0.0535416817598044,-0.00256310450210011));
#11206=CARTESIAN_POINT('',(-0.0675418577431992,0.0531511479692974,-0.00302499733762487));
#11207=CARTESIAN_POINT('',(-0.0678816800822343,0.0526907109279476,-0.00345993155257346));
#11208=CARTESIAN_POINT('',(-0.0682793223800794,0.0521487043159972,-0.00384246004523169));
#11209=CARTESIAN_POINT('',(-0.0690459734852723,0.0510962965531355,-0.0043184739433114));
#11210=CARTESIAN_POINT('',(-0.0696075772144887,0.0503154092730394,-0.00442739883931703));
#11211=CARTESIAN_POINT('',(-0.0700000026014588,0.0497652856303674,-0.00440635699014223));
#11212=CARTESIAN_POINT('',(-1.71450551880615E-17,8.18506459638996E-18,-4.78783679369599E-15));
#11213=CARTESIAN_POINT('',(-1.71450551880615E-17,8.18506459638996E-18,-4.78783679369599E-15));
#11214=CARTESIAN_POINT('',(-1.71450551880615E-17,8.18506459638996E-18,-4.78783679369599E-15));
#11215=CARTESIAN_POINT('',(-1.71450551880615E-17,8.18506459638996E-18,-4.78783679369599E-15));
#11216=CARTESIAN_POINT('',(-3.09223316784706E-17,5.51091059616308E-18,0.045));
#11217=CARTESIAN_POINT('',(-1.7145055188063E-17,-1.42477179352876E-33,5.51091059616309E-18));
#11218=CARTESIAN_POINT('',(1.04094977927525E-17,-1.10218211923262E-17,-0.09));
#11219=CARTESIAN_POINT('',(-0.042,-4.79020512289125E-15,-0.0853500000000048));
#11220=CARTESIAN_POINT('',(-0.0361290560230653,-0.000764811775577771,-0.0824274039342532));
#11221=CARTESIAN_POINT('',(-0.035524276360778,-0.00143832356093142,-0.0826821383746658));
#11222=CARTESIAN_POINT('',(-0.0345788236918851,-0.00199418970034913,-0.0830720991447957));
#11223=CARTESIAN_POINT('',(-0.0333565564588141,-0.00243116300334927,-0.0835587179939111));
#11224=CARTESIAN_POINT('',(-0.032107016459742,-0.00271481471884821,-0.0840380504051026));
#11225=CARTESIAN_POINT('',(-0.0308263254782897,-0.00289369804280014,-0.0845103582579717));
#11226=CARTESIAN_POINT('',(-0.0295274566587877,-0.00298721060949485,-0.0849696179213662));
#11227=CARTESIAN_POINT('',(-0.0277998387920316,-0.00301693762320065,-0.0855541711287699));
#11228=CARTESIAN_POINT('',(-0.0260675053763762,-0.00292656962380377,-0.0861009146273371));
#11229=CARTESIAN_POINT('',(-0.0243310361869668,-0.00273315212468531,-0.0866091902659011));
#11230=CARTESIAN_POINT('',(-0.0230269685137232,-0.00253581103515089,-0.0869710056125899));
#11231=CARTESIAN_POINT('',(-0.0217188114829853,-0.00228182891205561,-0.0873139088691709));
#11232=CARTESIAN_POINT('',(-0.0204173540846633,-0.00196261645822515,-0.0876351242476411));
#11233=CARTESIAN_POINT('',(-0.0193455602038028,-0.00162520713449763,-0.0878833039004248));
#11234=CARTESIAN_POINT('',(-0.0185161247112604,-0.0012862395253177,-0.0880661992019997));
#11235=CARTESIAN_POINT('',(-0.0179154018899198,-0.000975848294592986,-0.088194358822296));
#11236=CARTESIAN_POINT('',(-0.017451638068779,-0.000639741669325205,-0.088290021395325));
#11237=CARTESIAN_POINT('',(-0.017177426050129,-0.000254971602860238,-0.0883454226635773));
#11238=CARTESIAN_POINT('',(-0.0171284601306491,0.000104729109447097,-0.0883552340336893));
#11239=CARTESIAN_POINT('',(-0.0172843401168408,0.000428416285802124,-0.0883238915696746));
#11240=CARTESIAN_POINT('',(-0.0176031700444403,0.00076179389924896,-0.0882589501850621));
#11241=CARTESIAN_POINT('',(-0.018085326035269,0.00107287787670153,-0.0881585455943963));
#11242=CARTESIAN_POINT('',(-0.0186924534295803,0.00136349795215235,-0.0880277849937025));
#11243=CARTESIAN_POINT('',(-0.019535986529629,0.00169024418811751,-0.0878399749671298));
#11244=CARTESIAN_POINT('',(-0.0206042802461693,0.00201289569884546,-0.0875901514580942));
#11245=CARTESIAN_POINT('',(-0.0218962020073346,0.00231972153223202,-0.0872685287582238));
#11246=CARTESIAN_POINT('',(-0.0236272434279033,0.00264541154855437,-0.0868113241569487));
#11247=CARTESIAN_POINT('',(-0.0258079473600502,0.00291996796469704,-0.0861855075262955));
#11248=CARTESIAN_POINT('',(-0.0284223644743186,0.00304043345304813,-0.085354636602433));
#11249=CARTESIAN_POINT('',(-0.0305643743272586,0.00293862337310465,-0.0846087024943444));
#11250=CARTESIAN_POINT('',(-0.0322609783741982,0.002686774480381,-0.0839800095242717));
#11251=CARTESIAN_POINT('',(-0.0335205640532339,0.00238357270338127,-0.0834945184474592));
#11252=CARTESIAN_POINT('',(-0.0345349011785966,0.0019988130458808,-0.0830885800171266));
#11253=CARTESIAN_POINT('',(-0.0352807165124665,0.00157105591892475,-0.0827825997480988));
#11254=CARTESIAN_POINT('',(-0.0357945351847551,0.00116092032236834,-0.0825685557515037));
#11255=CARTESIAN_POINT('',(-0.0362160568632109,0.000618014525795994,-0.0823904446251566));
#11256=CARTESIAN_POINT('',(-0.0363759473260254,-8.77014305311782E-5,-0.0823222576937858));
#11257=CARTESIAN_POINT('',(-0.0361290560230653,-0.000764811775577771,-0.0824274039342532));
#11258=CARTESIAN_POINT('',(-0.035524276360778,-0.00143832356093142,-0.0826821383746658));
#11259=CARTESIAN_POINT('',(-0.0345788236918851,-0.00199418970034913,-0.0830720991447957));
#11260=CARTESIAN_POINT('',(-0.0356628394049342,-0.00125087737375566,-0.0826232242857522));
#11261=CARTESIAN_POINT('',(-0.042,4.80674057940192E-15,0.0853499999999952));
#11262=CARTESIAN_POINT('',(-0.0345824598782792,-0.00199230951741763,0.0830706196235954));
#11263=CARTESIAN_POINT('',(-0.0355250275009792,-0.00143802187828842,0.0826818146911537));
#11264=CARTESIAN_POINT('',(-0.0361269767334467,-0.000765730840934038,0.0824282824688055));
#11265=CARTESIAN_POINT('',(-0.0363739220595966,-0.000101192511125807,0.0823231219936184));
#11266=CARTESIAN_POINT('',(-0.0362216581770937,0.000606849253020326,0.0823880568090011));
#11267=CARTESIAN_POINT('',(-0.0358078517522513,0.0011472230655934,0.0825629605641382));
#11268=CARTESIAN_POINT('',(-0.0352945306957373,0.00156226307923266,0.0827768945909296));
#11269=CARTESIAN_POINT('',(-0.0345443049736487,0.00199478357634765,0.0830847856736705));
#11270=CARTESIAN_POINT('',(-0.0335350426190669,0.0023786482466316,0.0834887740334566));
#11271=CARTESIAN_POINT('',(-0.0322895815957477,0.00268089722542799,0.0839691168312394));
#11272=CARTESIAN_POINT('',(-0.0306077707768437,0.00293455543653923,0.0845930899455567));
#11273=CARTESIAN_POINT('',(-0.0284578342856169,0.00304078060419624,0.0853428862232896));
#11274=CARTESIAN_POINT('',(-0.0258517200963316,0.00292321081198116,0.0861720586665486));
#11275=CARTESIAN_POINT('',(-0.0236870784197429,0.00265433949649434,0.0867947001556105));
#11276=CARTESIAN_POINT('',(-0.0219548275091517,0.00233211025694763,0.0872534994739495));
#11277=CARTESIAN_POINT('',(-0.0206564739392977,0.00202682586831749,0.0875775490819324));
#11278=CARTESIAN_POINT('',(-0.0195934024931667,0.00170875425507913,0.0878267603884871));
#11279=CARTESIAN_POINT('',(-0.018761381102221,0.00139233740414885,0.0880126538401579));
#11280=CARTESIAN_POINT('',(-0.0181509272619931,0.0011080842660321,0.0881446309866772));
#11281=CARTESIAN_POINT('',(-0.0176658605723326,0.000807227328386104,0.0882460043675486));
#11282=CARTESIAN_POINT('',(-0.0173371062340945,0.000493506010147071,0.0883132074631644));
#11283=CARTESIAN_POINT('',(-0.0171491863436293,0.000185707354121962,0.0883510868115264));
#11284=CARTESIAN_POINT('',(-0.0171474338785226,-0.000180194993564629,0.0883514343381045));
#11285=CARTESIAN_POINT('',(-0.0173943315624259,-0.000589412605210188,0.0883016934697534));
#11286=CARTESIAN_POINT('',(-0.0178572932467167,-0.000940531958644333,0.0882065363644332));
#11287=CARTESIAN_POINT('',(-0.0184553036230215,-0.00125868025276644,0.0880793795390463));
#11288=CARTESIAN_POINT('',(-0.0192959062831515,-0.00160828342889642,0.0878945859428625));
#11289=CARTESIAN_POINT('',(-0.0203653859487916,-0.00194797986759196,0.0876475034012431));
#11290=CARTESIAN_POINT('',(-0.0216617899547827,-0.00226931011953225,0.0873283778839006));
#11291=CARTESIAN_POINT('',(-0.0229672798984572,-0.00252550931023396,0.0869870957053523));
#11292=CARTESIAN_POINT('',(-0.0242792188786001,-0.00272649084674393,0.0866240189303834));
#11293=CARTESIAN_POINT('',(-0.0260378263518571,-0.00292479312348523,0.0861101666776238));
#11294=CARTESIAN_POINT('',(-0.0282188032823587,-0.00303905787277307,0.0854222319810923));
#11295=CARTESIAN_POINT('',(-0.0303762993468348,-0.00295497427906216,0.0846760565364877));
#11296=CARTESIAN_POINT('',(-0.0320962559202041,-0.00271716563730155,0.0840421685744626));
#11297=CARTESIAN_POINT('',(-0.0333574949450431,-0.00243129063733497,0.0835583875906459));
#11298=CARTESIAN_POINT('',(-0.0345824598782792,-0.00199230951741763,0.0830706196235954));
#11299=CARTESIAN_POINT('',(-0.0355250275009792,-0.00143802187828842,0.0826818146911537));
#11300=CARTESIAN_POINT('',(-0.0361269767334467,-0.000765730840934038,0.0824282824688055));
#11301=CARTESIAN_POINT('',(-0.0356628394054221,-0.00125087737332226,0.0826232242855481));
#11302=CARTESIAN_POINT('',(-1.7145055188063E-17,-1.42477179352876E-33,5.51091059616309E-18));
#11303=CARTESIAN_POINT('',(-0.0664,0.0494185424949238,1.01033360929657E-19));
#11304=CARTESIAN_POINT('',(-0.0664,0.0494185424949238,1.01033360929657E-19));
#11305=CARTESIAN_POINT('',(-0.0664,0.0494185424949238,0.00165));
#11306=CARTESIAN_POINT('',(-0.0664,0.0494185424949238,2.14313189850787E-19));
#11307=CARTESIAN_POINT('',(-0.0699999759811751,0.0484735160442645,-0.00337000371031758));
#11308=CARTESIAN_POINT('',(-0.0698932227265107,0.0485947515896009,-0.00340400094205718));
#11309=CARTESIAN_POINT('',(-0.0696892170730121,0.0488247412579259,-0.00345818006420734));
#11310=CARTESIAN_POINT('',(-0.0693360289214443,0.049223832534011,-0.00349984316473856));
#11311=CARTESIAN_POINT('',(-0.0690174056421153,0.0495821836811116,-0.00350271616613922));
#11312=CARTESIAN_POINT('',(-0.0686976176326057,0.0499400547357723,-0.00346634913212928));
#11313=CARTESIAN_POINT('',(-0.0684319001303397,0.050236160458241,-0.00340667060001474));
#11314=CARTESIAN_POINT('',(-0.0682490960087907,0.0504382313569844,-0.0033500610015584));
#11315=CARTESIAN_POINT('',(-0.0681138472727156,0.0505873203967393,-0.00329932098953019));
#11316=CARTESIAN_POINT('',(-0.0680543019546635,0.0506529130683936,-0.00327616202803699));
#11317=CARTESIAN_POINT('',(-0.0678870618838128,0.050837716076024,-0.00320133238723231));
#11318=CARTESIAN_POINT('',(-0.0677108711086169,0.0510325879885472,-0.00310862942286213));
#11319=CARTESIAN_POINT('',(-0.0674033853447626,0.0513723804902247,-0.00291866672334607));
#11320=CARTESIAN_POINT('',(-0.066878380708901,0.0519479819263455,-0.00247670337199411));
#11321=CARTESIAN_POINT('',(-0.0665556214265055,0.0522898203596671,-0.00202986968730776));
#11322=CARTESIAN_POINT('',(-0.0664000000194698,0.0524577256713414,-0.0017359048419139));
#11323=CARTESIAN_POINT('',(-0.0664,0.0524577725697751,-0.00173593159595781));
#11324=CARTESIAN_POINT('',(-0.0664,0.0494185424949238,2.14313189850787E-19));
#11325=CARTESIAN_POINT('',(-0.0664000000087375,0.0524577404544036,0.00173606462506224));
#11326=CARTESIAN_POINT('',(-0.0664000000194719,0.052457660492171,0.00173601895116626));
#11327=CARTESIAN_POINT('',(-0.0664780278822097,0.0523735796003036,0.00188321305381525));
#11328=CARTESIAN_POINT('',(-0.0666632920897037,0.052176413992843,0.00217875918944727));
#11329=CARTESIAN_POINT('',(-0.0669680648782131,0.0518484745210357,0.00253300622010411));
#11330=CARTESIAN_POINT('',(-0.0672554902431328,0.0515347216838376,0.00279363860363168));
#11331=CARTESIAN_POINT('',(-0.0674936337923109,0.0512728192847529,0.00297418396825158));
#11332=CARTESIAN_POINT('',(-0.0677082861620682,0.0510355906298536,0.00310777391164897));
#11333=CARTESIAN_POINT('',(-0.0678721968721174,0.0508543067723223,0.00319269055605438));
#11334=CARTESIAN_POINT('',(-0.0679622572970868,0.0507547474995002,0.00323541084740069));
#11335=CARTESIAN_POINT('',(-0.068049041937402,0.0506588826904226,0.00327310714469356));
#11336=CARTESIAN_POINT('',(-0.0680688920205437,0.0506370211105266,0.00328106356569448));
#11337=CARTESIAN_POINT('',(-0.0681239228146592,0.050576451638227,0.00330323616784688));
#11338=CARTESIAN_POINT('',(-0.0682195262380399,0.0504713766870741,0.00333907046996945));
#11339=CARTESIAN_POINT('',(-0.0684640298669421,0.0502020890595738,0.00341828204407559));
#11340=CARTESIAN_POINT('',(-0.0687812592150843,0.0498474975650654,0.00348673034652772));
#11341=CARTESIAN_POINT('',(-0.0691376205184472,0.0494471267203004,0.0035016363775081));
#11342=CARTESIAN_POINT('',(-0.0693420149511007,0.0492175602121103,0.00349721898158644));
#11343=CARTESIAN_POINT('',(-0.069661835000951,0.0488563388207607,0.00346447029129404));
#11344=CARTESIAN_POINT('',(-0.0698802112150929,0.0486095943047607,0.0034081618471917));
#11345=CARTESIAN_POINT('',(-0.069999996899317,0.0484735466563072,0.00337001229448756));
#11346=CARTESIAN_POINT('',(-0.0664,0.,6.93889390390723E-18));
#11347=CARTESIAN_POINT('',(-0.0664,0.0524578194682087,-0.00173595835000172));
#11348=CARTESIAN_POINT('',(-0.0664,0.0528184385350803,-0.00158582666039982));
#11349=CARTESIAN_POINT('',(-0.0664000000000017,0.0534787089500163,-0.00114791246228189));
#11350=CARTESIAN_POINT('',(-0.0663999999999995,0.0539740179360017,-2.77906854993838E-6));
#11351=CARTESIAN_POINT('',(-0.0664000000000003,0.05348206329526,0.00114735695803075));
#11352=CARTESIAN_POINT('',(-0.0664,0.0528189099490599,0.00158619376757739));
#11353=CARTESIAN_POINT('',(-0.0664,0.0524578204077306,0.00173611027750762));
#11354=CARTESIAN_POINT('',(-0.0700615576314845,0.0484035608143041,-0.00334955644178721));
#11355=CARTESIAN_POINT('',(-0.0697424839065627,0.0487662919317608,-0.00345925219902418));
#11356=CARTESIAN_POINT('',(-0.0694100285229998,0.0491417701671263,-0.00350846148078065));
#11357=CARTESIAN_POINT('',(-0.0685965800250219,0.0500536889798484,-0.00348454683204966));
#11358=CARTESIAN_POINT('',(-0.0681045758724088,0.0505991569109609,-0.00334290449824083));
#11359=CARTESIAN_POINT('',(-0.0672074615456734,0.0515840836597623,-0.00280552967873267));
#11360=CARTESIAN_POINT('',(-0.066787389087948,0.0520400365157782,-0.00239956783959796));
#11361=CARTESIAN_POINT('',(-0.0661651030206799,0.052711209308005,-0.00134512195133874));
#11362=CARTESIAN_POINT('',(-0.0659720026525081,0.052917528080111,-0.000681838359798999));
#11363=CARTESIAN_POINT('',(-0.065970109951221,0.0529195480881584,0.000670725213618961));
#11364=CARTESIAN_POINT('',(-0.0661595563642551,0.0527171646779459,0.00133197978301008));
#11365=CARTESIAN_POINT('',(-0.0667807221285106,0.0520472562822114,0.00239182046607331));
#11366=CARTESIAN_POINT('',(-0.0671974477825797,0.0515950575653217,0.00279912293555989));
#11367=CARTESIAN_POINT('',(-0.0681030039188479,0.0506009026527938,0.00334237176857602));
#11368=CARTESIAN_POINT('',(-0.06859602501096,0.0500542806646574,0.00348377917209441));
#11369=CARTESIAN_POINT('',(-0.0694105912594055,0.0491411600577609,0.00350898883716706));
#11370=CARTESIAN_POINT('',(-0.0697432959882897,0.0487653799543194,0.00345921343859887));
#11371=CARTESIAN_POINT('',(-0.0700614444569395,0.0484036965891888,0.00334975757765085));
#11372=CARTESIAN_POINT('',(-0.070789011622898,0.0486528957915251,-0.00422006464048023));
#11373=CARTESIAN_POINT('',(-0.070466624936134,0.0491098962263165,-0.00435826896534813));
#11374=CARTESIAN_POINT('',(-0.070130717648265,0.0495829565966404,-0.00442026712954792));
#11375=CARTESIAN_POINT('',(-0.0693088230385785,0.0507318718324604,-0.00439013735932829));
#11376=CARTESIAN_POINT('',(-0.0688117103864648,0.0514191000984001,-0.00421168394050922));
#11377=CARTESIAN_POINT('',(-0.0679052812561715,0.0526599971051051,-0.0035346520639581));
#11378=CARTESIAN_POINT('',(-0.0674808471270502,0.0532344464968738,-0.00302318570909388));
#11379=CARTESIAN_POINT('',(-0.0668520998843138,0.0540800486923397,-0.00169470253987369));
#11380=CARTESIAN_POINT('',(-0.0666569945081068,0.0543399872009607,-0.000859038162522876));
#11381=CARTESIAN_POINT('',(-0.0666550821582168,0.0543425321794749,0.000845036847407687));
#11382=CARTESIAN_POINT('',(-0.0668464956338743,0.0540875517927384,0.00167814487963077));
#11383=CARTESIAN_POINT('',(-0.067474110946811,0.0532435425874758,0.00301342489449978));
#11384=CARTESIAN_POINT('',(-0.0678951635175421,0.0526738229953472,0.00352658028619684));
#11385=CARTESIAN_POINT('',(-0.0688101221131438,0.0514212995342365,0.00421101276246331));
#11386=CARTESIAN_POINT('',(-0.0693082622653388,0.0507326172838236,0.00438917019418154));
#11387=CARTESIAN_POINT('',(-0.0701312862251691,0.0495821879308147,0.0044209315392439));
#11388=CARTESIAN_POINT('',(-0.0704674454482104,0.0491087472394117,0.00435822013151897));
#11389=CARTESIAN_POINT('',(-0.0707888972725119,0.0486530668536566,0.00422031804903785));
#11390=CARTESIAN_POINT('',(-0.0664,2.92497963331714E-18,0.0494185424949238));
#11391=CARTESIAN_POINT('',(-0.0664,2.92497963331714E-18,0.0494185424949238));
#11392=CARTESIAN_POINT('',(-0.0664,-0.00165,0.0494185424949238));
#11393=CARTESIAN_POINT('',(-0.0664,2.81169980439601E-18,0.0494185424949238));
#11394=CARTESIAN_POINT('',(-0.0699999599151625,0.00337000004551296,0.0484735029755159));
#11395=CARTESIAN_POINT('',(-0.0698933175819523,0.0034039683676089,0.0485946336210164));
#11396=CARTESIAN_POINT('',(-0.0696898334201943,0.00345805388486232,0.048824063982522));
#11397=CARTESIAN_POINT('',(-0.0693373476974849,0.00349969343499239,0.0492223597700985));
#11398=CARTESIAN_POINT('',(-0.0690206610182305,0.00350289365714451,0.049578535725092));
#11399=CARTESIAN_POINT('',(-0.0686985944865785,0.00346658440427818,0.0499389648467946));
#11400=CARTESIAN_POINT('',(-0.0684326434344543,0.00340685895356199,0.0502353030634666));
#11401=CARTESIAN_POINT('',(-0.0682500242268455,0.00335038595885378,0.0504371462026743));
#11402=CARTESIAN_POINT('',(-0.068115200149361,0.00329986104978736,0.0505857685619138));
#11403=CARTESIAN_POINT('',(-0.0680565729997084,0.00327712418627094,0.0506503578817774));
#11404=CARTESIAN_POINT('',(-0.0678888190890878,0.00320219798044069,0.0508357858516994));
#11405=CARTESIAN_POINT('',(-0.0677124613585656,0.00310951154857544,0.0510308937273838));
#11406=CARTESIAN_POINT('',(-0.0674044881830011,0.00291943558973484,0.0513713012829994));
#11407=CARTESIAN_POINT('',(-0.0668788316115745,0.0024771317390777,0.0519476707323715));
#11408=CARTESIAN_POINT('',(-0.0665557229929672,0.00202993717336094,0.0522897891801789));
#11409=CARTESIAN_POINT('',(-0.0664000000194728,0.00173584743217107,0.0524577584616207));
#11410=CARTESIAN_POINT('',(-0.0664,0.00173586487408077,0.0524577890378434));
#11411=CARTESIAN_POINT('',(-0.0664,2.81169980439601E-18,0.0494185424949238));
#11412=CARTESIAN_POINT('',(-0.0664000000032147,-0.00173580025398468,0.0524578029801013));
#11413=CARTESIAN_POINT('',(-0.0664000000194693,-0.00173579269837649,0.05245778972216));
#11414=CARTESIAN_POINT('',(-0.0665552226937615,-0.00202921476907605,0.0522902087885332));
#11415=CARTESIAN_POINT('',(-0.0668774728197986,-0.00247558776023479,0.0519489936924636));
#11416=CARTESIAN_POINT('',(-0.0674020811997989,-0.00291760557044495,0.0513739449842619));
#11417=CARTESIAN_POINT('',(-0.0677093761656291,-0.00310769914049042,0.0510343807260981));
#11418=CARTESIAN_POINT('',(-0.0678855261806028,-0.00320051692047716,0.0508395487090256));
#11419=CARTESIAN_POINT('',(-0.068052583327461,-0.00327540291766995,0.0506549289382542));
#11420=CARTESIAN_POINT('',(-0.0681125573646089,-0.00329878238224327,0.0505888525211528));
#11421=CARTESIAN_POINT('',(-0.0682480808706978,-0.00334969956994118,0.0504394374703153));
#11422=CARTESIAN_POINT('',(-0.0684311495164527,-0.00340647391540598,0.0502370437402088));
#11423=CARTESIAN_POINT('',(-0.0686970771390967,-0.00346624220937441,0.0499406715773854));
#11424=CARTESIAN_POINT('',(-0.0690163888106463,-0.00350267701000585,0.0495833237537484));
#11425=CARTESIAN_POINT('',(-0.0693361468997235,-0.0034998704398066,0.0492236928443904));
#11426=CARTESIAN_POINT('',(-0.0696896806543509,-0.00345808811383148,0.0488242093708275));
#11427=CARTESIAN_POINT('',(-0.0698935646321492,-0.00340389204721994,0.0485943619101341));
#11428=CARTESIAN_POINT('',(-0.069999963875773,-0.0033700009537116,0.0484735062141478));
#11429=CARTESIAN_POINT('',(-0.0664,-6.93889390390723E-18,4.24884710452154E-34));
#11430=CARTESIAN_POINT('',(-0.0664,0.00173588231599047,0.0524578196140662));
#11431=CARTESIAN_POINT('',(-0.0664,0.00158584091344979,0.0528183839513439));
#11432=CARTESIAN_POINT('',(-0.0664000000000016,0.00114876012459528,0.053479115350762));
#11433=CARTESIAN_POINT('',(-0.0663999999999995,3.30573034759927E-6,0.0539741419658144));
#11434=CARTESIAN_POINT('',(-0.0664000000000004,-0.00114606254129031,0.0534811871470696));
#11435=CARTESIAN_POINT('',(-0.0664,-0.0015853609784326,0.052818655929721));
#11436=CARTESIAN_POINT('',(-0.0664,-0.00173580780169299,0.0524578162347491));
#11437=CARTESIAN_POINT('',(-0.0700613981792205,0.00334946482465081,0.0484037356589445));
#11438=CARTESIAN_POINT('',(-0.0697428587138486,0.00345918109962544,0.0487658673012637));
#11439=CARTESIAN_POINT('',(-0.0694123213769663,0.00350817425791743,0.0491391832698333));
#11440=CARTESIAN_POINT('',(-0.068592193825496,0.00348493844650674,0.0500586303383832));
#11441=CARTESIAN_POINT('',(-0.0681021361517239,0.00334226205618472,0.0506018646115962));
#11442=CARTESIAN_POINT('',(-0.0671973343481311,0.00279864339673013,0.0515951727913611));
#11443=CARTESIAN_POINT('',(-0.0667788513793767,0.00239073007871114,0.0520492860328217));
#11444=CARTESIAN_POINT('',(-0.0661585304910303,0.00132809215700298,0.0527182594095674));
#11445=CARTESIAN_POINT('',(-0.0659692066872394,0.00066685522536921,0.0529205195692691));
#11446=CARTESIAN_POINT('',(-0.0659729225617573,-0.000686167967272981,0.0529165387789565));
#11447=CARTESIAN_POINT('',(-0.0661664770156244,-0.00134752845587533,0.0527097188575831));
#11448=CARTESIAN_POINT('',(-0.0667882878322895,-0.00240103076577478,0.0520390751712635));
#11449=CARTESIAN_POINT('',(-0.0672074208811455,-0.00280608610127843,0.0515841378448141));
#11450=CARTESIAN_POINT('',(-0.0678778289827939,-0.00320679453876166,0.0508480938003847));
#11451=CARTESIAN_POINT('',(-0.0681151624880921,-0.00331104913537975,0.0505862785403418));
#11452=CARTESIAN_POINT('',(-0.0685959984122403,-0.00345300874841668,0.0500528943898271));
#11453=CARTESIAN_POINT('',(-0.0688370970484331,-0.00349175184034806,0.0497840635022597));
#11454=CARTESIAN_POINT('',(-0.0694109610957057,-0.00350830599717623,0.0491407153761439));
#11455=CARTESIAN_POINT('',(-0.0697419438545318,-0.00345956102867923,0.0487669085319903));
#11456=CARTESIAN_POINT('',(-0.0700616113641678,-0.00334941705142573,0.0484034938917531));
#11457=CARTESIAN_POINT('',(-0.0707888505134647,0.00421994921312723,0.0486531160783083));
#11458=CARTESIAN_POINT('',(-0.0704670036318096,0.00435817938797504,0.0491093612441742));
#11459=CARTESIAN_POINT('',(-0.0701330343039998,0.00441990526083226,0.0495796974039266));
#11460=CARTESIAN_POINT('',(-0.0693043913043304,0.00439063074980873,0.0507380973783558));
#11461=CARTESIAN_POINT('',(-0.0688092453320413,0.00421087453426933,0.051422511499536));
#11462=CARTESIAN_POINT('',(-0.0678950489091883,0.00352597612408145,0.0526739681618773));
#11463=CARTESIAN_POINT('',(-0.067472220788273,0.00301205116015858,0.0532460998253222));
#11464=CARTESIAN_POINT('',(-0.0668454590942236,0.00167324687663458,0.0540889310513251));
#11465=CARTESIAN_POINT('',(-0.0666541695168931,0.000840161255150577,0.0543437561347249));
#11466=CARTESIAN_POINT('',(-0.0666579239675269,-0.000864493139277179,0.0543387407944583));
#11467=CARTESIAN_POINT('',(-0.0668534881684293,-0.00169773451345084,0.0540781708615499));
#11468=CARTESIAN_POINT('',(-0.0674817551802295,-0.00302502878330768,0.053233235341615));
#11469=CARTESIAN_POINT('',(-0.0679052401402831,-0.00353535307212979,0.0526600654120713));
#11470=CARTESIAN_POINT('',(-0.0685826091819177,-0.00404020069994063,0.0517327325808787));
#11471=CARTESIAN_POINT('',(-0.0688224069218171,-0.00417154976234044,0.0514028748014874));
#11472=CARTESIAN_POINT('',(-0.0693082353987613,-0.00435040291917055,0.0507308707217228));
#11473=CARTESIAN_POINT('',(-0.0695518373691658,-0.00439921486006272,0.0503921740322419));
#11474=CARTESIAN_POINT('',(-0.0701316599088083,-0.00442007123785174,0.0495816276717478));
#11475=CARTESIAN_POINT('',(-0.0704660792798085,-0.00435865805611045,0.0491106730689647));
#11476=CARTESIAN_POINT('',(-0.0707890659149739,-0.00421988902434332,0.0486528114745601));
#11477=CARTESIAN_POINT('',(-0.0664,-0.0494185424949238,5.95099262756394E-18));
#11478=CARTESIAN_POINT('',(-0.0664,-0.0494185424949238,5.95099262756394E-18));
#11479=CARTESIAN_POINT('',(-0.0664,-0.0494185424949238,-0.00164999999999999));
#11480=CARTESIAN_POINT('',(-0.0664,-0.0494185424949238,5.8377127986428E-18));
#11481=CARTESIAN_POINT('',(-0.0699999599151625,-0.0484735029755192,0.00337000004551389));
#11482=CARTESIAN_POINT('',(-0.0698805637949343,-0.0486091201237767,0.00340803077633921));
#11483=CARTESIAN_POINT('',(-0.0696595554474675,-0.0488588905910242,0.00346394229583957));
#11484=CARTESIAN_POINT('',(-0.0693032471051301,-0.0492612503274381,0.00350232308591135));
#11485=CARTESIAN_POINT('',(-0.068846657629558,-0.0497740604943874,0.00349857993059721));
#11486=CARTESIAN_POINT('',(-0.0683464611239959,-0.0503368586968085,0.00339535372855459));
#11487=CARTESIAN_POINT('',(-0.0679674633614009,-0.0507525416110263,0.00324157300423559));
#11488=CARTESIAN_POINT('',(-0.0677644278520892,-0.0509732920145694,0.00313698852743718));
#11489=CARTESIAN_POINT('',(-0.0676750104863852,-0.0510708189986076,0.00308554558893977));
#11490=CARTESIAN_POINT('',(-0.0676335078916327,-0.0511163230728619,0.00306092419631297));
#11491=CARTESIAN_POINT('',(-0.067533370748177,-0.0512262671060935,0.00299820369961333));
#11492=CARTESIAN_POINT('',(-0.0674324878827228,-0.0513370117610507,0.00292872547527974));
#11493=CARTESIAN_POINT('',(-0.0672671119052029,-0.0515183904822647,0.00280394525566926));
#11494=CARTESIAN_POINT('',(-0.0670030537261156,-0.0518072202888334,0.00257293644644383));
#11495=CARTESIAN_POINT('',(-0.0666800140259659,-0.0521571873201274,0.00220566411266801));
#11496=CARTESIAN_POINT('',(-0.0664832725116594,-0.0523679372851945,0.00189311122649078));
#11497=CARTESIAN_POINT('',(-0.0664000000194728,-0.0524577584616245,0.00173584743216439));
#11498=CARTESIAN_POINT('',(-0.0664,-0.0524577890378473,0.00173586487407407));
#11499=CARTESIAN_POINT('',(-0.0664,-0.0494185424949238,5.8377127986428E-18));
#11500=CARTESIAN_POINT('',(-0.0664000000032147,-0.0524578029801054,-0.00173580025397745));
#11501=CARTESIAN_POINT('',(-0.0664000000194693,-0.0524577897221641,-0.00173579269836926));
#11502=CARTESIAN_POINT('',(-0.0665552226937883,-0.0522902087885083,-0.00202921476912121));
#11503=CARTESIAN_POINT('',(-0.0668774728198429,-0.0519489936923974,-0.00247558776030356));
#11504=CARTESIAN_POINT('',(-0.0674020811998368,-0.0513739449841976,-0.00291760557048475));
#11505=CARTESIAN_POINT('',(-0.0677093761656443,-0.0510343807260682,-0.00310769914050613));
#11506=CARTESIAN_POINT('',(-0.0678855261806194,-0.0508395487090021,-0.00320051692048645));
#11507=CARTESIAN_POINT('',(-0.0680525833274295,-0.0506549289382946,-0.00327540291765484));
#11508=CARTESIAN_POINT('',(-0.0681125573647113,-0.0505888525210477,-0.00329878238228183));
#11509=CARTESIAN_POINT('',(-0.0682480808708725,-0.0504394374701314,-0.00334969956999835));
#11510=CARTESIAN_POINT('',(-0.0684311495166724,-0.0502370437399714,-0.00340647391546463));
#11511=CARTESIAN_POINT('',(-0.0686970771392837,-0.0499406715771797,-0.00346624220939873));
#11512=CARTESIAN_POINT('',(-0.0690163888106017,-0.0495833237538022,-0.00350267700999875));
#11513=CARTESIAN_POINT('',(-0.069336146899711,-0.0492236928444099,-0.00349987043980933));
#11514=CARTESIAN_POINT('',(-0.0696896806543119,-0.0488242093708765,-0.0034580881138377));
#11515=CARTESIAN_POINT('',(-0.0698935646321308,-0.048594361910159,-0.00340389204722677));
#11516=CARTESIAN_POINT('',(-0.069999963875773,-0.0484735062141518,-0.00337000095371271));
#11517=CARTESIAN_POINT('',(-0.0664,-8.49769420904307E-34,-6.93889390390723E-18));
#11518=CARTESIAN_POINT('',(-0.0664,-0.05245781961407,0.00173588231598377));
#11519=CARTESIAN_POINT('',(-0.0664,-0.052818383951345,0.00158584091344274));
#11520=CARTESIAN_POINT('',(-0.0664000000000016,-0.0534791153507575,0.00114876012458877));
#11521=CARTESIAN_POINT('',(-0.0663999999999995,-0.0539741419658046,3.30573034782604E-6));
#11522=CARTESIAN_POINT('',(-0.0664000000000003,-0.0534811871470652,-0.00114606254128314));
#11523=CARTESIAN_POINT('',(-0.0664,-0.0528186559297223,-0.0015853609784249));
#11524=CARTESIAN_POINT('',(-0.0664,-0.0524578162347532,-0.00173580780168571));
#11525=CARTESIAN_POINT('',(-0.0700613981792205,-0.0484037356589479,0.00334946482465184));
#11526=CARTESIAN_POINT('',(-0.0697428587138487,-0.0487658673012669,0.00345918109962603));
#11527=CARTESIAN_POINT('',(-0.0694123213769667,-0.0491391832698363,0.00350817425791764));
#11528=CARTESIAN_POINT('',(-0.0685921938254969,-0.0500586303383856,0.00348493844650627));
#11529=CARTESIAN_POINT('',(-0.0681021361517253,-0.0506018646115981,0.00334226205618396));
#11530=CARTESIAN_POINT('',(-0.0671973343481333,-0.0515951727913623,0.00279864339672915));
#11531=CARTESIAN_POINT('',(-0.0667788513793794,-0.0520492860328225,0.00239073007871019));
#11532=CARTESIAN_POINT('',(-0.0661585304910338,-0.0527182594095675,0.00132809215700247));
#11533=CARTESIAN_POINT('',(-0.0659692066872432,-0.052920519569269,0.00066685522536907));
#11534=CARTESIAN_POINT('',(-0.0659729225617611,-0.0529165387789566,-0.000686167967272094));
#11535=CARTESIAN_POINT('',(-0.0661664770156278,-0.0527097188575835,-0.00134752845587404));
#11536=CARTESIAN_POINT('',(-0.0667882878322921,-0.0520390751712649,-0.00240103076577324));
#11537=CARTESIAN_POINT('',(-0.0672074208811478,-0.0515841378448158,-0.00280608610127703));
#11538=CARTESIAN_POINT('',(-0.0678778289827955,-0.0508480938003871,-0.00320679453876057));
#11539=CARTESIAN_POINT('',(-0.0681151624880933,-0.0505862785403447,-0.00331104913537873));
#11540=CARTESIAN_POINT('',(-0.0685959984122413,-0.0500528943898301,-0.00345300874841614));
#11541=CARTESIAN_POINT('',(-0.0688370970484339,-0.0497840635022629,-0.00349175184034771));
#11542=CARTESIAN_POINT('',(-0.069410961095706,-0.0491407153761477,-0.00350830599717649));
#11543=CARTESIAN_POINT('',(-0.0697419438545319,-0.0487669085319942,-0.00345956102867992));
#11544=CARTESIAN_POINT('',(-0.0700616113641678,-0.0484034938917571,-0.00334941705142694));
#11545=CARTESIAN_POINT('',(-0.0707888505134647,-0.0486531160783126,0.00421994921312864));
#11546=CARTESIAN_POINT('',(-0.0704670036318097,-0.0491093612441783,0.0043581793879759));
#11547=CARTESIAN_POINT('',(-0.0701330343040003,-0.0495796974039302,0.00441990526083265));
#11548=CARTESIAN_POINT('',(-0.0693043913043313,-0.0507380973783589,0.00439063074980825));
#11549=CARTESIAN_POINT('',(-0.0688092453320428,-0.0514225114995385,0.0042108745342685));
#11550=CARTESIAN_POINT('',(-0.0678950489091906,-0.0526739681618789,0.00352597612408034));
#11551=CARTESIAN_POINT('',(-0.0674722207882758,-0.0532460998253232,0.00301205116015749));
#11552=CARTESIAN_POINT('',(-0.0668454590942272,-0.0540889310513254,0.00167324687663401));
#11553=CARTESIAN_POINT('',(-0.066654169516897,-0.0543437561347248,0.000840161255150469));
#11554=CARTESIAN_POINT('',(-0.0666579239675307,-0.0543387407944585,-0.000864493139276024));
#11555=CARTESIAN_POINT('',(-0.0668534881684328,-0.0540781708615506,-0.0016977345134492));
#11556=CARTESIAN_POINT('',(-0.0674817551802322,-0.0532332353416167,-0.00302502878330574));
#11557=CARTESIAN_POINT('',(-0.0679052401402855,-0.0526600654120735,-0.00353535307212805));
#11558=CARTESIAN_POINT('',(-0.0685826091819194,-0.0517327325808818,-0.00404020069993927));
#11559=CARTESIAN_POINT('',(-0.0688224069218184,-0.051402874801491,-0.00417154976233918));
#11560=CARTESIAN_POINT('',(-0.0693082353987624,-0.0507308707217266,-0.00435040291916988));
#11561=CARTESIAN_POINT('',(-0.0695518373691667,-0.0503921740322459,-0.0043992148600623));
#11562=CARTESIAN_POINT('',(-0.0701316599088086,-0.0495816276717525,-0.00442007123785209));
#11563=CARTESIAN_POINT('',(-0.0704660792798087,-0.0491106730689695,-0.00435865805611134));
#11564=CARTESIAN_POINT('',(-0.0707890659149739,-0.0486528114745651,-0.00421988902434487));
#11565=CARTESIAN_POINT('',(-0.0664,-8.97700562181073E-18,-0.0494185424949238));
#11566=CARTESIAN_POINT('',(-0.0664,-8.97700562181073E-18,-0.0494185424949238));
#11567=CARTESIAN_POINT('',(-0.0664,0.00164999999999999,-0.0494185424949238));
#11568=CARTESIAN_POINT('',(-0.0664,-8.8637257928896E-18,-0.0494185424949238));
#11569=CARTESIAN_POINT('',(-0.0699999599151625,-0.003370000045515,-0.0484735029755232));
#11570=CARTESIAN_POINT('',(-0.0698933175817645,-0.00340396836767051,-0.0485946336212371));
#11571=CARTESIAN_POINT('',(-0.0696898334198815,-0.00345805388493061,-0.0488240639828947));
#11572=CARTESIAN_POINT('',(-0.0693373476972224,-0.00349969343500014,-0.0492223597704145));
#11573=CARTESIAN_POINT('',(-0.0690206610183076,-0.00350289365714283,-0.049578535725013));
#11574=CARTESIAN_POINT('',(-0.068698594486524,-0.00346658440427471,-0.0499389648468487));
#11575=CARTESIAN_POINT('',(-0.0684326434344175,-0.00340685895355294,-0.0502353030634966));
#11576=CARTESIAN_POINT('',(-0.0682500242268118,-0.00335038595884512,-0.0504371462027038));
#11577=CARTESIAN_POINT('',(-0.068115200149339,-0.00329986104977846,-0.050585768561938));
#11578=CARTESIAN_POINT('',(-0.0680565729997161,-0.00327712418627246,-0.0506503578817744));
#11579=CARTESIAN_POINT('',(-0.0678888190890655,-0.00320219798042023,-0.0508357858517479));
#11580=CARTESIAN_POINT('',(-0.067712461358528,-0.00310951154853494,-0.0510308937274636));
#11581=CARTESIAN_POINT('',(-0.0674044881829347,-0.00291943558965364,-0.0513713012831273));
#11582=CARTESIAN_POINT('',(-0.0668788316114893,-0.00247713173893651,-0.0519476707325108));
#11583=CARTESIAN_POINT('',(-0.0665557229929183,-0.00202993717325785,-0.0522897891802396));
#11584=CARTESIAN_POINT('',(-0.0664000000194728,-0.00173584743215717,-0.0524577584616286));
#11585=CARTESIAN_POINT('',(-0.0664,-0.00173586487406688,-0.0524577890378514));
#11586=CARTESIAN_POINT('',(-0.0664,-8.8637257928896E-18,-0.0494185424949238));
#11587=CARTESIAN_POINT('',(-0.0664000000032147,0.0017358002539708,-0.0524578029801092));
#11588=CARTESIAN_POINT('',(-0.0664000000194693,0.00173579269836261,-0.0524577897221679));
#11589=CARTESIAN_POINT('',(-0.0665552226937862,0.00202921476911226,-0.0522902087885143));
#11590=CARTESIAN_POINT('',(-0.0668774728198394,0.00247558776029454,-0.0519489936924062));
#11591=CARTESIAN_POINT('',(-0.0674020811998331,0.00291760557047888,-0.0513739449842068));
#11592=CARTESIAN_POINT('',(-0.0677093761656423,0.00310769914050258,-0.0510343807260749));
#11593=CARTESIAN_POINT('',(-0.0678855261806168,0.00320051692048346,-0.0508395487090091));
#11594=CARTESIAN_POINT('',(-0.0680525833274315,0.00327540291765434,-0.0506549289382958));
#11595=CARTESIAN_POINT('',(-0.068112557364699,0.00329878238227571,-0.0505888525210646));
#11596=CARTESIAN_POINT('',(-0.0682480808708524,0.00334969956999041,-0.050439437470157));
#11597=CARTESIAN_POINT('',(-0.0684311495166474,0.00340647391545693,-0.050237043740003));
#11598=CARTESIAN_POINT('',(-0.0686970771392632,0.00346624220939528,-0.0499406715772065));
#11599=CARTESIAN_POINT('',(-0.0690163888106032,0.00350267700999939,-0.0495833237538039));
#11600=CARTESIAN_POINT('',(-0.0693361468997212,0.00349987043980902,-0.0492236928444012));
#11601=CARTESIAN_POINT('',(-0.0696896806543272,0.00345808811383533,-0.0488242093708621));
#11602=CARTESIAN_POINT('',(-0.0698935646321395,0.00340389204722481,-0.0485943619101525));
#11603=CARTESIAN_POINT('',(-0.069999963875773,0.00337000095371364,-0.0484735062141551));
#11604=CARTESIAN_POINT('',(-0.0664,6.93889390390723E-18,-1.27465413135646E-33));
#11605=CARTESIAN_POINT('',(-0.0664,-0.00173588231597661,-0.0524578196140741));
#11606=CARTESIAN_POINT('',(-0.0664,-0.00158584091343517,-0.0528183839513463));
#11607=CARTESIAN_POINT('',(-0.0664000000000016,-0.00114876012458169,-0.0534791153507532));
#11608=CARTESIAN_POINT('',(-0.0663999999999995,-3.30573034727627E-6,-0.0539741419657952));
#11609=CARTESIAN_POINT('',(-0.0664000000000003,0.00114606254127676,-0.0534811871470608));
#11610=CARTESIAN_POINT('',(-0.0664,0.00158536097841792,-0.0528186559297234));
#11611=CARTESIAN_POINT('',(-0.0664,0.00173580780167909,-0.052457816234757));
#11612=CARTESIAN_POINT('',(-0.0700613981792205,-0.00334946482465304,-0.0484037356589519));
#11613=CARTESIAN_POINT('',(-0.0697428587138488,-0.00345918109962673,-0.0487658673012708));
#11614=CARTESIAN_POINT('',(-0.0694123213769671,-0.00350817425791791,-0.0491391832698399));
#11615=CARTESIAN_POINT('',(-0.0685921938254978,-0.00348493844650565,-0.0500586303383887));
#11616=CARTESIAN_POINT('',(-0.0681021361517266,-0.00334226205618298,-0.0506018646116007));
#11617=CARTESIAN_POINT('',(-0.0671973343481355,-0.00279864339672775,-0.051595172791364));
#11618=CARTESIAN_POINT('',(-0.0667788513793821,-0.00239073007870873,-0.0520492860328238));
#11619=CARTESIAN_POINT('',(-0.0661585304910372,-0.00132809215700132,-0.0527182594095679));
#11620=CARTESIAN_POINT('',(-0.0659692066872469,-0.000666855225368235,-0.0529205195692691));
#11621=CARTESIAN_POINT('',(-0.0659729225617648,0.000686167967271897,-0.0529165387789565));
#11622=CARTESIAN_POINT('',(-0.0661664770156312,0.00134752845587341,-0.0527097188575837));
#11623=CARTESIAN_POINT('',(-0.0667882878322947,0.00240103076577221,-0.0520390751712658));
#11624=CARTESIAN_POINT('',(-0.0672074208811501,0.00280608610127607,-0.0515841378448169));
#11625=CARTESIAN_POINT('',(-0.0678778289827971,0.00320679453875976,-0.0508480938003889));
#11626=CARTESIAN_POINT('',(-0.0681151624880944,0.00331104913537794,-0.0505862785403469));
#11627=CARTESIAN_POINT('',(-0.0685959984122424,0.00345300874841571,-0.0500528943898324));
#11628=CARTESIAN_POINT('',(-0.0688370970484347,0.00349175184034742,-0.0497840635022654));
#11629=CARTESIAN_POINT('',(-0.0694109610957062,0.0035083059971767,-0.0491407153761507));
#11630=CARTESIAN_POINT('',(-0.069741943854532,0.00345956102868047,-0.0487669085319973));
#11631=CARTESIAN_POINT('',(-0.0700616113641677,0.00334941705142794,-0.0484034938917604));
#11632=CARTESIAN_POINT('',(-0.0707888505134648,-0.0042199492131302,-0.0486531160783176));
#11633=CARTESIAN_POINT('',(-0.07046700363181,-0.00435817938797683,-0.0491093612441831));
#11634=CARTESIAN_POINT('',(-0.0701330343040008,-0.00441990526083303,-0.0495796974039347));
#11635=CARTESIAN_POINT('',(-0.0693043913043323,-0.00439063074980751,-0.0507380973783629));
#11636=CARTESIAN_POINT('',(-0.0688092453320442,-0.0042108745342673,-0.0514225114995418));
#11637=CARTESIAN_POINT('',(-0.0678950489091928,-0.00352597612407858,-0.0526739681618811));
#11638=CARTESIAN_POINT('',(-0.0674722207882786,-0.00301205116015566,-0.0532460998253249));
#11639=CARTESIAN_POINT('',(-0.0668454590942307,-0.00167324687663254,-0.0540889310513259));
#11640=CARTESIAN_POINT('',(-0.0666541695169009,-0.000840161255149381,-0.054343756134725));
#11641=CARTESIAN_POINT('',(-0.0666579239675345,0.000864493139275851,-0.0543387407944585));
#11642=CARTESIAN_POINT('',(-0.0668534881684363,0.00169773451344849,-0.0540781708615509));
#11643=CARTESIAN_POINT('',(-0.0674817551802349,0.00302502878330456,-0.0532332353416179));
#11644=CARTESIAN_POINT('',(-0.0679052401402878,0.00353535307212695,-0.052660065412075));
#11645=CARTESIAN_POINT('',(-0.068582609181921,0.00404020069993839,-0.0517327325808841));
#11646=CARTESIAN_POINT('',(-0.0688224069218196,0.00417154976233832,-0.0514028748014938));
#11647=CARTESIAN_POINT('',(-0.0693082353987635,0.0043504029191695,-0.0507308707217295));
#11648=CARTESIAN_POINT('',(-0.0695518373691676,0.00439921486006208,-0.0503921740322491));
#11649=CARTESIAN_POINT('',(-0.0701316599088089,0.0044200712378525,-0.0495816276717563));
#11650=CARTESIAN_POINT('',(-0.0704660792798089,0.00435865805611217,-0.0491106730689735));
#11651=CARTESIAN_POINT('',(-0.070789065914974,0.00421988902434627,-0.0486528114745693));
#11652=CARTESIAN_POINT('',(-0.0349651229679585,-0.0719384813824247,-0.0047218711661703));
#11653=CARTESIAN_POINT('',(-1.71450551880615E-17,8.18506459638996E-18,-4.78783679369599E-15));
#11654=CARTESIAN_POINT('',(-0.0847067245110214,-2.18851730747793E-18,-4.78783679369599E-15));
#11655=CARTESIAN_POINT('',(-0.0847067245110214,0.0148583586783587,-4.78783679369599E-15));
#11656=CARTESIAN_POINT('',(-0.07,8.18506459638996E-18,-4.78783679369599E-15));
#11657=CARTESIAN_POINT('',(-0.07,-0.0498390087367453,-0.00347465223288444));
#11658=CARTESIAN_POINT('',(-0.07,-0.00347465223288387,-0.0498390087367497));
#11659=CARTESIAN_POINT('',(-0.07,-0.00347465223288387,-0.0498390087367497));
#11660=CARTESIAN_POINT('',(-0.070318673678225,-0.00352927504938564,-0.0493876162765605));
#11661=CARTESIAN_POINT('',(-0.0709520720787088,-0.00346338506922983,-0.0484841628585789));
#11662=CARTESIAN_POINT('',(-0.0718342150727795,-0.00284408656375099,-0.0472090860687438));
#11663=CARTESIAN_POINT('',(-0.0725259085225627,-0.00165792758290778,-0.0461973937430837));
#11664=CARTESIAN_POINT('',(-0.0728080652865114,-1.88202743608017E-5,-0.0457815436429084));
#11665=CARTESIAN_POINT('',(-0.0725323683405193,0.00164302798492914,-0.0461878802880475));
#11666=CARTESIAN_POINT('',(-0.0718461634164633,0.002831218550741,-0.0471917331374197));
#11667=CARTESIAN_POINT('',(-0.0709544534767882,0.00346461035628501,-0.0484807956282806));
#11668=CARTESIAN_POINT('',(-0.0703193987723167,0.00352939933540053,-0.0493865892008141));
#11669=CARTESIAN_POINT('',(-0.07,0.00347465223288384,-0.0498390087367498));
#11670=CARTESIAN_POINT('',(-0.07,0.00347465223288392,-0.0498390087367498));
#11671=CARTESIAN_POINT('',(-0.07,8.18506459638996E-18,-4.78783679369599E-15));
#11672=CARTESIAN_POINT('',(-0.07,0.0498390087367453,-0.0034746522328844));
#11673=CARTESIAN_POINT('',(-0.07,0.0498390087367453,-0.00347465223288439));
#11674=CARTESIAN_POINT('',(-0.0703186736782247,0.0493876162765565,-0.00352927504938554));
#11675=CARTESIAN_POINT('',(-0.0709520720787079,0.0484841628585757,-0.00346338506922883));
#11676=CARTESIAN_POINT('',(-0.0718342150727776,0.0472090860687421,-0.00284408656374951));
#11677=CARTESIAN_POINT('',(-0.07252590852256,0.0461973937430834,-0.00165792758290679));
#11678=CARTESIAN_POINT('',(-0.0728080652865082,0.0457815436429086,-1.8820274361251E-5));
#11679=CARTESIAN_POINT('',(-0.0725323683405166,0.0461878802880467,0.00164302798492725));
#11680=CARTESIAN_POINT('',(-0.0718461634164616,0.0471917331374174,0.00283121855073894));
#11681=CARTESIAN_POINT('',(-0.0709544534767876,0.0484807956282763,0.00346461035628372));
#11682=CARTESIAN_POINT('',(-0.0703193987723165,0.0493865892008093,0.00352939933540043));
#11683=CARTESIAN_POINT('',(-0.07,0.0498390087367446,0.00347465223288448));
#11684=CARTESIAN_POINT('',(-0.07,0.0498390087367446,0.00347465223288453));
#11685=CARTESIAN_POINT('',(-0.07,8.18506459638996E-18,-4.78783679369599E-15));
#11686=CARTESIAN_POINT('',(-0.07,0.00347465223288503,0.0498390087367401));
#11687=CARTESIAN_POINT('',(-0.07,0.00347465223288503,0.0498390087367401));
#11688=CARTESIAN_POINT('',(-0.0703186736782245,0.00352927504938545,0.0493876162765516));
#11689=CARTESIAN_POINT('',(-0.0709520720787072,0.00346338506922762,0.0484841628585718));
#11690=CARTESIAN_POINT('',(-0.0718342150727759,0.00284408656374755,0.0472090860687399));
#11691=CARTESIAN_POINT('',(-0.0725259085225572,0.00165792758290518,0.0461973937430828));
#11692=CARTESIAN_POINT('',(-0.072808065286505,1.88202743609425E-5,0.0457815436429089));
#11693=CARTESIAN_POINT('',(-0.072532368340514,-0.00164302798492601,0.0461878802880464));
#11694=CARTESIAN_POINT('',(-0.0718461634164599,-0.0028312185507373,0.0471917331374156));
#11695=CARTESIAN_POINT('',(-0.0709544534767871,-0.00346461035628263,0.0484807956282727));
#11696=CARTESIAN_POINT('',(-0.0703193987723162,-0.00352939933540034,0.0493865892008052));
#11697=CARTESIAN_POINT('',(-0.07,-0.00347465223288502,0.0498390087367401));
#11698=CARTESIAN_POINT('',(-0.07,-0.00347465223288511,0.0498390087367401));
#11699=CARTESIAN_POINT('',(-0.07,8.18506459638996E-18,-4.78783679369599E-15));
#11700=CARTESIAN_POINT('',(-0.07,-0.0498390087367446,0.0034746522328845));
#11701=CARTESIAN_POINT('',(-0.07,-0.0498390087367446,0.00347465223288449));
#11702=CARTESIAN_POINT('',(-0.0703186736782247,-0.0493876162765558,0.00352927504938554));
#11703=CARTESIAN_POINT('',(-0.070952072078708,-0.048484162858575,0.00346338506922864));
#11704=CARTESIAN_POINT('',(-0.0718342150727777,-0.0472090860687416,0.00284408656374907));
#11705=CARTESIAN_POINT('',(-0.0725259085225599,-0.0461973937430831,0.00165792758290616));
#11706=CARTESIAN_POINT('',(-0.0728080652865082,-0.0457815436429086,1.88202743605289E-5));
#11707=CARTESIAN_POINT('',(-0.0725323683405166,-0.0461878802880471,-0.00164302798492789));
#11708=CARTESIAN_POINT('',(-0.0718461634164615,-0.047191733137418,-0.00283121855073937));
#11709=CARTESIAN_POINT('',(-0.0709544534767876,-0.048480795628277,-0.0034646103562839));
#11710=CARTESIAN_POINT('',(-0.0703193987723164,-0.04938658920081,-0.00352939933540044));
#11711=CARTESIAN_POINT('',(-0.07,-0.0498390087367453,-0.00347465223288439));
#11712=CARTESIAN_POINT('',(-1.7145055188063E-17,-1.42477179352876E-33,5.51091059616309E-18));
#11713=CARTESIAN_POINT('',(-0.073,-0.0526213651774212,-0.001411356391731));
#11714=CARTESIAN_POINT('',(-0.0728698252984899,-0.0528136564254121,-0.000974985554202437));
#11715=CARTESIAN_POINT('',(-0.0727269002374307,-0.0530239609802378,-3.52871645497926E-6));
#11716=CARTESIAN_POINT('',(-0.0728705466739984,-0.0528125908251443,0.000977403744764455));
#11717=CARTESIAN_POINT('',(-0.0729999999999984,-0.0526213651774236,0.00141135639172594));
#11718=CARTESIAN_POINT('',(-0.073,-0.0526213651774213,-0.00141135639173102));
#11719=CARTESIAN_POINT('',(-0.0729999999999984,-0.0526213651774236,0.00141135639172595));
#11720=CARTESIAN_POINT('',(-0.0729999999999984,-0.0526213651774236,0.00141135639172594));
#11721=CARTESIAN_POINT('',(-0.0732336640225728,-0.0522762017471246,0.0021946434978121));
#11722=CARTESIAN_POINT('',(-0.0740521498345274,-0.0510628728087851,0.00336991222623825));
#11723=CARTESIAN_POINT('',(-0.0755500148317966,-0.0487964394717554,0.00368225853602707));
#11724=CARTESIAN_POINT('',(-0.0767016802932064,-0.04701687900427,0.00277195371619933));
#11725=CARTESIAN_POINT('',(-0.0772914992559755,-0.0460960021704427,0.00133645300135644));
#11726=CARTESIAN_POINT('',(-0.0774601500816076,-0.0458316112272501,1.2845693022972E-5));
#11727=CARTESIAN_POINT('',(-0.0772960305970496,-0.0460889095441205,-0.00132249467970372));
#11728=CARTESIAN_POINT('',(-0.0767055434754275,-0.0470108943994965,-0.00276863279688958));
#11729=CARTESIAN_POINT('',(-0.0755485161193986,-0.0487988235504021,-0.00368605075707975));
#11730=CARTESIAN_POINT('',(-0.0740450042922182,-0.0510735348864138,-0.00336166603368205));
#11731=CARTESIAN_POINT('',(-0.0732349661096561,-0.0522742783323032,-0.00219900834615834));
#11732=CARTESIAN_POINT('',(-0.073,-0.0526213651774212,-0.00141135639173099));
#11733=CARTESIAN_POINT('',(-0.073,0.0526213651774213,0.00141135639173096));
#11734=CARTESIAN_POINT('',(-0.0728699408948212,0.0528134856690166,0.000975373055516701));
#11735=CARTESIAN_POINT('',(-0.0727267131680538,0.0530242373142054,2.45780888061633E-6));
#11736=CARTESIAN_POINT('',(-0.0728708047935151,0.052812209536588,-0.000978269011426016));
#11737=CARTESIAN_POINT('',(-0.0729999999999968,0.052621365177426,-0.00141135639172025));
#11738=CARTESIAN_POINT('',(-0.073,0.0526213651774213,0.00141135639173099));
#11739=CARTESIAN_POINT('',(-0.0729999999999968,0.052621365177426,-0.00141135639172026));
#11740=CARTESIAN_POINT('',(-0.0729999999999968,0.052621365177426,-0.00141135639172025));
#11741=CARTESIAN_POINT('',(-0.0732336727784897,0.0522761888130738,-0.00219467284934663));
#11742=CARTESIAN_POINT('',(-0.0740544914488992,0.0510593839329933,-0.00337239506410672));
#11743=CARTESIAN_POINT('',(-0.0755538823755999,0.0487905626879479,-0.00368260111897598));
#11744=CARTESIAN_POINT('',(-0.0767091305775492,0.0470053074241959,-0.00276300678533313));
#11745=CARTESIAN_POINT('',(-0.0772952625381358,0.0460901060632346,-0.00132167116939729));
#11746=CARTESIAN_POINT('',(-0.0774597772774106,0.0458321961475757,1.36345402700362E-6));
#11747=CARTESIAN_POINT('',(-0.0772938205320929,0.0460923688582344,0.00133002943516477));
#11748=CARTESIAN_POINT('',(-0.0767015987227963,0.047017031360026,0.00277418408856381));
#11749=CARTESIAN_POINT('',(-0.07554476054179,0.0488045016519957,0.00368469253385694));
#11750=CARTESIAN_POINT('',(-0.0740491665698715,0.051067278247379,0.00336408783689643));
#11751=CARTESIAN_POINT('',(-0.0732352352947377,0.0522738806979343,0.00219991070674117));
#11752=CARTESIAN_POINT('',(-0.073,0.0526213651774212,0.00141135639173097));
#11753=CARTESIAN_POINT('',(-0.07,-1.42477179352876E-33,5.51091059616309E-18));
#11754=CARTESIAN_POINT('',(-0.07,-1.42477179352876E-33,-0.0565685424949238));
#11755=CARTESIAN_POINT('',(-0.073,-0.00141135639173099,0.0526213651774213));
#11756=CARTESIAN_POINT('',(-0.0728703130369836,-0.000976620548195256,0.0528129359486793));
#11757=CARTESIAN_POINT('',(-0.0727267856339253,-3.23957203338853E-6,0.0530241302711159));
#11758=CARTESIAN_POINT('',(-0.0728702886643041,0.000976538846247648,0.0528129719514733));
#11759=CARTESIAN_POINT('',(-0.0729999999999996,0.00141135639172953,0.0526213651774219));
#11760=CARTESIAN_POINT('',(-0.073,-0.001411356391731,0.0526213651774213));
#11761=CARTESIAN_POINT('',(-0.073,0.00141135639172945,0.052621365177422));
#11762=CARTESIAN_POINT('',(-0.0729999999999996,0.00141135639172952,0.0526213651774219));
#11763=CARTESIAN_POINT('',(-0.0732343975803915,0.00219710252583909,0.0522751181514119));
#11764=CARTESIAN_POINT('',(-0.0740536185471159,0.00337124891259296,0.0510606960398177));
#11765=CARTESIAN_POINT('',(-0.0755546408429943,0.00368206006083415,0.0487893898324171));
#11766=CARTESIAN_POINT('',(-0.0767064658344533,0.00276594170757715,0.0470094417648127));
#11767=CARTESIAN_POINT('',(-0.0772944244803709,0.00132593765025633,0.0460914225971959));
#11768=CARTESIAN_POINT('',(-0.0774603067617063,-1.73769285907512E-6,0.0458313640876034));
#11769=CARTESIAN_POINT('',(-0.0772925385345966,-0.00133715584395943,0.0460943838817273));
#11770=CARTESIAN_POINT('',(-0.0766959383164439,-0.00278138395336742,0.0470258220901032));
#11771=CARTESIAN_POINT('',(-0.0755432541778461,-0.00368471309070296,0.0488068064145324));
#11772=CARTESIAN_POINT('',(-0.0740431928064741,-0.00336021991683716,0.0510762298159928));
#11773=CARTESIAN_POINT('',(-0.0732343535372328,-0.00219695488463105,0.0522751832110115));
#11774=CARTESIAN_POINT('',(-0.073,-0.00141135639173099,0.0526213651774213));
#11775=CARTESIAN_POINT('',(-0.073,0.00141135639173097,-0.0526213651774212));
#11776=CARTESIAN_POINT('',(-0.0728706939652715,0.000977897493670272,-0.0528123732496676));
#11777=CARTESIAN_POINT('',(-0.0727262071197789,1.18650788861444E-6,-0.0530249848376122));
#11778=CARTESIAN_POINT('',(-0.0728710637518665,-0.000979137090024523,-0.0528118270089233));
#11779=CARTESIAN_POINT('',(-0.0729999999999953,-0.00141135639171528,-0.0526213651774282));
#11780=CARTESIAN_POINT('',(-0.073,0.00141135639173101,-0.0526213651774213));
#11781=CARTESIAN_POINT('',(-0.0729999999999953,-0.00141135639171529,-0.0526213651774282));
#11782=CARTESIAN_POINT('',(-0.0729999999999953,-0.00141135639171526,-0.0526213651774282));
#11783=CARTESIAN_POINT('',(-0.0732336135524804,-0.00219447431228429,-0.0522762763004512));
#11784=CARTESIAN_POINT('',(-0.0740592977560841,-0.00337589073162238,-0.0510521691818735));
#11785=CARTESIAN_POINT('',(-0.0755493222394388,-0.00367979151302704,-0.0487974302379166));
#11786=CARTESIAN_POINT('',(-0.0767010726070491,-0.00277394352288083,-0.0470178381040695));
#11787=CARTESIAN_POINT('',(-0.0772923002732627,-0.00133410237266658,-0.0460947481525285));
#11788=CARTESIAN_POINT('',(-0.0774597773295436,-1.1229024360749E-5,-0.0458321952364433));
#11789=CARTESIAN_POINT('',(-0.0772967310505523,0.00131917547383301,-0.0460878111377047));
#11790=CARTESIAN_POINT('',(-0.0767061229240747,0.00276916321895093,-0.0470100065352694));
#11791=CARTESIAN_POINT('',(-0.0755478964896867,0.0036839494840771,-0.0487997178055743));
#11792=CARTESIAN_POINT('',(-0.0740514377961661,0.00336774731547723,-0.0510639053423286));
#11793=CARTESIAN_POINT('',(-0.0732342835515153,0.00219672027893725,-0.0522752865923967));
#11794=CARTESIAN_POINT('',(-0.073,0.00141135639173098,-0.0526213651774212));
#11795=CARTESIAN_POINT('',(-0.043,-5.26598123633362E-18,0.));
#11796=CARTESIAN_POINT('',(-0.076827029207671,-9.40859754071744E-18,0.));
#11797=CARTESIAN_POINT('',(-0.076827029207671,0.00547618577804636,0.));
#11798=CARTESIAN_POINT('',(-0.0712,-8.71948520992915E-18,0.));
#11799=CARTESIAN_POINT('',(-0.0712,0.00547618577804636,0.));
#11800=CARTESIAN_POINT('',(-0.0712,0.00273809288902318,0.));
#11801=CARTESIAN_POINT('',(-0.0712,-0.00192,0.));
#11802=CARTESIAN_POINT('',(-0.0712,-0.00192,0.00196878134895676));
#11803=CARTESIAN_POINT('',(-0.0712,-0.00192,-0.00196878134895676));
#11804=CARTESIAN_POINT('',(-0.0712,-8.13151629364128E-18,-1.0842021724855E-18));
#11805=CARTESIAN_POINT('',(-0.0712,0.00192,0.00196878134895676));
#11806=CARTESIAN_POINT('',(-0.0712,0.00192,0.));
#11807=CARTESIAN_POINT('',(-0.0712,0.00192,-0.00196878134895676));
#11808=CARTESIAN_POINT('',(-0.0712,-8.99887803162968E-18,8.67361737988404E-19));
#11809=CARTESIAN_POINT('',(-0.0852,-9.84602181244757E-18,-1.0842021724855E-18));
#11810=CARTESIAN_POINT('',(-0.0852,-0.00192,0.00196878134895676));
#11811=CARTESIAN_POINT('',(-0.0852,-0.00192,0.00196878134895676));
#11812=CARTESIAN_POINT('',(-0.0852,-9.84602181244757E-18,-1.0842021724855E-18));
#11813=CARTESIAN_POINT('',(-0.0852,0.00192,0.00196878134895676));
#11814=CARTESIAN_POINT('',(-0.0852,0.00192,0.00196878134895676));
#11815=CARTESIAN_POINT('',(-0.0852,-0.00192,0.));
#11816=CARTESIAN_POINT('',(-0.0852,-0.00192,-0.00196878134895676));
#11817=CARTESIAN_POINT('',(-0.0852,-0.00192,-0.00196878134895676));
#11818=CARTESIAN_POINT('',(-0.0852,-0.00192,0.));
#11819=CARTESIAN_POINT('',(-0.0852,-1.0713383550436E-17,8.67361737988404E-19));
#11820=CARTESIAN_POINT('',(-0.0852,0.00192,-0.00196878134895676));
#11821=CARTESIAN_POINT('',(-0.0852,0.00192,-0.00196878134895676));
#11822=CARTESIAN_POINT('',(-0.0852,-1.0713383550436E-17,8.67361737988404E-19));
#11823=CARTESIAN_POINT('',(-0.0852,0.00192,0.));
#11824=CARTESIAN_POINT('',(-0.0852,0.00192,0.));
#11825=CARTESIAN_POINT('',(-0.0852,-1.04339907287354E-17,0.));
#11826=CARTESIAN_POINT('',(-0.076827029207671,-9.40859754071745E-18,0.));
#11827=CARTESIAN_POINT('',(-0.07,0.,0.));
#11828=CARTESIAN_POINT('',(-0.07,-8.8637257928896E-18,-0.0494185424949238));
#11829=CARTESIAN_POINT('',(-0.07,-0.0494185424949238,5.8377127986428E-18));
#11830=CARTESIAN_POINT('',(-0.07,2.81169980439601E-18,0.0494185424949238));
#11831=CARTESIAN_POINT('',(-0.07,0.0494185424949238,2.14313189850787E-19));
#11832=CARTESIAN_POINT('',(-0.07,0.0494185424949238,1.01033360929657E-19));
#11833=CARTESIAN_POINT('',(-0.07,0.0494185424949238,0.00165));
#11834=CARTESIAN_POINT('',(-0.07,2.92497963331714E-18,0.0494185424949238));
#11835=CARTESIAN_POINT('',(-0.07,-0.00165,0.0494185424949238));
#11836=CARTESIAN_POINT('',(-0.07,-0.0494185424949238,5.95099262756394E-18));
#11837=CARTESIAN_POINT('',(-0.07,-0.0494185424949238,-0.00164999999999999));
#11838=CARTESIAN_POINT('',(-0.07,-8.97700562181073E-18,-0.0494185424949238));
#11839=CARTESIAN_POINT('',(-0.07,0.00164999999999999,-0.0494185424949238));
#11840=CARTESIAN_POINT('',(-0.095,0.0494185424949238,2.14313189850787E-19));
#11841=CARTESIAN_POINT('',(-0.073,0.0494185424949238,2.14313189850787E-19));
#11842=CARTESIAN_POINT('',(-0.073,0.0494185424949238,2.14313189850787E-19));
#11843=CARTESIAN_POINT('',(-0.073,0.0494185424949238,2.14313189850787E-19));
#11844=CARTESIAN_POINT('',(-0.073,0.0494185424949238,2.14313189850787E-19));
#11845=CARTESIAN_POINT('',(-0.073,0.0494185424949238,1.01033360929657E-19));
#11846=CARTESIAN_POINT('',(-0.073,0.0494185424949238,1.01033360929657E-19));
#11847=CARTESIAN_POINT('',(-0.073,0.0494185424949238,0.00165));
#11848=CARTESIAN_POINT('',(-0.073,0.,6.93889390390723E-18));
#11849=CARTESIAN_POINT('',(-0.095,2.81169980439601E-18,0.0494185424949238));
#11850=CARTESIAN_POINT('',(-0.073,2.81169980439601E-18,0.0494185424949238));
#11851=CARTESIAN_POINT('',(-0.073,2.81169980439601E-18,0.0494185424949238));
#11852=CARTESIAN_POINT('',(-0.073,2.81169980439601E-18,0.0494185424949238));
#11853=CARTESIAN_POINT('',(-0.073,2.81169980439601E-18,0.0494185424949238));
#11854=CARTESIAN_POINT('',(-0.073,2.92497963331714E-18,0.0494185424949238));
#11855=CARTESIAN_POINT('',(-0.073,2.92497963331714E-18,0.0494185424949238));
#11856=CARTESIAN_POINT('',(-0.073,-0.00165,0.0494185424949238));
#11857=CARTESIAN_POINT('',(-0.073,-6.93889390390723E-18,4.24884710452154E-34));
#11858=CARTESIAN_POINT('',(-0.095,-0.0494185424949238,5.8377127986428E-18));
#11859=CARTESIAN_POINT('',(-0.073,-0.0494185424949238,5.8377127986428E-18));
#11860=CARTESIAN_POINT('',(-0.073,-0.0494185424949238,5.8377127986428E-18));
#11861=CARTESIAN_POINT('',(-0.073,-0.0494185424949238,5.8377127986428E-18));
#11862=CARTESIAN_POINT('',(-0.073,-0.0494185424949238,5.8377127986428E-18));
#11863=CARTESIAN_POINT('',(-0.073,-0.0494185424949238,5.95099262756394E-18));
#11864=CARTESIAN_POINT('',(-0.073,-0.0494185424949238,5.95099262756394E-18));
#11865=CARTESIAN_POINT('',(-0.073,-0.0494185424949238,-0.00164999999999999));
#11866=CARTESIAN_POINT('',(-0.073,-8.49769420904307E-34,-6.93889390390723E-18));
#11867=CARTESIAN_POINT('',(-0.095,-8.8637257928896E-18,-0.0494185424949238));
#11868=CARTESIAN_POINT('',(-0.073,-8.8637257928896E-18,-0.0494185424949238));
#11869=CARTESIAN_POINT('',(-0.073,-8.8637257928896E-18,-0.0494185424949238));
#11870=CARTESIAN_POINT('',(-0.073,-8.8637257928896E-18,-0.0494185424949238));
#11871=CARTESIAN_POINT('',(-0.073,-8.8637257928896E-18,-0.0494185424949238));
#11872=CARTESIAN_POINT('',(-0.073,-8.97700562181073E-18,-0.0494185424949238));
#11873=CARTESIAN_POINT('',(-0.073,-8.97700562181073E-18,-0.0494185424949238));
#11874=CARTESIAN_POINT('',(-0.073,0.00164999999999999,-0.0494185424949238));
#11875=CARTESIAN_POINT('',(-0.073,6.93889390390723E-18,-1.27465413135646E-33));
#11876=CARTESIAN_POINT('',(-0.0349651229679587,-0.0719384813824247,-0.00472187116617068));
#11877=CARTESIAN_POINT('',(-0.017500000089407,0.0231500001788139,0.00935));
#11878=CARTESIAN_POINT('',(-0.017500000089407,0.0231500001788139,0.00935));
#11879=CARTESIAN_POINT('',(-0.017500000089407,0.0289764484966144,0.0176));
#11880=CARTESIAN_POINT('',(-0.017500000089407,0.0289764484966144,0.0011));
#11881=CARTESIAN_POINT('',(-0.017500000089407,0.0292245371982089,0.0176));
#11882=CARTESIAN_POINT('',(-0.017500000089407,0.0173235518610135,0.0176));
#11883=CARTESIAN_POINT('',(-0.017500000089407,0.0231500001788139,0.00935));
#11884=CARTESIAN_POINT('',(-0.017500000089407,0.0173235518610135,0.0011));
#11885=CARTESIAN_POINT('',(-0.017500000089407,0.0292245371982089,0.0011));
#11886=CARTESIAN_POINT('',(-0.017500000089407,0.0231500001788139,0.00935));
#11887=CARTESIAN_POINT('',(-0.029500000089407,0.0231500001788139,0.00935));
#11888=CARTESIAN_POINT('',(-0.029500000089407,0.0289764484966144,0.0176));
#11889=CARTESIAN_POINT('',(-0.029500000089407,0.0289764484966144,0.0011));
#11890=CARTESIAN_POINT('',(-0.017500000089407,0.0289764484966144,0.0176));
#11891=CARTESIAN_POINT('',(-0.017500000089407,0.0289764484966144,0.0011));
#11892=CARTESIAN_POINT('',(-0.017500000089407,0.0289764484966144,0.0011));
#11893=CARTESIAN_POINT('',(-0.029500000089407,0.0260632243377142,0.0011));
#11894=CARTESIAN_POINT('',(-0.029500000089407,0.0173235518610135,0.0011));
#11895=CARTESIAN_POINT('',(-0.017500000089407,0.0173235518610135,0.0011));
#11896=CARTESIAN_POINT('',(-0.031000000089407,0.0231500001788139,0.00935));
#11897=CARTESIAN_POINT('',(-0.031000000089407,0.0206838544004788,0.015));
#11898=CARTESIAN_POINT('',(-0.031000000089407,0.0280822917354841,0.015));
#11899=CARTESIAN_POINT('',(-0.031000000089407,0.0182177086221437,0.015));
#11900=CARTESIAN_POINT('',(-0.031000000089407,0.0231500001788139,0.00935));
#11901=CARTESIAN_POINT('',(-0.031000000089407,0.0183136852264411,0.00361763070960574));
#11902=CARTESIAN_POINT('',(-0.031000000089407,0.0256251575179097,0.00366637482521225));
#11903=CARTESIAN_POINT('',(-0.031000000089407,0.0280623149483992,0.00368262286374775));
#11904=CARTESIAN_POINT('',(-0.031000000089407,0.0231500001788139,0.00935));
#11905=CARTESIAN_POINT('',(-0.031000000089407,0.0231500001788139,0.00935));
#11906=CARTESIAN_POINT('',(-0.031000000089407,0.0178210697045067,0.0161));
#11907=CARTESIAN_POINT('',(-0.031000000089407,0.0178210697045066,0.0026));
#11908=CARTESIAN_POINT('',(-0.031000000089407,0.0202367760199137,0.0161));
#11909=CARTESIAN_POINT('',(-0.031000000089407,0.0284789306531211,0.0161));
#11910=CARTESIAN_POINT('',(-0.031000000089407,0.0231500001788139,0.00935));
#11911=CARTESIAN_POINT('',(-0.031000000089407,0.0284789306531212,0.0026));
#11912=CARTESIAN_POINT('',(-0.031000000089407,0.0260632243377142,0.0026));
#11913=CARTESIAN_POINT('',(-0.017500000089407,0.0231500001788139,0.00935));
#11914=CARTESIAN_POINT('',(-0.029500000089407,0.0231500001788139,0.00935));
#11915=CARTESIAN_POINT('',(-0.029500000089407,0.0173235518610135,0.0176));
#11916=CARTESIAN_POINT('',(-0.017500000089407,0.0173235518610135,0.0176));
#11917=CARTESIAN_POINT('',(-0.017500000089407,0.0173235518610135,0.0176));
#11918=CARTESIAN_POINT('',(-0.029500000089407,0.0202367760199137,0.0176));
#11919=CARTESIAN_POINT('',(-0.029500000089407,0.0202367760199137,0.0161));
#11920=CARTESIAN_POINT('',(-0.031000000089407,0.0284789306531211,0.0161));
#11921=CARTESIAN_POINT('',(-0.031000000089407,0.0284795775036789,0.0161018632549456));
#11922=CARTESIAN_POINT('',(-0.0309999966176879,0.0284802242488032,0.01610372654545));
#11923=CARTESIAN_POINT('',(-0.0309995866623928,0.0285184008493375,0.016213734394842));
#11924=CARTESIAN_POINT('',(-0.0309874887082552,0.0285554919867006,0.016321768249889));
#11925=CARTESIAN_POINT('',(-0.0309401521905999,0.0286273576470377,0.0165331517928433));
#11926=CARTESIAN_POINT('',(-0.0309051500033704,0.0286620029820508,0.0166361058128553));
#11927=CARTESIAN_POINT('',(-0.0307776718742629,0.0287530667388504,0.0169090469134446));
#11928=CARTESIAN_POINT('',(-0.0306627067668106,0.0288050939167302,0.0170677610122887));
#11929=CARTESIAN_POINT('',(-0.0303817021335272,0.0288895166204674,0.0173277980330785));
#11930=CARTESIAN_POINT('',(-0.0302209615961837,0.0289219422343616,0.0174290085542115));
#11931=CARTESIAN_POINT('',(-0.0298711484002266,0.0289654117675576,0.0175651487731871));
#11932=CARTESIAN_POINT('',(-0.029686694625842,0.0289764484966144,0.0176));
#11933=CARTESIAN_POINT('',(-0.029500000089407,0.0289764484966144,0.0176));
#11934=CARTESIAN_POINT('',(-0.031000000089407,0.0178210697045067,0.0161));
#11935=CARTESIAN_POINT('',(-0.031000000089407,0.017820422853949,0.0161018632549456));
#11936=CARTESIAN_POINT('',(-0.0309999966176879,0.0178197761088247,0.01610372654545));
#11937=CARTESIAN_POINT('',(-0.0309995866623928,0.0177815995082904,0.016213734394842));
#11938=CARTESIAN_POINT('',(-0.0309874887082552,0.0177445083709272,0.0163217682498889));
#11939=CARTESIAN_POINT('',(-0.0309401521905999,0.0176726427105902,0.0165331517928433));
#11940=CARTESIAN_POINT('',(-0.0309051500033704,0.0176379973755771,0.0166361058128553));
#11941=CARTESIAN_POINT('',(-0.0307776718742629,0.0175469336187774,0.0169090469134446));
#11942=CARTESIAN_POINT('',(-0.0306627067668106,0.0174949064408977,0.0170677610122887));
#11943=CARTESIAN_POINT('',(-0.0303817021335272,0.0174104837371604,0.0173277980330785));
#11944=CARTESIAN_POINT('',(-0.0302209615961837,0.0173780581232662,0.0174290085542115));
#11945=CARTESIAN_POINT('',(-0.0298711484002266,0.0173345885900702,0.0175651487731871));
#11946=CARTESIAN_POINT('',(-0.0296866946258419,0.0173235518610135,0.0176));
#11947=CARTESIAN_POINT('',(-0.029500000089407,0.0173235518610135,0.0176));
#11948=CARTESIAN_POINT('',(-0.029500000089407,0.0231500001788139,0.00935));
#11949=CARTESIAN_POINT('',(-0.031000000089407,0.0284789306531211,0.0026));
#11950=CARTESIAN_POINT('',(-0.031000000089407,0.0284795775036789,0.00259813674505433));
#11951=CARTESIAN_POINT('',(-0.0309999966176879,0.0284802242488032,0.00259627345455001));
#11952=CARTESIAN_POINT('',(-0.0309995866623928,0.0285184008493377,0.00248626560515691));
#11953=CARTESIAN_POINT('',(-0.0309874887082552,0.0285554919867007,0.00237823175011087));
#11954=CARTESIAN_POINT('',(-0.0309401521905999,0.0286273576470377,0.0021668482071567));
#11955=CARTESIAN_POINT('',(-0.0309051500033704,0.0286620029820508,0.00206389418714472));
#11956=CARTESIAN_POINT('',(-0.0307776718742629,0.0287530667388504,0.0017909530865554));
#11957=CARTESIAN_POINT('',(-0.0306627067668106,0.0288050939167302,0.00163223898771127));
#11958=CARTESIAN_POINT('',(-0.0303817021335272,0.0288895166204674,0.0013722019669215));
#11959=CARTESIAN_POINT('',(-0.0302209615961837,0.0289219422343616,0.00127099144578852));
#11960=CARTESIAN_POINT('',(-0.0298711484002266,0.0289654117675576,0.00113485122681295));
#11961=CARTESIAN_POINT('',(-0.029686694625842,0.0289764484966144,0.0011));
#11962=CARTESIAN_POINT('',(-0.029500000089407,0.0289764484966144,0.0011));
#11963=CARTESIAN_POINT('',(-0.029500000089407,0.0260632243377142,0.0026));
#11964=CARTESIAN_POINT('',(-0.031000000089407,0.0178210697045067,0.0026));
#11965=CARTESIAN_POINT('',(-0.031000000089407,0.017820422853949,0.00259813674505443));
#11966=CARTESIAN_POINT('',(-0.0309999966176879,0.0178197761088247,0.0025962734545499));
#11967=CARTESIAN_POINT('',(-0.0309995866623928,0.0177815995082909,0.00248626560515983));
#11968=CARTESIAN_POINT('',(-0.0309874887082553,0.0177445083709273,0.00237823175011139));
#11969=CARTESIAN_POINT('',(-0.0309401521905999,0.0176726427105902,0.00216684820715669));
#11970=CARTESIAN_POINT('',(-0.0309051500033704,0.0176379973755771,0.00206389418714472));
#11971=CARTESIAN_POINT('',(-0.0307776718742629,0.0175469336187775,0.0017909530865554));
#11972=CARTESIAN_POINT('',(-0.0306627067668106,0.0174949064408977,0.00163223898771127));
#11973=CARTESIAN_POINT('',(-0.0303817021335272,0.0174104837371604,0.0013722019669215));
#11974=CARTESIAN_POINT('',(-0.0302209615961837,0.0173780581232662,0.00127099144578852));
#11975=CARTESIAN_POINT('',(-0.0298711484002266,0.0173345885900703,0.00113485122681294));
#11976=CARTESIAN_POINT('',(-0.0296866946258419,0.0173235518610135,0.0011));
#11977=CARTESIAN_POINT('',(-0.029500000089407,0.0173235518610135,0.0011));
#11978=CARTESIAN_POINT('',(-0.029500000089407,0.0231500001788139,0.00935));
#11979=CARTESIAN_POINT('',(-0.033000000089407,0.0231500001788139,0.00930881535480287));
#11980=CARTESIAN_POINT('',(-0.033000000089407,0.0231500001788139,0.00935));
#11981=CARTESIAN_POINT('',(-0.033000000089407,0.0280822917354841,0.015));
#11982=CARTESIAN_POINT('',(-0.033000000089407,0.0280623149483992,0.00368262286374775));
#11983=CARTESIAN_POINT('',(-0.033000000089407,0.028516645476279,0.00368565179402222));
#11984=CARTESIAN_POINT('',(-0.033000000089407,0.0183136852264411,0.00361763070960573));
#11985=CARTESIAN_POINT('',(-0.033000000089407,0.0231500001788139,0.00935));
#11986=CARTESIAN_POINT('',(-0.033000000089407,0.0182177086221437,0.015));
#11987=CARTESIAN_POINT('',(-0.033000000089407,0.0284789306531211,0.015));
#11988=CARTESIAN_POINT('',(-0.031000000089407,0.0231500001788139,0.00935));
#11989=CARTESIAN_POINT('',(-0.031000000089407,0.0280623149483992,0.00368262286374775));
#11990=CARTESIAN_POINT('',(-0.031000000089407,0.0280822917354841,0.015));
#11991=CARTESIAN_POINT('',(-0.031000000089407,0.0280623149483992,0.00368262286374775));
#11992=CARTESIAN_POINT('',(-0.031000000089407,0.0183136852264411,0.00361763070960574));
#11993=CARTESIAN_POINT('',(-0.031000000089407,0.0231500001788139,0.00935));
#11994=CARTESIAN_POINT('',(-0.031000000089407,0.0182177086221437,0.015));
#11995=CARTESIAN_POINT('',(-0.031000000089407,0.0182177086221437,0.015));
#11996=CARTESIAN_POINT('',(0.0342348770320415,-0.0523973146412351,-0.0281500019227006));
#11997=CARTESIAN_POINT('',(0.0196500001043081,0.0231500001788139,0.0197));
#11998=CARTESIAN_POINT('',(0.0196500001043081,0.0231500001788139,0.0197));
#11999=CARTESIAN_POINT('',(0.0221500001043081,0.0231500001788139,0.0197));
#12000=CARTESIAN_POINT('',(0.0196500001043081,0.0231500001788139,0.0197));
#12001=CARTESIAN_POINT('',(0.0234000001043081,0.0231500001788139,0.0197));
#12002=CARTESIAN_POINT('',(0.0196500001043081,0.0231500001788139,0.00935));
#12003=CARTESIAN_POINT('',(0.0196500001043081,0.0231500001788139,-0.001));
#12004=CARTESIAN_POINT('',(0.0234000001043081,0.0231500001788139,-0.001));
#12005=CARTESIAN_POINT('',(0.0196500001043081,0.0231500001788139,-0.0083));
#12006=CARTESIAN_POINT('',(0.0196500001043081,0.0231500001788139,-0.0083));
#12007=CARTESIAN_POINT('',(0.0178500001043081,0.0248849353361037,-0.0083));
#12008=CARTESIAN_POINT('',(0.0214500001043081,0.0248849353361037,-0.0083));
#12009=CARTESIAN_POINT('',(0.0214500001043081,0.0178246675356802,-0.0083));
#12010=CARTESIAN_POINT('',(0.0214500001043081,0.0214150650215241,-0.0083));
#12011=CARTESIAN_POINT('',(0.0196500001043081,0.0231500001788139,-0.0083));
#12012=CARTESIAN_POINT('',(0.0178500001043081,0.0214150650215241,-0.0083));
#12013=CARTESIAN_POINT('',(0.0178500001043081,0.0284753328219477,-0.0083));
#12014=CARTESIAN_POINT('',(0.0178500001043081,0.0214150650215242,0.0197));
#12015=CARTESIAN_POINT('',(0.0178500001043081,0.0222825326001691,-0.002));
#12016=CARTESIAN_POINT('',(0.0178500001043081,0.0214150650215241,-0.002));
#12017=CARTESIAN_POINT('',(0.0178500001043081,0.0248849353361037,-0.002));
#12018=CARTESIAN_POINT('',(0.0178500001043081,0.0248849353361037,-0.001));
#12019=CARTESIAN_POINT('',(0.0178500001043081,0.0214150650215242,-0.001));
#12020=CARTESIAN_POINT('',(0.0214500001043081,0.0248849353361037,0.0197));
#12021=CARTESIAN_POINT('',(0.0214500001043081,0.0240174677574588,-0.002));
#12022=CARTESIAN_POINT('',(0.0214500001043081,0.0248849353361037,-0.002));
#12023=CARTESIAN_POINT('',(0.0214500001043081,0.0214150650215242,-0.002));
#12024=CARTESIAN_POINT('',(0.0214500001043081,0.0214150650215242,-0.001));
#12025=CARTESIAN_POINT('',(0.0214500001043081,0.0248849353361037,-0.001));
#12026=CARTESIAN_POINT('',(0.0196500001043081,0.0231500001788139,-0.001));
#12027=CARTESIAN_POINT('',(0.0196500001043081,0.0231500001788139,-0.001));
#12028=CARTESIAN_POINT('',(0.0221500001043081,0.0231500001788139,-0.001));
#12029=CARTESIAN_POINT('',(0.0196500001043081,0.0231500001788139,0.00935));
#12030=CARTESIAN_POINT('',(0.0196500001043081,0.0231500001788139,-0.002));
#12031=CARTESIAN_POINT('',(0.0196500001043081,0.0231500001788139,-0.002));
#12032=CARTESIAN_POINT('',(0.0196500001043081,0.0231500001788139,0.00935));
#12033=CARTESIAN_POINT('',(0.0196500001043081,0.0231500001788139,0.0207));
#12034=CARTESIAN_POINT('',(0.0178500001043081,0.0248849353361037,0.0207));
#12035=CARTESIAN_POINT('',(0.0178500001043081,0.0214150650215242,0.0207));
#12036=CARTESIAN_POINT('',(0.0178500001043081,0.0248849353361037,0.0197));
#12037=CARTESIAN_POINT('',(0.0178500001043081,0.0248849353361037,0.027));
#12038=CARTESIAN_POINT('',(0.0196500001043081,0.0231500001788139,0.027));
#12039=CARTESIAN_POINT('',(0.0214500001043081,0.0248849353361037,0.027));
#12040=CARTESIAN_POINT('',(0.0214500001043081,0.0248849353361037,0.0197));
#12041=CARTESIAN_POINT('',(0.0214500001043081,0.0248849353361037,0.0207));
#12042=CARTESIAN_POINT('',(0.0196500001043081,0.0231500001788139,0.0207));
#12043=CARTESIAN_POINT('',(0.0214500001043081,0.0214150650215242,0.0207));
#12044=CARTESIAN_POINT('',(0.0214500001043081,0.0214150650215242,0.0197));
#12045=CARTESIAN_POINT('',(0.0214500001043081,0.0214150650215242,0.027));
#12046=CARTESIAN_POINT('',(0.0196500001043081,0.0231500001788139,0.027));
#12047=CARTESIAN_POINT('',(0.0178500001043081,0.0214150650215242,0.027));
#12048=CARTESIAN_POINT('',(0.0178500001043081,0.0214150650215242,0.0197));
#12049=CARTESIAN_POINT('',(0.0196500001043081,0.0231500001788139,0.0207));
#12050=CARTESIAN_POINT('',(0.0178500001043081,0.0222825326001691,0.0207));
#12051=CARTESIAN_POINT('',(0.0196500001043081,0.0231500001788139,0.0207));
#12052=CARTESIAN_POINT('',(0.0214500001043081,0.0240174677574588,0.0207));
#12053=CARTESIAN_POINT('',(0.0196500001043081,0.0231500001788139,0.027));
#12054=CARTESIAN_POINT('',(0.0178500001043081,0.0284753328219477,0.027));
#12055=CARTESIAN_POINT('',(0.0214500001043081,0.0178246675356802,0.027));
#12056=CARTESIAN_POINT('',(0.0178500001043081,0.0214150650215242,0.0197));
#12057=CARTESIAN_POINT('',(0.0196500001043081,0.0231500001788139,-0.002));
#12058=CARTESIAN_POINT('',(0.0196500001043081,0.0231500001788139,-0.002));
#12059=CARTESIAN_POINT('',(0.0214500001043081,0.0248849353361037,0.0197));
#12060=CARTESIAN_POINT('',(0.0342348770320415,-0.0950884815612384,-0.0243718712704788));
#12061=CARTESIAN_POINT('',(0.0332837044432363,0.0232615640272531,0.0085));
#12062=CARTESIAN_POINT('',(0.033077593428278,0.0232257186333473,0.0085));
#12063=CARTESIAN_POINT('',(0.034577593428278,0.0232257186333473,0.0085));
#12064=CARTESIAN_POINT('',(0.030799999910593,0.0206307821030335,0.0085));
#12065=CARTESIAN_POINT('',(0.030799999910593,0.0202165410599413,0.0085));
#12066=CARTESIAN_POINT('',(0.030799999910593,0.026306586994565,0.0085));
#12067=CARTESIAN_POINT('',(0.031299999910593,0.026306586994565,0.0085));
#12068=CARTESIAN_POINT('',(0.031299999910593,0.025806586994565,0.0085));
#12069=CARTESIAN_POINT('',(0.0307476428244009,0.025806586994565,0.0085));
#12070=CARTESIAN_POINT('',(0.0353197660620717,0.025806586994565,0.0085));
#12071=CARTESIAN_POINT('',(0.0353197660620717,0.025306586994565,0.0085));
#12072=CARTESIAN_POINT('',(0.0358197660620717,0.025306586994565,0.0085));
#12073=CARTESIAN_POINT('',(0.0358197660620717,0.025306586994565,0.0085));
#12074=CARTESIAN_POINT('',(0.0358197660620717,0.0212165410599413,0.0085));
#12075=CARTESIAN_POINT('',(0.0353197660620717,0.0212165410599413,0.0085));
#12076=CARTESIAN_POINT('',(0.0353197660620717,0.0207165410599413,0.0085));
#12077=CARTESIAN_POINT('',(0.0353197660620717,0.0207165410599413,0.0085));
#12078=CARTESIAN_POINT('',(0.031299999910593,0.0207165410599413,0.0085));
#12079=CARTESIAN_POINT('',(0.031299999910593,0.0202165410599413,0.0085));
#12080=CARTESIAN_POINT('',(0.0307476428244009,0.0207165410599413,0.0085));
#12081=CARTESIAN_POINT('',(0.031299999910593,0.0207165410599413,0.00425));
#12082=CARTESIAN_POINT('',(0.031299999910593,0.0207165410599413,0.0105));
#12083=CARTESIAN_POINT('',(0.0353197660620717,0.0207165410599413,0.0085));
#12084=CARTESIAN_POINT('',(0.0353197660620717,0.0207165410599413,0.0105));
#12085=CARTESIAN_POINT('',(0.0353197660620717,0.0207165410599413,0.0105));
#12086=CARTESIAN_POINT('',(0.0353197660620717,0.0212165410599413,0.0085));
#12087=CARTESIAN_POINT('',(0.0358197660620717,0.0212165410599413,0.0085));
#12088=CARTESIAN_POINT('',(0.0358197660620717,0.0212165410599413,0.0105));
#12089=CARTESIAN_POINT('',(0.0353197660620717,0.0212165410599413,0.0105));
#12090=CARTESIAN_POINT('',(0.0358197660620717,0.0212165410599413,0.0085));
#12091=CARTESIAN_POINT('',(0.0358197660620717,0.025306586994565,0.0085));
#12092=CARTESIAN_POINT('',(0.0358197660620717,0.025306586994565,0.0105));
#12093=CARTESIAN_POINT('',(0.0358197660620717,0.025306586994565,0.0105));
#12094=CARTESIAN_POINT('',(0.0353197660620717,0.025306586994565,0.0085));
#12095=CARTESIAN_POINT('',(0.0353197660620717,0.025806586994565,0.0085));
#12096=CARTESIAN_POINT('',(0.0353197660620717,0.025806586994565,0.0105));
#12097=CARTESIAN_POINT('',(0.0353197660620717,0.025306586994565,0.0105));
#12098=CARTESIAN_POINT('',(0.033077593428278,0.0232257186333473,0.0085));
#12099=CARTESIAN_POINT('',(0.033077593428278,0.0232257186333473,0.0105));
#12100=CARTESIAN_POINT('',(0.034577593428278,0.0232257186333473,0.0105));
#12101=CARTESIAN_POINT('',(0.0332837044432363,0.0232615640272531,0.0105));
#12102=CARTESIAN_POINT('',(0.030799999910593,0.0206307821030335,0.0105));
#12103=CARTESIAN_POINT('',(0.030799999910593,0.026306586994565,0.0105));
#12104=CARTESIAN_POINT('',(0.030799999910593,0.0202165410599413,0.0105));
#12105=CARTESIAN_POINT('',(0.031299999910593,0.0202165410599413,0.0105));
#12106=CARTESIAN_POINT('',(0.0307476428244009,0.025806586994565,0.0105));
#12107=CARTESIAN_POINT('',(0.031299999910593,0.025806586994565,0.0105));
#12108=CARTESIAN_POINT('',(0.031299999910593,0.026306586994565,0.0105));
#12109=CARTESIAN_POINT('',(0.0353197660620717,0.025806586994565,0.0085));
#12110=CARTESIAN_POINT('',(0.031299999910593,0.025806586994565,0.00425));
#12111=CARTESIAN_POINT('',(0.012399999910593,0.0231500001788139,0.));
#12112=CARTESIAN_POINT('',(-0.00419999990612268,0.0140000010795891,0.));
#12113=CARTESIAN_POINT('',(-0.00328408559206734,0.0140000010795891,0.));
#12114=CARTESIAN_POINT('',(0.019599999910593,0.0231500001788139,0.));
#12115=CARTESIAN_POINT('',(0.023349999910593,0.0231500001788139,0.));
#12116=CARTESIAN_POINT('',(-0.00419999990612268,0.0322999992780387,0.));
#12117=CARTESIAN_POINT('',(-0.00328408559206734,0.0322999992780387,0.));
#12118=CARTESIAN_POINT('',(0.00839999981224537,0.0231999994814396,0.));
#12119=CARTESIAN_POINT('',(0.00639999985694885,0.0231999994814396,0.));
#12120=CARTESIAN_POINT('',(-0.000714468588776978,0.0313180229595516,2.22044604925031E-18));
#12121=CARTESIAN_POINT('',(0.000885531411223022,0.0313180229595516,2.26802703601996E-18));
#12122=CARTESIAN_POINT('',(-0.000740483065234355,0.0140183961154516,-2.22044604925031E-18));
#12123=CARTESIAN_POINT('',(0.000859516934765645,0.0140183961154516,-2.17286506248066E-18));
#12124=CARTESIAN_POINT('',(0.024799999910593,0.0180000001788139,0.));
#12125=CARTESIAN_POINT('',(0.024799999910593,0.0120000001788139,0.));
#12126=CARTESIAN_POINT('',(0.030799999910593,0.0180000001788139,0.));
#12127=CARTESIAN_POINT('',(-0.00600000008940697,0.0120000001788139,0.));
#12128=CARTESIAN_POINT('',(-0.00600000008940697,0.0120000001788139,0.));
#12129=CARTESIAN_POINT('',(-0.00600000008940697,0.0343000001788139,0.));
#12130=CARTESIAN_POINT('',(-0.00600000008940697,0.017075463159419,-1.11022302462516E-18));
#12131=CARTESIAN_POINT('',(-0.00600000008940697,0.017075463159419,-1.11022302462516E-18));
#12132=CARTESIAN_POINT('',(-0.017500000089407,0.017075463159419,0.));
#12133=CARTESIAN_POINT('',(-0.017500000089407,0.0343000001788139,0.));
#12134=CARTESIAN_POINT('',(-0.017500000089407,0.0292245371982089,0.));
#12135=CARTESIAN_POINT('',(-0.00600000008940697,0.0292245371982089,-1.11022302462516E-18));
#12136=CARTESIAN_POINT('',(-0.00600000008940697,0.0292245371982089,-1.11022302462516E-18));
#12137=CARTESIAN_POINT('',(-0.00600000008940697,0.0343000001788139,0.));
#12138=CARTESIAN_POINT('',(-0.00600000008940697,0.0343000001788139,0.));
#12139=CARTESIAN_POINT('',(0.024799999910593,0.0343000001788139,0.));
#12140=CARTESIAN_POINT('',(0.024799999910593,0.0343000001788139,0.));
#12141=CARTESIAN_POINT('',(0.024799999910593,0.0283000001788139,0.));
#12142=CARTESIAN_POINT('',(0.030799999910593,0.0283000001788139,0.));
#12143=CARTESIAN_POINT('',(0.030799999910593,0.0180000001788139,0.));
#12144=CARTESIAN_POINT('',(0.012399999910593,0.0231500001788139,0.0187));
#12145=CARTESIAN_POINT('',(-0.00419999990612268,0.0140000010795891,0.0187));
#12146=CARTESIAN_POINT('',(-0.00328408559206734,0.0140000010795891,0.0187));
#12147=CARTESIAN_POINT('',(0.019599999910593,0.0231500001788139,0.0187));
#12148=CARTESIAN_POINT('',(0.023349999910593,0.0231500001788139,0.0187));
#12149=CARTESIAN_POINT('',(-0.00419999990612268,0.0322999992780387,0.0187));
#12150=CARTESIAN_POINT('',(-0.00328408559206734,0.0322999992780387,0.0187));
#12151=CARTESIAN_POINT('',(0.00828907136049545,0.0231890433868814,0.0187));
#12152=CARTESIAN_POINT('',(0.0103346859819554,0.0231890433868814,0.0187));
#12153=CARTESIAN_POINT('',(-0.000714468588776979,0.0313180229595516,0.0187));
#12154=CARTESIAN_POINT('',(0.000885531411223021,0.0313180229595516,0.0187));
#12155=CARTESIAN_POINT('',(-0.000740483065234355,0.0140183961154516,0.0187));
#12156=CARTESIAN_POINT('',(0.000859516934765645,0.0140183961154516,0.0187));
#12157=CARTESIAN_POINT('',(0.024799999910593,0.0180000001788139,0.0187));
#12158=CARTESIAN_POINT('',(0.024799999910593,0.0120000001788139,0.0187));
#12159=CARTESIAN_POINT('',(0.030799999910593,0.0180000001788139,0.0187));
#12160=CARTESIAN_POINT('',(0.030799999910593,0.0180000001788139,0.0187));
#12161=CARTESIAN_POINT('',(0.030799999910593,0.0283000001788139,0.0187));
#12162=CARTESIAN_POINT('',(0.024799999910593,0.0283000001788139,0.0187));
#12163=CARTESIAN_POINT('',(0.024799999910593,0.0343000001788139,0.0187));
#12164=CARTESIAN_POINT('',(0.024799999910593,0.0343000001788139,0.0187));
#12165=CARTESIAN_POINT('',(-0.00600000008940697,0.0343000001788139,0.0187));
#12166=CARTESIAN_POINT('',(-0.00600000008940697,0.0343000001788139,0.0187));
#12167=CARTESIAN_POINT('',(-0.00600000008940697,0.0292245371982089,0.0187));
#12168=CARTESIAN_POINT('',(-0.00600000008940697,0.0292245371982089,0.0187));
#12169=CARTESIAN_POINT('',(-0.017500000089407,0.0292245371982089,0.0187));
#12170=CARTESIAN_POINT('',(-0.017500000089407,0.0120000001788139,0.0187));
#12171=CARTESIAN_POINT('',(-0.017500000089407,0.017075463159419,0.0187));
#12172=CARTESIAN_POINT('',(-0.00600000008940697,0.017075463159419,0.0187));
#12173=CARTESIAN_POINT('',(-0.00600000008940697,0.017075463159419,0.0187));
#12174=CARTESIAN_POINT('',(-0.00600000008940697,0.0343000001788139,0.0187));
#12175=CARTESIAN_POINT('',(-0.00600000008940697,0.0120000001788139,0.0187));
#12176=CARTESIAN_POINT('',(-0.00600000008940697,0.0120000001788139,0.0187));
#12177=CARTESIAN_POINT('',(0.024799999910593,0.0180000001788139,0.));
#12178=CARTESIAN_POINT('',(0.030799999910593,0.0180000001788139,0.));
#12179=CARTESIAN_POINT('',(0.024799999910593,0.0120000001788139,0.));
#12180=CARTESIAN_POINT('',(0.024799999910593,0.0283000001788139,0.));
#12181=CARTESIAN_POINT('',(0.024799999910593,0.0343000001788139,0.));
#12182=CARTESIAN_POINT('',(0.030799999910593,0.0283000001788139,0.));
#12183=CARTESIAN_POINT('',(0.024799999910593,0.0343000001788139,0.));
#12184=CARTESIAN_POINT('',(-0.00600000008940697,0.0343000001788139,0.));
#12185=CARTESIAN_POINT('',(-0.00600000008940697,0.0343000001788139,0.00935));
#12186=CARTESIAN_POINT('',(-0.00600000008940697,0.0343000001788139,0.));
#12187=CARTESIAN_POINT('',(-0.00600000008940697,0.0120000001788139,0.));
#12188=CARTESIAN_POINT('',(-0.00600000008940697,0.0120000001788139,0.));
#12189=CARTESIAN_POINT('',(-0.00600000008940697,0.0120000001788139,0.00935));
#12190=CARTESIAN_POINT('',(-0.00600000008940697,0.0120000001788139,0.));
#12191=CARTESIAN_POINT('',(-0.00419999990612268,0.0322999992780387,0.));
#12192=CARTESIAN_POINT('',(0.019599999910593,0.0231500001788139,0.));
#12193=CARTESIAN_POINT('',(-0.00419999990612268,0.0140000010795891,0.));
#12194=CARTESIAN_POINT('',(0.00828907136049545,0.0231890433868814,0.0207));
#12195=CARTESIAN_POINT('',(0.00828907136049545,0.0231890433868814,0.0207));
#12196=CARTESIAN_POINT('',(0.0103346859819554,0.0231890433868814,0.0207));
#12197=CARTESIAN_POINT('',(0.00828907136049545,0.0231890433868814,0.0187));
#12198=CARTESIAN_POINT('',(0.00839999981224537,0.0231999994814396,-0.002));
#12199=CARTESIAN_POINT('',(0.00839999981224537,0.0231999994814396,-0.002));
#12200=CARTESIAN_POINT('',(0.00639999985694885,0.0231999994814396,-0.002));
#12201=CARTESIAN_POINT('',(0.00839999981224537,0.0231999994814396,0.));
#12202=CARTESIAN_POINT('',(0.031299999910593,0.026306586994565,0.00425));
#12203=CARTESIAN_POINT('',(0.030799999910593,0.026306586994565,0.00425));
#12204=CARTESIAN_POINT('',(0.030799999910593,0.0180000001788139,0.));
#12205=CARTESIAN_POINT('',(0.030799999910593,0.0202165410599413,0.00425));
#12206=CARTESIAN_POINT('',(0.031299999910593,0.0202165410599413,0.00425));
#12207=CARTESIAN_POINT('',(-0.00600000008940697,0.0343000001788139,0.));
#12208=CARTESIAN_POINT('',(-0.00600000008940697,0.0231500001788139,0.00935));
#12209=CARTESIAN_POINT('',(-0.00600000008940697,0.0343000001788139,0.));
#12210=CARTESIAN_POINT('',(-0.00600000008940697,0.0231500001788139,0.00935));
#12211=CARTESIAN_POINT('',(-0.00600000008940697,0.0343000001788139,0.));
#12212=CARTESIAN_POINT('',(-0.00600000008940697,0.0231500001788139,0.00935));
#12213=CARTESIAN_POINT('',(-0.00600000008940697,0.0343000001788139,0.));
#12214=CARTESIAN_POINT('',(-0.00600000008940697,0.0231500001788139,0.00935));
#12215=CARTESIAN_POINT('',(-0.017500000089407,0.0231500001788139,0.00935));
#12216=CARTESIAN_POINT('',(-0.017500000089407,0.0231500001788139,0.00935));
#12217=CARTESIAN_POINT('',(-0.017500000089407,0.0231500001788139,0.00935));
#12218=CARTESIAN_POINT('',(-0.00600000008940697,0.0231500001788139,0.00935));
#12219=CARTESIAN_POINT('',(-0.00600000008940697,0.0231500001788139,0.00935));
#12220=CARTESIAN_POINT('',(-0.000714468588776979,0.0313180229595516,0.0187));
#12221=CARTESIAN_POINT('',(-0.000740483065234355,0.0140183961154516,0.0187));
#12222=CARTESIAN_POINT('',(0.0342348770320415,-0.0523973146412351,-0.0281500019227006));
#12223=CARTESIAN_POINT('',(0.,0.,0.));
#12224=CARTESIAN_POINT('',(-0.0148651230573654,-0.0219973145518281,-0.0281500019227006));
#12225=CARTESIAN_POINT('',(-0.0148651230573654,-0.0219973145518281,-0.0281500019227006));
#12226=CARTESIAN_POINT('',(-0.0148651230573654,-0.0219973145518281,-0.0281500019227006));
#12227=CARTESIAN_POINT('',(0.,0.,0.));
#12228=CARTESIAN_POINT('',(-0.07,0.,0.));
#12229=CARTESIAN_POINT('',(-0.07,-8.97700562181073E-18,-0.0494185424949238));
#12230=CARTESIAN_POINT('',(-0.07,0.00164999999999999,-0.0494185424949238));
#12231=CARTESIAN_POINT('',(-0.07,9.14839908764713E-16,3.16968673530482E-14));
#12232=CARTESIAN_POINT('',(-0.0699999935111356,-0.0497652850500827,-0.00440630682437067));
#12233=CARTESIAN_POINT('',(-0.07,-0.00440623675331063,-0.0497652858760057));
#12234=CARTESIAN_POINT('',(-0.07,-0.00440624040686763,-0.0497652714930757));
#12235=CARTESIAN_POINT('',(-0.07,-0.00410887816835828,-0.0492984475337057));
#12236=CARTESIAN_POINT('',(-0.07,-0.00376380585911679,-0.0488624499208678));
#12237=CARTESIAN_POINT('',(-0.07,-0.00336987553407475,-0.0484735658923047));
#12238=CARTESIAN_POINT('',(-0.0699999799575813,-0.00336991375741417,-0.0484735271729657));
#12239=CARTESIAN_POINT('',(-0.07,-8.8637257928896E-18,-0.0494185424949238));
#12240=CARTESIAN_POINT('',(-0.07,0.00336993496456849,-0.0484735192851319));
#12241=CARTESIAN_POINT('',(-0.07,0.00336989586172788,-0.0484735588968926));
#12242=CARTESIAN_POINT('',(-0.07,0.00376379786147839,-0.0488624001606094));
#12243=CARTESIAN_POINT('',(-0.07,0.00410899637327422,-0.0492984677653062));
#12244=CARTESIAN_POINT('',(-0.07,0.00440631381335444,-0.0497652714991556));
#12245=CARTESIAN_POINT('',(-0.0699999935111356,0.00440630682436881,-0.049765285050055));
#12246=CARTESIAN_POINT('',(-0.07,9.14839908764713E-16,3.16968673530482E-14));
#12247=CARTESIAN_POINT('',(-0.07,0.0497652807572813,-0.0044063598903825));
#12248=CARTESIAN_POINT('',(-0.07,0.0497652722535051,-0.00440636246914788));
#12249=CARTESIAN_POINT('',(-0.07,0.0492984480714007,-0.00410897244136209));
#12250=CARTESIAN_POINT('',(-0.07,0.0488625112640321,-0.00376381234263452));
#12251=CARTESIAN_POINT('',(-0.07,0.0484735419543761,-0.00336994997516985));
#12252=CARTESIAN_POINT('',(-0.0699999879905881,0.0484735269603474,-0.00336996478290752));
#12253=CARTESIAN_POINT('',(-0.07,0.0494185424949238,2.14313189850787E-19));
#12254=CARTESIAN_POINT('',(-0.07,0.0484735312667481,0.00337005414323131));
#12255=CARTESIAN_POINT('',(-0.07,0.0484735158772357,0.0033700959919882));
#12256=CARTESIAN_POINT('',(-0.07,0.0488624172597431,0.00376398533420129));
#12257=CARTESIAN_POINT('',(-0.07,0.049298385675268,0.00410936830972643));
#12258=CARTESIAN_POINT('',(-0.07,0.0497652667829216,0.00440663168974677));
#12259=CARTESIAN_POINT('',(-0.07,0.0497652646726074,0.00440663500420089));
#12260=CARTESIAN_POINT('',(-0.07,9.14839908764713E-16,3.16968673530482E-14));
#12261=CARTESIAN_POINT('',(-0.07,0.00440623675331414,0.0497652858760689));
#12262=CARTESIAN_POINT('',(-0.07,0.00440624040687113,0.049765271493139));
#12263=CARTESIAN_POINT('',(-0.07,0.00410887816836593,0.0492984475337643));
#12264=CARTESIAN_POINT('',(-0.07,0.00376380585912782,0.0488624499209214));
#12265=CARTESIAN_POINT('',(-0.07,0.00336987553408837,0.0484735658923532));
#12266=CARTESIAN_POINT('',(-0.0699999799575813,0.00336991375742777,0.0484735271730142));
#12267=CARTESIAN_POINT('',(-0.07,2.81169980439601E-18,0.0494185424949238));
#12268=CARTESIAN_POINT('',(-0.07,-0.00336993496458202,0.0484735192851801));
#12269=CARTESIAN_POINT('',(-0.07,-0.00336989586174144,0.0484735588969409));
#12270=CARTESIAN_POINT('',(-0.07,-0.00376379786148925,0.0488624001606629));
#12271=CARTESIAN_POINT('',(-0.07,-0.00410899637328167,0.0492984677653645));
#12272=CARTESIAN_POINT('',(-0.07,-0.00440631381335786,0.0497652714992185));
#12273=CARTESIAN_POINT('',(-0.0699999935111356,-0.00440630682437225,0.0497652850501179));
#12274=CARTESIAN_POINT('',(-0.07,9.14839908764713E-16,3.16968673530482E-14));
#12275=CARTESIAN_POINT('',(-0.07,-0.0497652858760392,0.00440623675331211));
#12276=CARTESIAN_POINT('',(-0.07,-0.0497652714931092,0.0044062404068691));
#12277=CARTESIAN_POINT('',(-0.07,-0.0492984475337367,0.00410887816836208));
#12278=CARTESIAN_POINT('',(-0.07,-0.0488624499208962,0.00376380585912244));
#12279=CARTESIAN_POINT('',(-0.07,-0.0484735658923304,0.00336987553408192));
#12280=CARTESIAN_POINT('',(-0.0699999799575813,-0.0484735271729915,0.00336991375742138));
#12281=CARTESIAN_POINT('',(-0.07,-0.0494185424949238,5.8377127986428E-18));
#12282=CARTESIAN_POINT('',(-0.07,-0.0484735192851532,-0.00336993496457447));
#12283=CARTESIAN_POINT('',(-0.07,-0.0484735588969139,-0.00336989586173387));
#12284=CARTESIAN_POINT('',(-0.07,-0.048862400160633,-0.00376379786148331));
#12285=CARTESIAN_POINT('',(-0.07,-0.0492984677653319,-0.00410899637327775));
#12286=CARTESIAN_POINT('',(-0.07,-0.0497652714991833,-0.00440631381335631));
#12287=CARTESIAN_POINT('',(-0.07,-0.0494185424949238,5.95099262756394E-18));
#12288=CARTESIAN_POINT('',(-0.07,-0.0494185424949238,-0.00164999999999999));
#12289=CARTESIAN_POINT('',(-0.07,2.92497963331714E-18,0.0494185424949238));
#12290=CARTESIAN_POINT('',(-0.07,-0.00165,0.0494185424949238));
#12291=CARTESIAN_POINT('',(-0.07,0.0494185424949238,1.01033360929657E-19));
#12292=CARTESIAN_POINT('',(-0.07,0.0494185424949238,0.00165));
#12293=CARTESIAN_POINT('',(-0.07,-1.42477179352876E-33,5.51091059616309E-18));
#12294=CARTESIAN_POINT('',(-0.07,-1.42477179352876E-33,-0.0565685424949238));
#12295=CARTESIAN_POINT('',(-0.090002,4.84017154427008E-18,0.08535));
#12296=CARTESIAN_POINT('',(3.08160540136261E-12,-0.00135883804226046,0.082675386163405));
#12297=CARTESIAN_POINT('',(-0.00159718249139925,-0.00135890316267443,0.082675419247843));
#12298=CARTESIAN_POINT('',(-0.00468687018016902,-0.00133913061175985,0.0826652347056955));
#12299=CARTESIAN_POINT('',(-0.00829161464898223,-0.00126362044503932,0.0826284364472219));
#12300=CARTESIAN_POINT('',(-0.0106730023069022,-0.00118315185903759,0.0825929041555944));
#12301=CARTESIAN_POINT('',(-0.0118367337315762,-0.00113542009036306,0.0825730890617266));
#12302=CARTESIAN_POINT('',(-0.0123999294942548,-0.00111018633836511,0.0825629589428748));
#12303=CARTESIAN_POINT('',(-0.012735654404421,-0.00109451251917794,0.082556774329055));
#12304=CARTESIAN_POINT('',(-0.0133265628627526,-0.00106593944319228,0.0825456587552591));
#12305=CARTESIAN_POINT('',(-0.0141386889912626,-0.0010228659123575,0.0825295219660593));
#12306=CARTESIAN_POINT('',(-0.0155163973898007,-0.00093880728896445,0.0825000376761015));
#12307=CARTESIAN_POINT('',(-0.0164345417100157,-0.000869152258824602,0.08247819932645));
#12308=CARTESIAN_POINT('',(-0.0170000000074113,-0.000819494267361159,0.0824640982092659));
#12309=CARTESIAN_POINT('',(1.54074154353398E-12,-0.00135884532401042,0.0826753718306673));
#12310=CARTESIAN_POINT('',(-0.0169999971526089,-0.000819466535430007,0.0824640813910012));
#12311=CARTESIAN_POINT('',(-0.017,-3.07682471061761E-14,0.0853500000000326));
#12312=CARTESIAN_POINT('',(-0.0169999939556727,0.000819505027422375,0.0824640955635809));
#12313=CARTESIAN_POINT('',(-0.0170000000286639,0.000819567511993875,0.0824641190091613));
#12314=CARTESIAN_POINT('',(-0.0164345151837499,0.000869234923741974,0.0824782241636021));
#12315=CARTESIAN_POINT('',(-0.0155121409589377,0.000939086742258612,0.0825001373728368));
#12316=CARTESIAN_POINT('',(-0.0143106934551412,0.00101242222395628,0.0825258515972945));
#12317=CARTESIAN_POINT('',(-0.0135832960308173,0.00105226514076163,0.0825405424028907));
#12318=CARTESIAN_POINT('',(-0.0131232069942576,0.00107577603143599,0.0825494826011301));
#12319=CARTESIAN_POINT('',(-0.0127234875157257,0.00109507584502275,0.0825569954473849));
#12320=CARTESIAN_POINT('',(-0.0123997537524796,0.00111018283124317,0.0825629586842684));
#12321=CARTESIAN_POINT('',(-0.0118294661818362,0.00113575023675605,0.0825732218291957));
#12322=CARTESIAN_POINT('',(-0.0106714387508846,0.00118321134949689,0.0825929336486783));
#12323=CARTESIAN_POINT('',(-0.00828730318082305,0.0012638102439671,0.082628520083498));
#12324=CARTESIAN_POINT('',(-0.00468599705206729,0.00133916787556903,0.0826652565950642));
#12325=CARTESIAN_POINT('',(-0.00159671556343667,0.00135893706230281,0.0826754364714468));
#12326=CARTESIAN_POINT('',(4.84079508441929E-12,0.00135885950827602,0.0826753970693264));
#12327=CARTESIAN_POINT('',(-3.93601311868379E-17,0.00135886690297622,0.0826753825145573));
#12328=CARTESIAN_POINT('',(-4.32759562648696E-17,1.58622376659561E-17,0.08535));
#12329=CARTESIAN_POINT('',(-0.090002,0.08535,-3.81912227548098E-17));
#12330=CARTESIAN_POINT('',(3.08160432761019E-12,0.0826753861634006,0.00135883804225198));
#12331=CARTESIAN_POINT('',(-0.00159718249067737,0.0826754192478387,0.00135890316266592));
#12332=CARTESIAN_POINT('',(-0.00468687017851862,0.0826652347056906,0.00133913061175027));
#12333=CARTESIAN_POINT('',(-0.00829161464749439,0.0826284364472149,0.00126362044502432));
#12334=CARTESIAN_POINT('',(-0.0106730023061677,0.0825929041555862,0.00118315185901885));
#12335=CARTESIAN_POINT('',(-0.0118367337314471,0.082573089061717,0.00113542009033952));
#12336=CARTESIAN_POINT('',(-0.0123999294943892,0.0825629589428657,0.00111018633834254));
#12337=CARTESIAN_POINT('',(-0.0127356544048501,0.0825567743290442,0.00109451251915025));
#12338=CARTESIAN_POINT('',(-0.0133265628628901,0.0825456587552594,0.00106593944319232));
#12339=CARTESIAN_POINT('',(-0.0141386889913274,0.082529521966066,0.00102286591237588));
#12340=CARTESIAN_POINT('',(-0.0155163973896482,0.0825000376761151,0.000938807289005106));
#12341=CARTESIAN_POINT('',(-0.0164345417099178,0.0824781993264586,0.0008691522588539));
#12342=CARTESIAN_POINT('',(-0.0170000000074113,0.0824640982092689,0.000819494267371653));
#12343=CARTESIAN_POINT('',(1.54075648955337E-12,0.082675371830663,0.00135884532400194));
#12344=CARTESIAN_POINT('',(-0.0169999971526084,0.082464081390984,0.000819466535440105));
#12345=CARTESIAN_POINT('',(-0.017,0.0853500000000018,6.33778938997495E-14));
#12346=CARTESIAN_POINT('',(-0.0169999937644476,0.0824640973061206,-0.000819511163327566));
#12347=CARTESIAN_POINT('',(-0.0170000000293304,0.0824641213262081,-0.000819575670791486));
#12348=CARTESIAN_POINT('',(-0.0164342498828549,0.0824782331177289,-0.000869265918623612));
#12349=CARTESIAN_POINT('',(-0.0155112106432831,0.082500159896071,-0.000939156427232334));
#12350=CARTESIAN_POINT('',(-0.0143089743455464,0.0825258876653085,-0.00101252386561748));
#12351=CARTESIAN_POINT('',(-0.0135806031513248,0.0825405949477171,-0.00105240508092522));
#12352=CARTESIAN_POINT('',(-0.0131208777159357,0.0825495274286515,-0.00107589369661021));
#12353=CARTESIAN_POINT('',(-0.0127191111980461,0.0825570764110981,-0.00109528188421995));
#12354=CARTESIAN_POINT('',(-0.0124017689304694,0.0825629221781048,-0.00111008973451388));
#12355=CARTESIAN_POINT('',(-0.0118276655643019,0.0825732575078095,-0.0011358404432955));
#12356=CARTESIAN_POINT('',(-0.0106726069259014,0.0825929168681818,-0.00118316759869137));
#12357=CARTESIAN_POINT('',(-0.00828676204519538,0.0826285382395954,-0.00126385519664067));
#12358=CARTESIAN_POINT('',(-0.00468670068386775,0.0826652516152533,-0.00133915481248123));
#12359=CARTESIAN_POINT('',(-0.00159689997676296,0.0826754364759922,-0.00135893707124941));
#12360=CARTESIAN_POINT('',(4.84079517554574E-12,0.082675397069321,-0.0013588595082655));
#12361=CARTESIAN_POINT('',(-2.95630229308812E-17,0.0826753825145519,-0.00135886690296568));
#12362=CARTESIAN_POINT('',(-2.75974156187856E-17,0.08535,-1.06360574505948E-17));
#12363=CARTESIAN_POINT('',(-0.090002,-1.64319433569194E-17,-0.08535));
#12364=CARTESIAN_POINT('',(3.08160343081464E-12,0.00135883804223981,-0.0826753861633944));
#12365=CARTESIAN_POINT('',(-0.00159718249072234,0.00135890316265375,-0.0826754192478324));
#12366=CARTESIAN_POINT('',(-0.00468687017863932,0.00133913061173726,-0.082665234705684));
#12367=CARTESIAN_POINT('',(-0.00829161464771766,0.00126362044500601,-0.0826284364472063));
#12368=CARTESIAN_POINT('',(-0.0106730023063984,0.00118315185899777,-0.0825929041555771));
#12369=CARTESIAN_POINT('',(-0.0118367337317511,0.00113542009031317,-0.0825730890617062));
#12370=CARTESIAN_POINT('',(-0.0123999294946272,0.00111018633831832,-0.082562958942856));
#12371=CARTESIAN_POINT('',(-0.0127356544052149,0.00109451251911937,-0.082556774329032));
#12372=CARTESIAN_POINT('',(-0.0133265628630416,0.00106593944316991,-0.0825456587552508));
#12373=CARTESIAN_POINT('',(-0.0141386889913788,0.00102286591235593,-0.0825295219660588));
#12374=CARTESIAN_POINT('',(-0.0155163973895208,0.000938807288988963,-0.0825000376761098));
#12375=CARTESIAN_POINT('',(-0.0164345417098319,0.000869152258831711,-0.0824781993264517));
#12376=CARTESIAN_POINT('',(-0.0170000000074113,0.000819494267342236,-0.0824640982092605));
#12377=CARTESIAN_POINT('',(1.54079097528977E-12,0.00135884532398976,-0.0826753718306568));
#12378=CARTESIAN_POINT('',(-0.0169999971526087,0.00081946653541708,-0.0824640813909655));
#12379=CARTESIAN_POINT('',(-0.017,3.26042154850191E-14,-0.0853499999999692));
#12380=CARTESIAN_POINT('',(-0.016999993764448,-0.000819511163304852,-0.0824640973060935));
#12381=CARTESIAN_POINT('',(-0.0170000000293304,-0.000819575670758749,-0.0824641213261988));
#12382=CARTESIAN_POINT('',(-0.0164342498830025,-0.000869265918568995,-0.0824782331177128));
#12383=CARTESIAN_POINT('',(-0.0155112106434823,-0.000939156427166352,-0.082500159896049));
#12384=CARTESIAN_POINT('',(-0.014308974345547,-0.00101252386557222,-0.082525887665292));
#12385=CARTESIAN_POINT('',(-0.013580603151094,-0.00105240508090348,-0.0825405949477089));
#12386=CARTESIAN_POINT('',(-0.0131208777156121,-0.0010758936966029,-0.0825495274286486));
#12387=CARTESIAN_POINT('',(-0.0127191111974314,-0.00109528188423652,-0.0825570764111046));
#12388=CARTESIAN_POINT('',(-0.0124017689302675,-0.00111008973451958,-0.082562922178107));
#12389=CARTESIAN_POINT('',(-0.0118276655643142,-0.00113584044330518,-0.0825732575078134));
#12390=CARTESIAN_POINT('',(-0.0106726069265982,-0.00118316759869307,-0.0825929168681827));
#12391=CARTESIAN_POINT('',(-0.00828676204666209,-0.00126385519663911,-0.0826285382395946));
#12392=CARTESIAN_POINT('',(-0.00468670068555118,-0.00133915481247211,-0.0826652516152488));
#12393=CARTESIAN_POINT('',(-0.00159689997750077,-0.00135893707123918,-0.082675436475987));
#12394=CARTESIAN_POINT('',(4.84079377952192E-12,-0.00135885950825522,-0.0826753970693158));
#12395=CARTESIAN_POINT('',(1.33048435614762E-17,-0.00135886690295542,-0.0826753825145467));
#12396=CARTESIAN_POINT('',(8.9858458887437E-18,-5.40987723523344E-18,-0.08535));
#12397=CARTESIAN_POINT('',(-0.090002,-0.08535,-2.73714682843429E-17));
#12398=CARTESIAN_POINT('',(3.08160450456706E-12,-0.0826753861633991,-0.00135883804224892));
#12399=CARTESIAN_POINT('',(-0.00159718249070367,-0.0826754192478371,-0.00135890316266287));
#12400=CARTESIAN_POINT('',(-0.00468687017859088,-0.0826652347056888,-0.00133913061174672));
#12401=CARTESIAN_POINT('',(-0.00829161464762977,-0.0826284364472117,-0.00126362044501773));
#12402=CARTESIAN_POINT('',(-0.0106730023063148,-0.0825929041555826,-0.00118315185901049));
#12403=CARTESIAN_POINT('',(-0.0118367337316364,-0.0825730890617124,-0.00113542009032823));
#12404=CARTESIAN_POINT('',(-0.0123999294945465,-0.0825629589428616,-0.00111018633833225));
#12405=CARTESIAN_POINT('',(-0.0127356544050743,-0.0825567743290387,-0.00109451251913644));
#12406=CARTESIAN_POINT('',(-0.0133265628629807,-0.0825456587552562,-0.00106593944318397));
#12407=CARTESIAN_POINT('',(-0.0141386889913494,-0.0825295219660637,-0.00102286591236954));
#12408=CARTESIAN_POINT('',(-0.0155163973895584,-0.0825000376761139,-0.000938807289001514));
#12409=CARTESIAN_POINT('',(-0.0164345417098583,-0.0824781993264562,-0.000869152258846571));
#12410=CARTESIAN_POINT('',(-0.0170000000074113,-0.0824640982092655,-0.000819494267359686));
#12411=CARTESIAN_POINT('',(1.54077760136341E-12,-0.0826753718306614,-0.00135884532399888));
#12412=CARTESIAN_POINT('',(-0.0169999971526086,-0.0824640813909887,-0.000819466535428145));
#12413=CARTESIAN_POINT('',(-0.017,-0.08535,-5.02105187650415E-18));
#12414=CARTESIAN_POINT('',(-0.0169999937644476,-0.0824640973061115,0.000819511163330451));
#12415=CARTESIAN_POINT('',(-0.0170000000293304,-0.0824641213262082,0.000819575670791572));
#12416=CARTESIAN_POINT('',(-0.0164342498829455,-0.0824782331177258,0.000869265918612595));
#12417=CARTESIAN_POINT('',(-0.0155112106434031,-0.0825001598960651,0.000939156427214874));
#12418=CARTESIAN_POINT('',(-0.0143089743455362,-0.0825258876653052,0.00101252386560857));
#12419=CARTESIAN_POINT('',(-0.0135806031511685,-0.0825405949477177,0.00105240508092688));
#12420=CARTESIAN_POINT('',(-0.0131208777157149,-0.0825495274286545,0.00107589369661804));
#12421=CARTESIAN_POINT('',(-0.0127191111976507,-0.0825570764111057,0.00109528188423926));
#12422=CARTESIAN_POINT('',(-0.0124017689302928,-0.0825629221781095,0.00111008973452573));
#12423=CARTESIAN_POINT('',(-0.0118276655641668,-0.0825732575078154,0.00113584044331008));
#12424=CARTESIAN_POINT('',(-0.0106726069260539,-0.0825929168681858,0.00118316759870047));
#12425=CARTESIAN_POINT('',(-0.00828676204562841,-0.0826285382395986,0.00126385519664753));
#12426=CARTESIAN_POINT('',(-0.00468670068442811,-0.0826652516152541,0.00133915481248289));
#12427=CARTESIAN_POINT('',(-0.00159689997701185,-0.0826754364759927,0.00135893707125032));
#12428=CARTESIAN_POINT('',(4.84079368839548E-12,-0.0826753970693215,0.00135885950826639));
#12429=CARTESIAN_POINT('',(-1.06411030454148E-17,-0.0826753825145524,0.00135886690296659));
#12430=CARTESIAN_POINT('',(-6.69269475734029E-18,-0.08535,1.83697019872101E-19));
#12431=CARTESIAN_POINT('',(-1.71450551880727E-17,9.14839908764713E-16,3.16968673530482E-14));
#12432=CARTESIAN_POINT('',(-0.0700000037981259,0.00440630711769025,-0.0497652883628575));
#12433=CARTESIAN_POINT('',(-0.0696099895538359,0.00442712165826374,-0.0503120406116324));
#12434=CARTESIAN_POINT('',(-0.0690431889871548,0.00431665979248567,-0.0511001590160041));
#12435=CARTESIAN_POINT('',(-0.0682821754396584,0.00384440974217697,-0.0521448031607552));
#12436=CARTESIAN_POINT('',(-0.0677956482674997,0.0033797505675423,-0.0528079266992816));
#12437=CARTESIAN_POINT('',(-0.0673053422223164,0.00268493790651895,-0.0534706782580031));
#12438=CARTESIAN_POINT('',(-0.0670289292231798,0.00207989258234362,-0.05384231469924));
#12439=CARTESIAN_POINT('',(-0.0668324900164285,0.00145020646172373,-0.0541055257726445));
#12440=CARTESIAN_POINT('',(-0.0666989064422103,0.000829704942012923,-0.0542839806590599));
#12441=CARTESIAN_POINT('',(-0.0666287387435514,1.28910976311359E-5,-0.0543777469981893));
#12442=CARTESIAN_POINT('',(-0.0666951172965134,-0.000804779107585289,-0.0542890123581859));
#12443=CARTESIAN_POINT('',(-0.0668261649229281,-0.00142652519957247,-0.0541139627865776));
#12444=CARTESIAN_POINT('',(-0.0670197968946493,-0.00205700815469408,-0.0538545639480383));
#12445=CARTESIAN_POINT('',(-0.067296301379085,-0.00266965533542176,-0.0534828498141164));
#12446=CARTESIAN_POINT('',(-0.067785573122561,-0.00336853568751935,-0.0528215943352762));
#12447=CARTESIAN_POINT('',(-0.068275122798618,-0.00383963699129725,-0.0521544466155457));
#12448=CARTESIAN_POINT('',(-0.0690405052102832,-0.00431701916118952,-0.0511038142956765));
#12449=CARTESIAN_POINT('',(-0.0696075798399519,-0.0044272398996851,-0.0503154196528301));
#12450=CARTESIAN_POINT('',(-0.0700000055634855,-0.00440623241226116,-0.0497652924941924));
#12451=CARTESIAN_POINT('',(-0.0700000037981257,-0.0497652883628854,-0.00440630711769223));
#12452=CARTESIAN_POINT('',(-0.0696067987361225,-0.0503165137476696,-0.00442729194795221));
#12453=CARTESIAN_POINT('',(-0.069046503529211,-0.0510955983895625,-0.00431860721392514));
#12454=CARTESIAN_POINT('',(-0.0682777148088212,-0.0521509131595397,-0.00384110727653088));
#12455=CARTESIAN_POINT('',(-0.0678815358130828,-0.0526908402460588,-0.00346053891743861));
#12456=CARTESIAN_POINT('',(-0.0675427479407167,-0.0531498990331608,-0.00302698345271292));
#12457=CARTESIAN_POINT('',(-0.0672539685887767,-0.0535396385572995,-0.00256611164669091));
#12458=CARTESIAN_POINT('',(-0.067028423162768,-0.0538430202052954,-0.00207976345575803));
#12459=CARTESIAN_POINT('',(-0.0668323983806419,-0.0541056328842947,-0.00144988673197986));
#12460=CARTESIAN_POINT('',(-0.0666987020630573,-0.0542842241605012,-0.00083046661806287));
#12461=CARTESIAN_POINT('',(-0.0666288770283596,-0.0543775821085793,-1.28879153182578E-5));
#12462=CARTESIAN_POINT('',(-0.0666949068213657,-0.0542892635255762,0.000805531236679172));
#12463=CARTESIAN_POINT('',(-0.0668260683289241,-0.0541140766459237,0.0014261897540799));
#12464=CARTESIAN_POINT('',(-0.0670193047413723,-0.0538552499321897,0.00205688841289557));
#12465=CARTESIAN_POINT('',(-0.0672448319314113,-0.053551935314524,0.00254930587369574));
#12466=CARTESIAN_POINT('',(-0.0675332982152382,-0.0531626631150391,0.00301368971127486));
#12467=CARTESIAN_POINT('',(-0.06787190644933,-0.0527039207946446,0.00345042864875296));
#12468=CARTESIAN_POINT('',(-0.0682706425499174,-0.0521605817001535,0.00383628129664694));
#12469=CARTESIAN_POINT('',(-0.0690438354468238,-0.0510992331264177,0.00431899820549539));
#12470=CARTESIAN_POINT('',(-0.0696043694034108,-0.0503199202455276,0.0044274117620277));
#12471=CARTESIAN_POINT('',(-0.0700000055634856,-0.0497652924942258,0.00440623241226276));
#12472=CARTESIAN_POINT('',(-0.0700000037981257,-0.00440630711769369,0.0497652883629207));
#12473=CARTESIAN_POINT('',(-0.0696099895539044,-0.00442712165825593,0.0503120406116));
#12474=CARTESIAN_POINT('',(-0.06904318898711,-0.00431665979242697,0.0511001590161315));
#12475=CARTESIAN_POINT('',(-0.068282175439749,-0.0038444097422327,0.0521448031606953));
#12476=CARTESIAN_POINT('',(-0.0677956482675121,-0.00337975056750366,0.0528079266993324));
#12477=CARTESIAN_POINT('',(-0.067305342222356,-0.00268493790648914,0.053470678258017));
#12478=CARTESIAN_POINT('',(-0.0670289292232464,-0.00207989258238712,0.0538423146992196));
#12479=CARTESIAN_POINT('',(-0.0668324900164329,-0.00145020646159897,0.0541055257727064));
#12480=CARTESIAN_POINT('',(-0.0666989064422018,-0.000829704941830933,0.0542839806591357));
#12481=CARTESIAN_POINT('',(-0.0666287387436042,-1.28910978077188E-5,0.0543777469981887));
#12482=CARTESIAN_POINT('',(-0.0666951172966192,0.0008047791079299,0.0542890123581152));
#12483=CARTESIAN_POINT('',(-0.0668261649230155,0.00142652519979984,0.0541139627865262));
#12484=CARTESIAN_POINT('',(-0.0670197968946693,0.00205700815455787,0.0538545639480804));
#12485=CARTESIAN_POINT('',(-0.0672963013791334,0.002669655335248,0.0534828498141298));
#12486=CARTESIAN_POINT('',(-0.0677855731226515,0.0033685356875669,0.0528215943352183));
#12487=CARTESIAN_POINT('',(-0.0682751227983817,0.00383963699114696,0.0521544466159297));
#12488=CARTESIAN_POINT('',(-0.069040505210448,0.00431701916125382,0.0511038142955191));
#12489=CARTESIAN_POINT('',(-0.0696075798399583,0.00442723989968029,0.0503154196528851));
#12490=CARTESIAN_POINT('',(-0.0700000055634855,0.00440623241226466,0.0497652924942557));
#12491=CARTESIAN_POINT('',(-0.0699999959476077,0.0497652703283707,0.00440663550501004));
#12492=CARTESIAN_POINT('',(-0.0696073118655307,0.0503157850698955,0.0044273699683535));
#12493=CARTESIAN_POINT('',(-0.0690453137202536,0.0510973452371392,0.00431800852399011));
#12494=CARTESIAN_POINT('',(-0.0682718109024237,0.0521589697588183,0.00383737430479221));
#12495=CARTESIAN_POINT('',(-0.0678726155093009,0.0527029544004058,0.00345121944011183));
#12496=CARTESIAN_POINT('',(-0.0675343810568799,0.0531612041669563,0.00301511399622963));
#12497=CARTESIAN_POINT('',(-0.0672460401346896,0.0535503062257768,0.00255157434392294));
#12498=CARTESIAN_POINT('',(-0.0670205825769944,0.0538535105878892,0.00206059125035636));
#12499=CARTESIAN_POINT('',(-0.0668272043977044,0.0541125324764773,0.00143143936992474));
#12500=CARTESIAN_POINT('',(-0.0666957467581119,0.0542881426475536,0.000811518535979291));
#12501=CARTESIAN_POINT('',(-0.0666288702370621,0.0543775971478314,-7.70490699611748E-6));
#12502=CARTESIAN_POINT('',(-0.0666978368521402,0.0542853607969917,-0.000825701860419931));
#12503=CARTESIAN_POINT('',(-0.0668312134386823,0.0541072062740066,-0.00144589297872516));
#12504=CARTESIAN_POINT('',(-0.0670271590491267,0.0538447000094076,-0.00207708659943918));
#12505=CARTESIAN_POINT('',(-0.0672524594102967,0.0535416817598035,-0.0025631045021529));
#12506=CARTESIAN_POINT('',(-0.0675418577431614,0.0531511479692822,-0.00302499733767567));
#12507=CARTESIAN_POINT('',(-0.0678816800822034,0.0526907109279264,-0.0034599315525768));
#12508=CARTESIAN_POINT('',(-0.0682793223801322,0.0521487043158625,-0.00384246004528388));
#12509=CARTESIAN_POINT('',(-0.0690459734852222,0.0510962965531377,-0.00431847394330903));
#12510=CARTESIAN_POINT('',(-0.0696075772144719,0.0503154092729978,-0.00442739883932353));
#12511=CARTESIAN_POINT('',(-0.0700000026014588,0.0497652856303022,-0.00440635699013989));
#12512=CARTESIAN_POINT('',(-1.71450551880727E-17,9.14839908764713E-16,3.16968673530482E-14));
#12513=CARTESIAN_POINT('',(-3.08365473613869E-17,0.0847793701033203,0.01443819312088));
#12514=CARTESIAN_POINT('',(2.06042911744492E-10,0.0144384111562144,0.0847794081770941));
#12515=CARTESIAN_POINT('',(4.12084937402715E-10,0.0144383957655738,0.0847793178063884));
#12516=CARTESIAN_POINT('',(-0.00145492868028582,0.0144390806254088,0.0847792011779696));
#12517=CARTESIAN_POINT('',(-0.00361873151348825,0.0143574291972205,0.0847367813038517));
#12518=CARTESIAN_POINT('',(-0.00609759176468423,0.01411942205375,0.0846189542373242));
#12519=CARTESIAN_POINT('',(-0.0075145382313391,0.0139401907149637,0.0845314297061537));
#12520=CARTESIAN_POINT('',(-0.00853995189336991,0.0137907057704656,0.0844588143875026));
#12521=CARTESIAN_POINT('',(-0.0096813553100175,0.0135992738184346,0.0843668951973808));
#12522=CARTESIAN_POINT('',(-0.0111250935449098,0.0133207014126405,0.0842361068016821));
#12523=CARTESIAN_POINT('',(-0.012888927471074,0.0129142528092284,0.0840515103613883));
#12524=CARTESIAN_POINT('',(-0.0145767717494194,0.0124313121456598,0.0838439413419629));
#12525=CARTESIAN_POINT('',(-0.0157104490844164,0.0120571452547204,0.0836900650248415));
#12526=CARTESIAN_POINT('',(-0.016361863422759,0.011826168309583,0.0835972840916762));
#12527=CARTESIAN_POINT('',(-0.0168026891125648,0.0116636635318146,0.0835328390543869));
#12528=CARTESIAN_POINT('',(-0.0173989120318932,0.0114327379872086,0.0834428311589788));
#12529=CARTESIAN_POINT('',(-0.0181170791950649,0.0111380333924875,0.0833305156009719));
#12530=CARTESIAN_POINT('',(-0.0193545141935941,0.0105898386216113,0.0831282665668903));
#12531=CARTESIAN_POINT('',(-0.0209729256075975,0.00974935739715242,0.0828409739372161));
#12532=CARTESIAN_POINT('',(-0.0224228356541874,0.00881794901456106,0.0825605067299031));
#12533=CARTESIAN_POINT('',(-0.0233356749104468,0.00812894090596574,0.0823745609702687));
#12534=CARTESIAN_POINT('',(-0.0238431695959127,0.00771083730733058,0.0822685389014197));
#12535=CARTESIAN_POINT('',(-0.0241756200179381,0.00742336342996181,0.0821981178829827));
#12536=CARTESIAN_POINT('',(-0.0246280308437574,0.00700522902056685,0.0821006233297477));
#12537=CARTESIAN_POINT('',(-0.0251480851850996,0.00648304659988858,0.0819864416271889));
#12538=CARTESIAN_POINT('',(-0.0257550543529466,0.00579853723764006,0.0818501312153992));
#12539=CARTESIAN_POINT('',(-0.0262719201629531,0.0051035745337261,0.0817309958730556));
#12540=CARTESIAN_POINT('',(-0.0266433467469637,0.00452344697458223,0.0816440359821919));
#12541=CARTESIAN_POINT('',(-0.0268827856005683,0.00411115660334414,0.0815874501021792));
#12542=CARTESIAN_POINT('',(-0.0271535886151425,0.00358247497250276,0.0815227842666957));
#12543=CARTESIAN_POINT('',(-0.02744550830514,0.00291265997540479,0.081452364362593));
#12544=CARTESIAN_POINT('',(-0.0277319492329342,0.00205331785366377,0.0813824812444464));
#12545=CARTESIAN_POINT('',(-0.0279341402267802,0.00101597930970946,0.0813327788906676));
#12546=CARTESIAN_POINT('',(-0.0279993865216007,-4.0112389247365E-5,0.0813167016041192));
#12547=CARTESIAN_POINT('',(-0.0279253714623122,-0.00109278409477052,0.0813347871911666));
#12548=CARTESIAN_POINT('',(-0.0277129341062837,-0.00213004317667689,0.081387005229487));
#12549=CARTESIAN_POINT('',(-0.0274168161588146,-0.00299006111947329,0.0814592347605991));
#12550=CARTESIAN_POINT('',(-0.0271169134423723,-0.00366067125181624,0.0815315297503803));
#12551=CARTESIAN_POINT('',(-0.0268386977615592,-0.00419151765579751,0.081597882027101));
#12552=CARTESIAN_POINT('',(-0.0265957541254744,-0.00460142135835501,0.0816551941303685));
#12553=CARTESIAN_POINT('',(-0.0262190358406304,-0.00517938043196286,0.081743213677339));
#12554=CARTESIAN_POINT('',(-0.0256970680131864,-0.00587031048405004,0.0818632345268439));
#12555=CARTESIAN_POINT('',(-0.0250863968969316,-0.00654972036396921,0.082000035449334));
#12556=CARTESIAN_POINT('',(-0.0245641875140308,-0.00706738160567915,0.0821144166417346));
#12557=CARTESIAN_POINT('',(-0.0241109593134621,-0.0074810538272305,0.0822118756746466));
#12558=CARTESIAN_POINT('',(-0.023776811634499,-0.00776655219703445,0.0822825020534014));
#12559=CARTESIAN_POINT('',(-0.0232678712557658,-0.00818117224798796,0.0823885642941946));
#12560=CARTESIAN_POINT('',(-0.0223533693257135,-0.0088645260230741,0.0825743363289864));
#12561=CARTESIAN_POINT('',(-0.0209042600223244,-0.00978774198315498,0.0828537356442806));
#12562=CARTESIAN_POINT('',(-0.019290595897825,-0.0106203057647572,0.083139168695901));
#12563=CARTESIAN_POINT('',(-0.0180588629405032,-0.011162926549023,0.0833398039084228));
#12564=CARTESIAN_POINT('',(-0.0173442514703691,-0.0114546182892113,0.0834511982113725));
#12565=CARTESIAN_POINT('',(-0.0167519152951456,-0.0116828765052182,0.083540344671008));
#12566=CARTESIAN_POINT('',(-0.0163118132276235,-0.0118443251570929,0.0836044922868629));
#12567=CARTESIAN_POINT('',(-0.0156626496740321,-0.0120734065447373,0.0836966684192824));
#12568=CARTESIAN_POINT('',(-0.014532771722377,-0.0124446641054292,0.0838495613945001));
#12569=CARTESIAN_POINT('',(-0.0128516455156729,-0.0129237688224928,0.0840556674347506));
#12570=CARTESIAN_POINT('',(-0.0110962026577793,-0.0133269680166078,0.0842388760712989));
#12571=CARTESIAN_POINT('',(-0.00965939818084043,-0.0136033842543627,0.0843687155222642));
#12572=CARTESIAN_POINT('',(-0.00852548761433102,-0.0137930914656198,0.0844598665199696));
#12573=CARTESIAN_POINT('',(-0.00750092768064376,-0.013942107019119,0.0845323191844479));
#12574=CARTESIAN_POINT('',(-0.00608729960120999,-0.0141204487157211,0.0846194960592808));
#12575=CARTESIAN_POINT('',(-0.00361288812536435,-0.0143574491809536,0.0847369573389539));
#12576=CARTESIAN_POINT('',(-0.00145277248067054,-0.0144387919412537,0.0847792503411767));
#12577=CARTESIAN_POINT('',(2.6232789517362E-10,-0.014438190177255,0.0847793528189813));
#12578=CARTESIAN_POINT('',(-4.22901259721873E-17,-0.0144381931208921,0.0847793701033435));
#12579=CARTESIAN_POINT('',(-1.71450551880727E-17,9.14839908764713E-16,3.16968673530482E-14));
#12580=CARTESIAN_POINT('',(2.06042948753833E-10,-0.0847794081770678,0.0144384111562083));
#12581=CARTESIAN_POINT('',(4.12084990708753E-10,-0.0847793178063621,0.0144383957655676));
#12582=CARTESIAN_POINT('',(-0.000713997593145371,-0.0847792605716427,0.0144387318565556));
#12583=CARTESIAN_POINT('',(-0.002121616544978,-0.08476629513777,0.0144124307382981));
#12584=CARTESIAN_POINT('',(-0.00429286300224255,-0.0847046340207128,0.0142909453308552));
#12585=CARTESIAN_POINT('',(-0.00603331980582223,-0.0846224111045041,0.0141246304397946));
#12586=CARTESIAN_POINT('',(-0.00745647087980553,-0.084535622936124,0.013948476669029));
#12587=CARTESIAN_POINT('',(-0.00858483085822412,-0.0844552959062702,0.0137834705397037));
#12588=CARTESIAN_POINT('',(-0.00955990680199122,-0.084376775892196,0.0136199287873738));
#12589=CARTESIAN_POINT('',(-0.010603764843603,-0.0842839677329702,0.0134228896353668));
#12590=CARTESIAN_POINT('',(-0.0114891212823707,-0.0841968372551652,0.0132332450594489));
#12591=CARTESIAN_POINT('',(-0.0122003984990964,-0.0841220160007383,0.0130672264979063));
#12592=CARTESIAN_POINT('',(-0.0127733203845305,-0.0840588095526164,0.0129249358520989));
#12593=CARTESIAN_POINT('',(-0.0132259596465669,-0.0840067959061405,0.0128065416277295));
#12594=CARTESIAN_POINT('',(-0.0138857792481503,-0.0839284004116102,0.012626333854033));
#12595=CARTESIAN_POINT('',(-0.0147174444982172,-0.0838240243204949,0.012381660281817));
#12596=CARTESIAN_POINT('',(-0.0155794744078963,-0.0837082806225208,0.0121019685997815));
#12597=CARTESIAN_POINT('',(-0.0162031384215171,-0.0836200378748661,0.0118830327529171));
#12598=CARTESIAN_POINT('',(-0.0165529796770902,-0.0835693415689403,0.0117557149710974));
#12599=CARTESIAN_POINT('',(-0.0168474259371885,-0.0835258658152831,0.0116454594939477));
#12600=CARTESIAN_POINT('',(-0.0170288484787784,-0.0834986666380266,0.0115760074771004));
#12601=CARTESIAN_POINT('',(-0.0173186104277386,-0.0834547859645219,0.0114634281022906));
#12602=CARTESIAN_POINT('',(-0.0178238721784642,-0.0833767377851685,0.0112608504144633));
#12603=CARTESIAN_POINT('',(-0.0186058429407016,-0.0832515232765962,0.010926714239105));
#12604=CARTESIAN_POINT('',(-0.0194449845493439,-0.0831101520411881,0.0105298057303584));
#12605=CARTESIAN_POINT('',(-0.0200699581563018,-0.083000438903247,0.0102075716023123));
#12606=CARTESIAN_POINT('',(-0.0204273771935707,-0.082936429491366,0.0100154302161676));
#12607=CARTESIAN_POINT('',(-0.0207230664869709,-0.0828826484032616,0.00985142655645004));
#12608=CARTESIAN_POINT('',(-0.0209335039602954,-0.0828438942981685,0.00973126729055309));
#12609=CARTESIAN_POINT('',(-0.0212430712309685,-0.0827863865601735,0.00955016671427249));
#12610=CARTESIAN_POINT('',(-0.0217687432794464,-0.0826871507136261,0.00922931026642733));
#12611=CARTESIAN_POINT('',(-0.0225245312514224,-0.0825395784073574,0.00873317024572842));
#12612=CARTESIAN_POINT('',(-0.0232533382247892,-0.0823914983624527,0.00819551746036567));
#12613=CARTESIAN_POINT('',(-0.0238092953907619,-0.0822756887026505,0.00774009907229383));
#12614=CARTESIAN_POINT('',(-0.0241769892844017,-0.0821978526208656,0.00742292788973813));
#12615=CARTESIAN_POINT('',(-0.024656427982605,-0.0820945345769449,0.00697770941642836));
#12616=CARTESIAN_POINT('',(-0.0252013809788149,-0.0819749202911663,0.00642321466078234));
#12617=CARTESIAN_POINT('',(-0.0258179982007931,-0.0818362618005462,0.00571502287364052));
#12618=CARTESIAN_POINT('',(-0.026323726382369,-0.0817191849566635,0.00502167195892218));
#12619=CARTESIAN_POINT('',(-0.0266217377256987,-0.0816491611585839,0.00455460217129498));
#12620=CARTESIAN_POINT('',(-0.0267817980742673,-0.0816113101354364,0.00428288258215121));
#12621=CARTESIAN_POINT('',(-0.0268802569943858,-0.0815879620687964,0.0041083888575463));
#12622=CARTESIAN_POINT('',(-0.02702525171204,-0.081553462246973,0.00383411034807525));
#12623=CARTESIAN_POINT('',(-0.0271876496243115,-0.0815146452587728,0.00350038003482595));
#12624=CARTESIAN_POINT('',(-0.0274502007620351,-0.081451528904929,0.0028957880340562));
#12625=CARTESIAN_POINT('',(-0.0278463482332789,-0.0813550977846522,0.00168213534115416));
#12626=CARTESIAN_POINT('',(-0.0280675254201658,-0.0812994622385464,-4.16088899407374E-5));
#12627=CARTESIAN_POINT('',(-0.0278319569853253,-0.0813584925816355,-0.00175502062303476));
#12628=CARTESIAN_POINT('',(-0.0274224459965151,-0.0814581847063134,-0.00297125912092441));
#12629=CARTESIAN_POINT('',(-0.0271522745513895,-0.0815230840906167,-0.0035776943404441));
#12630=CARTESIAN_POINT('',(-0.0269855001694568,-0.081562904513338,-0.00391253121398562));
#12631=CARTESIAN_POINT('',(-0.0268364094889431,-0.0815983304703096,-0.00418838399693802));
#12632=CARTESIAN_POINT('',(-0.0267363204883258,-0.0816220255945488,-0.00436209603155628));
#12633=CARTESIAN_POINT('',(-0.0265733468261842,-0.0816604929775444,-0.00463336634800971));
#12634=CARTESIAN_POINT('',(-0.0262712828042229,-0.0817313217692599,-0.0050984864044244));
#12635=CARTESIAN_POINT('',(-0.0257578561712806,-0.0818498444755053,-0.00579011337688758));
#12636=CARTESIAN_POINT('',(-0.0251453554441617,-0.0819873298101622,-0.00648602496326276));
#12637=CARTESIAN_POINT('',(-0.0246527277504698,-0.0820951145508472,-0.0069785713815614));
#12638=CARTESIAN_POINT('',(-0.0243665977592143,-0.0821569712362614,-0.00724843536494418));
#12639=CARTESIAN_POINT('',(-0.024111539507704,-0.0822115676435019,-0.00747776448395732));
#12640=CARTESIAN_POINT('',(-0.0239720806118997,-0.0822411795833799,-0.00759865581077906));
#12641=CARTESIAN_POINT('',(-0.0237254095303012,-0.0822932776246936,-0.0078085994386742));
#12642=CARTESIAN_POINT('',(-0.023398589767004,-0.0823614077919251,-0.00807414342154402));
#12643=CARTESIAN_POINT('',(-0.0229610146137126,-0.0824510903882919,-0.00841102677049178));
#12644=CARTESIAN_POINT('',(-0.0224289997715477,-0.0825576379927892,-0.00879182344769336));
#12645=CARTESIAN_POINT('',(-0.0220085950256383,-0.0826399713965036,-0.00907417936236396));
#12646=CARTESIAN_POINT('',(-0.0215551515631129,-0.0827271812867659,-0.00936452158527689));
#12647=CARTESIAN_POINT('',(-0.0210990008559954,-0.082813046954183,-0.00963921927258673));
#12648=CARTESIAN_POINT('',(-0.0206656363534888,-0.0828933338036847,-0.00988608575418153));
#12649=CARTESIAN_POINT('',(-0.0201249264570668,-0.0829911742060562,-0.0101772689842572));
#12650=CARTESIAN_POINT('',(-0.0194559551044812,-0.0831086456376681,-0.0105196523067389));
#12651=CARTESIAN_POINT('',(-0.0186264241593879,-0.0832486029164484,-0.0109137856738203));
#12652=CARTESIAN_POINT('',(-0.0178417228072488,-0.0833742528038125,-0.0112524681442182));
#12653=CARTESIAN_POINT('',(-0.0172172419921616,-0.0834703712550945,-0.0115035889931896));
#12654=CARTESIAN_POINT('',(-0.0168035603614826,-0.0835326463595708,-0.011663315285224));
#12655=CARTESIAN_POINT('',(-0.0162322424401955,-0.0836161124887357,-0.0118735993330222));
#12656=CARTESIAN_POINT('',(-0.0155391399246367,-0.0837137276628363,-0.0121151666316059));
#12657=CARTESIAN_POINT('',(-0.0146718621426466,-0.0838299738639533,-0.0123958295489817));
#12658=CARTESIAN_POINT('',(-0.0138453328437163,-0.0839333355845451,-0.0126377939423783));
#12659=CARTESIAN_POINT('',(-0.0131874498039756,-0.0840112795322468,-0.0128168439780412));
#12660=CARTESIAN_POINT('',(-0.0127356707459649,-0.0840630326773384,-0.0129345784027391));
#12661=CARTESIAN_POINT('',(-0.0121664589429098,-0.0841256420200869,-0.0130754681240398));
#12662=CARTESIAN_POINT('',(-0.0114589421548414,-0.0841998594689277,-0.0132400905969221));
#12663=CARTESIAN_POINT('',(-0.0105783824106227,-0.0842862927916938,-0.0134281617869451));
#12664=CARTESIAN_POINT('',(-0.00953958368184964,-0.0843784411068258,-0.0136237302862309));
#12665=CARTESIAN_POINT('',(-0.00856955813477635,-0.084456416254636,-0.0137859978374434));
#12666=CARTESIAN_POINT('',(-0.00744446009770839,-0.0845363946610173,-0.0139501354999089));
#12667=CARTESIAN_POINT('',(-0.00602549742801522,-0.0846227971820892,-0.014125449233924));
#12668=CARTESIAN_POINT('',(-0.00429028204792507,-0.0847047241747371,-0.0142910315352742));
#12669=CARTESIAN_POINT('',(-0.00211953361716632,-0.0847663766073679,-0.0144122309104779));
#12670=CARTESIAN_POINT('',(-0.000713383898218566,-0.0847793024972297,-0.0144384856604333));
#12671=CARTESIAN_POINT('',(5.82399499625147E-17,-0.0847793528189446,-0.0144381901772484));
#12672=CARTESIAN_POINT('',(-1.07343199539502E-18,-0.0847793701033068,-0.0144381931208855));
#12673=CARTESIAN_POINT('',(-1.71450551880727E-17,9.14839908764713E-16,3.16968673530482E-14));
#12674=CARTESIAN_POINT('',(2.06042964568146E-10,-0.0144384111562043,-0.0847794081770321));
#12675=CARTESIAN_POINT('',(3.66310176899641E-16,-0.0144383957655636,-0.0847793178063264));
#12676=CARTESIAN_POINT('',(-0.00145492895522223,-0.0144390806253341,-0.0847792011708466));
#12677=CARTESIAN_POINT('',(-0.0036187316337812,-0.0143574291970975,-0.0847367812968064));
#12678=CARTESIAN_POINT('',(-0.00609759179508397,-0.0141194220536533,-0.0846189542348459));
#12679=CARTESIAN_POINT('',(-0.00751453823544155,-0.0139401907149081,-0.0845314297056842));
#12680=CARTESIAN_POINT('',(-0.00853995189228615,-0.0137907057704476,-0.0844588143875507));
#12681=CARTESIAN_POINT('',(-0.00968135530997424,-0.0135992738184861,-0.0843668951973163));
#12682=CARTESIAN_POINT('',(-0.0111250935441984,-0.0133207014127449,-0.0842361068016896));
#12683=CARTESIAN_POINT('',(-0.0128889274704483,-0.0129142528093607,-0.0840515103614028));
#12684=CARTESIAN_POINT('',(-0.0145767717488318,-0.0124313121457657,-0.0838439413419869));
#12685=CARTESIAN_POINT('',(-0.0157104490840543,-0.0120571452547682,-0.0836900650248393));
#12686=CARTESIAN_POINT('',(-0.0163618634225157,-0.0118261683096043,-0.0835972840916576));
#12687=CARTESIAN_POINT('',(-0.0168026891125409,-0.0116636635317684,-0.0835328390543345));
#12688=CARTESIAN_POINT('',(-0.0173989120316782,-0.011432737987256,-0.083442831158953));
#12689=CARTESIAN_POINT('',(-0.0181170791947607,-0.0111380333925905,-0.0833305156009603));
#12690=CARTESIAN_POINT('',(-0.0193545141931112,-0.0105898386218121,-0.0831282665669118));
#12691=CARTESIAN_POINT('',(-0.0209729256070311,-0.00974935739739802,-0.0828409739372668));
#12692=CARTESIAN_POINT('',(-0.0224228356536866,-0.00881794901476331,-0.0825605067299554));
#12693=CARTESIAN_POINT('',(-0.0233356749101078,-0.0081289409060615,-0.082374560970292));
#12694=CARTESIAN_POINT('',(-0.0238431695956559,-0.00771083730738152,-0.0822685389014262));
#12695=CARTESIAN_POINT('',(-0.0241756200178544,-0.00742336342988213,-0.0821981178829508));
#12696=CARTESIAN_POINT('',(-0.0246280308434842,-0.00700522902068941,-0.0821006233297551));
#12697=CARTESIAN_POINT('',(-0.0251480851847511,-0.00648304660010441,-0.0819864416272149));
#12698=CARTESIAN_POINT('',(-0.0257550543525291,-0.00579853723793275,-0.0818501312154462));
#12699=CARTESIAN_POINT('',(-0.0262719201625917,-0.0051035745339438,-0.0817309958730951));
#12700=CARTESIAN_POINT('',(-0.0266433467466801,-0.00452344697471041,-0.0816440359822143));
#12701=CARTESIAN_POINT('',(-0.0268827856004293,-0.0041111566032651,-0.0815874501021657));
#12702=CARTESIAN_POINT('',(-0.0271535886149598,-0.00358247497257821,-0.0815227842666894));
#12703=CARTESIAN_POINT('',(-0.0274455083049663,-0.00291265997552558,-0.0814523643625838));
#12704=CARTESIAN_POINT('',(-0.0277319492327509,-0.00205331785383438,-0.0813824812444409));
#12705=CARTESIAN_POINT('',(-0.0279341402265973,-0.00101597930984442,-0.0813327788906657));
#12706=CARTESIAN_POINT('',(-0.0279993865214166,4.01123892482055E-5,-0.0813167016041199));
#12707=CARTESIAN_POINT('',(-0.0279253714621282,0.00109278409490425,-0.0813347871911651));
#12708=CARTESIAN_POINT('',(-0.0277129341060999,0.0021300431768446,-0.0813870052294817));
#12709=CARTESIAN_POINT('',(-0.0274168161586384,0.00299006111959567,-0.0814592347605905));
#12710=CARTESIAN_POINT('',(-0.0271169134421925,0.00366067125188522,-0.0815315297503735));
#12711=CARTESIAN_POINT('',(-0.0268386977614095,0.0041915176557397,-0.0815978820270899));
#12712=CARTESIAN_POINT('',(-0.0265957541252337,0.00460142135840455,-0.0816551941303812));
#12713=CARTESIAN_POINT('',(-0.0262190358403417,0.0051793804320469,-0.0817432136773631));
#12714=CARTESIAN_POINT('',(-0.0256970680128658,0.0058703104841687,-0.0818632345268727));
#12715=CARTESIAN_POINT('',(-0.0250863968966522,0.00654972036405463,-0.0820000354493492));
#12716=CARTESIAN_POINT('',(-0.0245641875138104,0.00706738160571783,-0.0821144166417338));
#12717=CARTESIAN_POINT('',(-0.024110959313334,0.00748105382719315,-0.0822118756746242));
#12718=CARTESIAN_POINT('',(-0.0237768116343718,0.00776655219700048,-0.0822825020533782));
#12719=CARTESIAN_POINT('',(-0.0232678712556682,0.00818117224793378,-0.0823885642941642));
#12720=CARTESIAN_POINT('',(-0.0223533693256452,0.00886452602300337,-0.0825743363289491));
#12721=CARTESIAN_POINT('',(-0.0209042600222836,0.00978774198307188,-0.0828537356442374));
#12722=CARTESIAN_POINT('',(-0.019290595897781,0.010620305764687,-0.0831391686958572));
#12723=CARTESIAN_POINT('',(-0.0180588629404386,0.0111629265489749,-0.0833398039083802));
#12724=CARTESIAN_POINT('',(-0.0173442514702929,0.0114546182891774,-0.0834511982113299));
#12725=CARTESIAN_POINT('',(-0.0167519152950457,0.0116828765052024,-0.0835403446709671));
#12726=CARTESIAN_POINT('',(-0.0163118132275459,0.0118443251570752,-0.0836044922868174));
#12727=CARTESIAN_POINT('',(-0.0156626496739669,0.0120734065447237,-0.0836966684192335));
#12728=CARTESIAN_POINT('',(-0.0145327717223301,0.0124446641054188,-0.0838495613944461));
#12729=CARTESIAN_POINT('',(-0.0128516455156863,0.0129237688224856,-0.0840556674346884));
#12730=CARTESIAN_POINT('',(-0.0110962026576468,0.0133269680166013,-0.084238876071251));
#12731=CARTESIAN_POINT('',(-0.00965939818099686,0.0136033842543515,-0.0843687155221877));
#12732=CARTESIAN_POINT('',(-0.00852548761356416,0.0137930914656135,-0.0844598665199849));
#12733=CARTESIAN_POINT('',(-0.00750092768327948,0.0139421070190803,-0.0845323191841249));
#12734=CARTESIAN_POINT('',(-0.00608729962058423,0.0141204487156634,-0.0846194960576813));
#12735=CARTESIAN_POINT('',(-0.00361288820199902,0.0143574491808791,-0.0847369573344501));
#12736=CARTESIAN_POINT('',(-0.00145277265572157,0.0144387919412074,-0.0847792503366263));
#12737=CARTESIAN_POINT('',(3.62773972676178E-16,0.0144381901772449,-0.0847793528189199));
#12738=CARTESIAN_POINT('',(6.23307330564396E-18,0.014438193120882,-0.0847793701032821));
#12739=CARTESIAN_POINT('',(-1.71450551880727E-17,9.14839908764713E-16,3.16968673530482E-14));
#12740=CARTESIAN_POINT('',(2.06042933088236E-10,0.0847794081770599,-0.0144384111562019));
#12741=CARTESIAN_POINT('',(3.74759272217874E-17,0.0847793178063542,-0.0144383957655613));
#12742=CARTESIAN_POINT('',(-0.000713997867456292,0.0847792605716458,-0.0144387318361063));
#12743=CARTESIAN_POINT('',(-0.00212161660728671,0.0847662951377899,-0.014412430719504));
#12744=CARTESIAN_POINT('',(-0.0042928629852539,0.0847046340206917,-0.0142909453359975));
#12745=CARTESIAN_POINT('',(-0.00603331980769548,0.0846224111045156,-0.0141246304391399));
#12746=CARTESIAN_POINT('',(-0.00745647087922378,0.08453562293613,-0.0139484766691623));
#12747=CARTESIAN_POINT('',(-0.00858483085836513,0.0844552959062603,-0.0137834705396629));
#12748=CARTESIAN_POINT('',(-0.00955990680200738,0.084376775892185,-0.0136199287873667));
#12749=CARTESIAN_POINT('',(-0.0106037648436813,0.0842839677329573,-0.0134228896353389));
#12750=CARTESIAN_POINT('',(-0.0114891212824273,0.0841968372551532,-0.0132332450594231));
#12751=CARTESIAN_POINT('',(-0.0122003984991222,0.0841220160007292,-0.0130672264978895));
#12752=CARTESIAN_POINT('',(-0.012773320384545,0.0840588095526076,-0.0129249358520889));
#12753=CARTESIAN_POINT('',(-0.0132259596464809,0.0840067959061427,-0.0128065416277519));
#12754=CARTESIAN_POINT('',(-0.0138857792479983,0.0839284004116196,-0.0126263338540851));
#12755=CARTESIAN_POINT('',(-0.0147174444980252,0.0838240243205093,-0.0123816602818963));
#12756=CARTESIAN_POINT('',(-0.0155794744077415,0.0837082806225319,-0.0121019685998554));
#12757=CARTESIAN_POINT('',(-0.0162031384214286,0.0836200378748699,-0.0118830327529608));
#12758=CARTESIAN_POINT('',(-0.0165529796770459,0.0835693415689392,-0.0117557149711174));
#12759=CARTESIAN_POINT('',(-0.0168474259371954,0.0835258658152759,-0.0116454594939393));
#12760=CARTESIAN_POINT('',(-0.017028848478793,0.0834986666380192,-0.0115760074770825));
#12761=CARTESIAN_POINT('',(-0.0173186104277747,0.0834547859645123,-0.0114634281022558));
#12762=CARTESIAN_POINT('',(-0.0178238721785234,0.0833767377851569,-0.0112608504144063));
#12763=CARTESIAN_POINT('',(-0.0186058429407748,0.0832515232765831,-0.0109267142390307));
#12764=CARTESIAN_POINT('',(-0.0194449845494024,0.0831101520411764,-0.0105298057302927));
#12765=CARTESIAN_POINT('',(-0.0200699581563339,0.0830004389032383,-0.0102075716022716));
#12766=CARTESIAN_POINT('',(-0.0204273771935877,0.0829364294913588,-0.010015430216144));
#12767=CARTESIAN_POINT('',(-0.0207230664869641,0.0828826484032576,-0.00985142655644971));
#12768=CARTESIAN_POINT('',(-0.0209335039603041,0.0828438942981609,-0.00973126729055056));
#12769=CARTESIAN_POINT('',(-0.0212430712309765,0.0827863865601655,-0.00955016671427768));
#12770=CARTESIAN_POINT('',(-0.0217687432795048,0.0826871507136074,-0.0092293102664013));
#12771=CARTESIAN_POINT('',(-0.0225245312511096,0.0825395784074174,-0.00873317024595639));
#12772=CARTESIAN_POINT('',(-0.0232533382256693,0.0823914983622695,-0.00819551745968551));
#12773=CARTESIAN_POINT('',(-0.0238092953914022,0.0822756887025105,-0.00774009907174449));
#12774=CARTESIAN_POINT('',(-0.0241769892842269,0.0821978526208988,-0.00742292788988827));
#12775=CARTESIAN_POINT('',(-0.0246564279826653,0.0820945345769304,-0.00697770941635302));
#12776=CARTESIAN_POINT('',(-0.0252013809788139,0.081974920291166,-0.00642321466074168));
#12777=CARTESIAN_POINT('',(-0.0258179982008317,0.081836261800538,-0.00571502287355131));
#12778=CARTESIAN_POINT('',(-0.02632372638239,0.0817191849566586,-0.0050216719588554));
#12779=CARTESIAN_POINT('',(-0.0266217377257115,0.0816491611585802,-0.00455460217125355));
#12780=CARTESIAN_POINT('',(-0.0267817980742741,0.0816113101354338,-0.00428288258212959));
#12781=CARTESIAN_POINT('',(-0.0268802569943864,0.081587962068795,-0.00410838885754324));
#12782=CARTESIAN_POINT('',(-0.0270252517120386,0.0815534622469717,-0.00383411034808826));
#12783=CARTESIAN_POINT('',(-0.0271876496243071,0.0815146452587719,-0.00350038003485787));
#12784=CARTESIAN_POINT('',(-0.0274502007620282,0.0814515289049287,-0.00289578803411386));
#12785=CARTESIAN_POINT('',(-0.0278463482332729,0.0813550977846531,-0.00168213534123499));
#12786=CARTESIAN_POINT('',(-0.0280675254201718,0.0812994622385477,4.16088899279453E-5));
#12787=CARTESIAN_POINT('',(-0.0278319569853221,0.081358492581637,0.00175502062316865));
#12788=CARTESIAN_POINT('',(-0.0274224459965069,0.0814581847063166,0.00297125912102086));
#12789=CARTESIAN_POINT('',(-0.0271522745513861,0.0815230840906201,0.00357769434049772));
#12790=CARTESIAN_POINT('',(-0.0269855001694527,0.0815629045133427,0.00391253121401728));
#12791=CARTESIAN_POINT('',(-0.0268364094889527,0.0815983304703122,0.00418838399692414));
#12792=CARTESIAN_POINT('',(-0.0267363204882993,0.0816220255945607,0.00436209603159361));
#12793=CARTESIAN_POINT('',(-0.0265733468261319,0.0816604929775633,0.00463336634807382));
#12794=CARTESIAN_POINT('',(-0.0262712828041271,0.0817313217692897,0.00509848640453634));
#12795=CARTESIAN_POINT('',(-0.0257578561711598,0.0818498444755406,0.00579011337701563));
#12796=CARTESIAN_POINT('',(-0.0251453554440581,0.0819873298101926,0.00648602496336272));
#12797=CARTESIAN_POINT('',(-0.0246527277504121,0.0820951145508672,0.0069785713816146));
#12798=CARTESIAN_POINT('',(-0.0243665977591812,0.0821569712362759,0.00724843536497383));
#12799=CARTESIAN_POINT('',(-0.024111539507721,0.0822115676435058,0.00747776448394309));
#12800=CARTESIAN_POINT('',(-0.0239720806118658,0.0822411795833947,0.00759865581081002));
#12801=CARTESIAN_POINT('',(-0.0237254095302474,0.0822932776247124,0.00780859943872138));
#12802=CARTESIAN_POINT('',(-0.0233985897669343,0.0823614077919473,0.00807414342160276));
#12803=CARTESIAN_POINT('',(-0.0229610146136517,0.0824510903883121,0.00841102677053903));
#12804=CARTESIAN_POINT('',(-0.022428999771565,0.0825576379927943,0.00879182344768071));
#12805=CARTESIAN_POINT('',(-0.0220085950256305,0.0826399713965143,0.00907417936236637));
#12806=CARTESIAN_POINT('',(-0.0215551515631145,0.0827271812867751,0.00936452158527223));
#12807=CARTESIAN_POINT('',(-0.02109900085598,0.0828130469541954,0.0096392192725918));
#12808=CARTESIAN_POINT('',(-0.0206656363535356,0.0828933338036858,0.00988608575415563));
#12809=CARTESIAN_POINT('',(-0.0201249264568932,0.082991174206097,0.0101772689843506));
#12810=CARTESIAN_POINT('',(-0.0194559551041839,0.0831086456377296,0.0105196523068834));
#12811=CARTESIAN_POINT('',(-0.0186264241589987,0.0832486029165239,0.0109137856739855));
#12812=CARTESIAN_POINT('',(-0.0178417228069532,0.0833742528038714,0.0112524681443254));
#12813=CARTESIAN_POINT('',(-0.0172172419919755,0.0834703712551347,0.0115035889932493));
#12814=CARTESIAN_POINT('',(-0.0168035603615647,0.0835326463595698,0.0116633152851898));
#12815=CARTESIAN_POINT('',(-0.0162322424400505,0.0836161124887663,0.0118735993330848));
#12816=CARTESIAN_POINT('',(-0.0155391399244174,0.0837137276628755,0.0121151666316927));
#12817=CARTESIAN_POINT('',(-0.0146718621423507,0.0838299738640018,0.01239582954908));
#12818=CARTESIAN_POINT('',(-0.0138453328434919,0.0839333355845842,0.012637793942438));
#12819=CARTESIAN_POINT('',(-0.0131874498038408,0.0840112795322749,0.0128168439780693));
#12820=CARTESIAN_POINT('',(-0.0127356707460091,0.0840630326773456,0.0129345784027233));
#12821=CARTESIAN_POINT('',(-0.0121664589428656,0.0841256420201033,0.0130754681240519));
#12822=CARTESIAN_POINT('',(-0.0114589421547884,0.0841998594689444,0.0132400905969367));
#12823=CARTESIAN_POINT('',(-0.0105783824105389,0.0842862927917129,0.0134281617869639));
#12824=CARTESIAN_POINT('',(-0.00953958368181766,0.0843784411068426,0.013623730286231));
#12825=CARTESIAN_POINT('',(-0.00856955813467878,0.0844564162546511,0.013785997837461));
#12826=CARTESIAN_POINT('',(-0.00744446009812841,0.0845363946610179,0.0139501354998105));
#12827=CARTESIAN_POINT('',(-0.00602549742689246,0.0846227971820851,0.0141254492343339));
#12828=CARTESIAN_POINT('',(-0.00429028205870612,0.0847047241747602,0.014291031531998));
#12829=CARTESIAN_POINT('',(-0.00211953357754499,0.0847663766073653,0.0144122309224045));
#12830=CARTESIAN_POINT('',(-0.00071338372361373,0.0847793024972371,0.0144384856734257));
#12831=CARTESIAN_POINT('',(2.62327929225473E-10,0.0847793528189581,0.0144381901772429));
#12832=CARTESIAN_POINT('',(-1.7145055188063E-17,-1.42477179352876E-33,5.51091059616309E-18));
#12833=CARTESIAN_POINT('',(-0.0353222974221662,-0.00154292293802055,0.0827653958059375));
#12834=CARTESIAN_POINT('',(-0.0358278436672345,-0.00112815069724717,0.0825545657061303));
#12835=CARTESIAN_POINT('',(-0.0362424221697022,-0.000567858474671677,0.0823792295467674));
#12836=CARTESIAN_POINT('',(-0.0363702573578028,0.000147733625311807,0.0823246898181373));
#12837=CARTESIAN_POINT('',(-0.0360958946778839,0.000813513038104724,0.0824414628372784));
#12838=CARTESIAN_POINT('',(-0.0354782482413453,0.00147189890804436,0.0827013285954142));
#12839=CARTESIAN_POINT('',(-0.0345180951777413,0.00202117083129327,0.0830966808429389));
#12840=CARTESIAN_POINT('',(-0.0333031388621901,0.00244621776417899,0.0835796216395741));
#12841=CARTESIAN_POINT('',(-0.032028156186235,0.00272936582668162,0.0840677745053857));
#12842=CARTESIAN_POINT('',(-0.0303211432135922,0.00295843709277222,0.0846955373453643));
#12843=CARTESIAN_POINT('',(-0.028166156798151,0.00303861504570975,0.0854396356838214));
#12844=CARTESIAN_POINT('',(-0.0259864900623767,0.00292064039957595,0.0861258059478216));
#12845=CARTESIAN_POINT('',(-0.0242277167133928,0.0027196219143688,0.0866386575288468));
#12846=CARTESIAN_POINT('',(-0.0229132664605316,0.00251616184496725,0.0870016446360781));
#12847=CARTESIAN_POINT('',(-0.021599784402351,0.00225569532254453,0.0873441250955032));
#12848=CARTESIAN_POINT('',(-0.0202993383074368,0.00192964492819582,0.0876632592368418));
#12849=CARTESIAN_POINT('',(-0.0192285604588836,0.00158417246981849,0.0879097562051311));
#12850=CARTESIAN_POINT('',(-0.0183971813108877,0.00123142182459776,0.0880919108352126));
#12851=CARTESIAN_POINT('',(-0.0178035957230451,0.000906616924365477,0.088217748518101));
#12852=CARTESIAN_POINT('',(-0.0173483355678612,0.000545022899800738,0.0883110198063608));
#12853=CARTESIAN_POINT('',(-0.0171316296504524,0.0001213143316432,0.0883545980525468));
#12854=CARTESIAN_POINT('',(-0.0171711739641078,-0.000239937380619114,0.0883466769141782));
#12855=CARTESIAN_POINT('',(-0.017369462869198,-0.000529536702942461,0.0883066371507277));
#12856=CARTESIAN_POINT('',(-0.0177089483929365,-0.000838149016146543,0.0882370866208323));
#12857=CARTESIAN_POINT('',(-0.018191231350567,-0.00112865528927287,0.0881360465627376));
#12858=CARTESIAN_POINT('',(-0.0188064844753445,-0.00141121807384644,0.0880027425242691));
#12859=CARTESIAN_POINT('',(-0.0196435325960056,-0.0017251140222857,0.0878152520272382));
#12860=CARTESIAN_POINT('',(-0.0207053649910458,-0.00203949906414227,0.0875656627805612));
#12861=CARTESIAN_POINT('',(-0.0219938122581271,-0.00234011077253027,0.0872434273511003));
#12862=CARTESIAN_POINT('',(-0.0237268722426194,-0.0026604701850646,0.0867837145805719));
#12863=CARTESIAN_POINT('',(-0.0259016815448942,-0.00292731995164867,0.0861568494532922));
#12864=CARTESIAN_POINT('',(-0.0284846598332964,-0.00304004114435262,0.085333697358975));
#12865=CARTESIAN_POINT('',(-0.030630495177101,-0.00293307671696165,0.0845850613364346));
#12866=CARTESIAN_POINT('',(-0.0323289222369665,-0.00267367454003664,0.0839542723520862));
#12867=CARTESIAN_POINT('',(-0.0335750699427999,-0.00236607024305054,0.0834729972588233));
#12868=CARTESIAN_POINT('',(-0.0345750646791727,-0.00198103501651084,0.0830723163035578));
#12869=CARTESIAN_POINT('',(-0.0353222974221662,-0.00154292293802055,0.0827653958059375));
#12870=CARTESIAN_POINT('',(-0.0358278436672345,-0.00112815069724717,0.0825545657061303));
#12871=CARTESIAN_POINT('',(-0.0362424221697022,-0.000567858474671677,0.0823792295467674));
#12872=CARTESIAN_POINT('',(-0.0358126825281487,-0.00110389722810635,0.0825604819574584));
#12873=CARTESIAN_POINT('',(-0.0361290560235263,-0.000764811775180707,-0.0824274039340579));
#12874=CARTESIAN_POINT('',(-0.0355242763605553,-0.00143832356118567,-0.0826821383747595));
#12875=CARTESIAN_POINT('',(-0.0345788236919967,-0.00199418970025362,-0.0830720991447489));
#12876=CARTESIAN_POINT('',(-0.0333565564588295,-0.00243116300334937,-0.0835587179939061));
#12877=CARTESIAN_POINT('',(-0.0321070164597978,-0.00271481471881281,-0.0840380504050819));
#12878=CARTESIAN_POINT('',(-0.0308263254783527,-0.00289369804276793,-0.0845103582579499));
#12879=CARTESIAN_POINT('',(-0.0295274566588643,-0.00298721060945821,-0.0849696179213408));
#12880=CARTESIAN_POINT('',(-0.0277998387921244,-0.00301693762316275,-0.085554171128741));
#12881=CARTESIAN_POINT('',(-0.0260675053764877,-0.0029265696237653,-0.0861009146273045));
#12882=CARTESIAN_POINT('',(-0.0243310361870985,-0.00273315212464796,-0.0866091902658651));
#12883=CARTESIAN_POINT('',(-0.0230269685138702,-0.00253581103511486,-0.0869710056125519));
#12884=CARTESIAN_POINT('',(-0.0217188114831514,-0.00228182891202218,-0.0873139088691304));
#12885=CARTESIAN_POINT('',(-0.0204173540848373,-0.00196261645819319,-0.0876351242476012));
#12886=CARTESIAN_POINT('',(-0.0193455602039891,-0.00162520713446608,-0.0878833039003842));
#12887=CARTESIAN_POINT('',(-0.0185161247114532,-0.00128623952529249,-0.0880661992019597));
#12888=CARTESIAN_POINT('',(-0.0179154018900653,-0.000975848294533059,-0.088194358822267));
#12889=CARTESIAN_POINT('',(-0.0174516380689789,-0.000639741669308771,-0.0882900213952856));
#12890=CARTESIAN_POINT('',(-0.0171774260503303,-0.000254971602839903,-0.0883454226635382));
#12891=CARTESIAN_POINT('',(-0.0171284601308236,0.000104729109375294,-0.0883552340336555));
#12892=CARTESIAN_POINT('',(-0.0172843401169492,0.000428416285742109,-0.0883238915696536));
#12893=CARTESIAN_POINT('',(-0.0176031700444794,0.000761793899172612,-0.0882589501850548));
#12894=CARTESIAN_POINT('',(-0.0180853260352128,0.0010728778766127,-0.0881585455944087));
#12895=CARTESIAN_POINT('',(-0.0186924534294648,0.00136349795207012,-0.0880277849937282));
#12896=CARTESIAN_POINT('',(-0.0195359865294778,0.00169024418805009,-0.0878399749671642));
#12897=CARTESIAN_POINT('',(-0.0206042802457472,0.00201289569872582,-0.0875901514581949));
#12898=CARTESIAN_POINT('',(-0.0218962020068016,0.00231972153212649,-0.0872685287583597));
#12899=CARTESIAN_POINT('',(-0.0236272434272238,0.00264541154846942,-0.0868113241571363));
#12900=CARTESIAN_POINT('',(-0.0258079473595912,0.00291996796468122,-0.0861855075264315));
#12901=CARTESIAN_POINT('',(-0.0284223644731684,0.00304043345305555,-0.0853546366028071));
#12902=CARTESIAN_POINT('',(-0.0305643743261205,0.00293862337328512,-0.0846087024947585));
#12903=CARTESIAN_POINT('',(-0.0322609783739933,0.00268677448048291,-0.0839800095243482));
#12904=CARTESIAN_POINT('',(-0.0335205640525103,0.00238357270361764,-0.0834945184477381));
#12905=CARTESIAN_POINT('',(-0.0345349011774986,0.00199881304646783,-0.0830885800175687));
#12906=CARTESIAN_POINT('',(-0.0352807165108417,0.00157105591995049,-0.0827825997487655));
#12907=CARTESIAN_POINT('',(-0.0357945351816103,0.00116092032553422,-0.0825685557528216));
#12908=CARTESIAN_POINT('',(-0.0362160568623566,0.00061801452821191,-0.0823904446255208));
#12909=CARTESIAN_POINT('',(-0.0363759473263844,-8.77014290323759E-5,-0.0823222576936308));
#12910=CARTESIAN_POINT('',(-0.0361290560235263,-0.000764811775180707,-0.0824274039340579));
#12911=CARTESIAN_POINT('',(-0.0355242763605553,-0.00143832356118567,-0.0826821383747595));
#12912=CARTESIAN_POINT('',(-0.0345788236919967,-0.00199418970025362,-0.0830720991447489));
#12913=CARTESIAN_POINT('',(-0.0356628394049616,-0.00125087737376949,-0.0826232242857401));
#12914=CARTESIAN_POINT('',(-1.7145055188063E-17,-1.42477179352876E-33,5.51091059616309E-18));
#12915=CARTESIAN_POINT('',(1.04094977927525E-17,-1.10218211923262E-17,-0.09));
#12916=CARTESIAN_POINT('',(-0.034582459878314,-0.0830706196235812,-0.00199230951739865));
#12917=CARTESIAN_POINT('',(-0.0355250275009695,-0.0826818146911577,-0.00143802187829171));
#12918=CARTESIAN_POINT('',(-0.0361269767334459,-0.0824282824688061,-0.000765730840925759));
#12919=CARTESIAN_POINT('',(-0.0363739220595884,-0.0823231219936221,-0.000101192511108843));
#12920=CARTESIAN_POINT('',(-0.0362216581770714,-0.0823880568090109,0.000606849253039472));
#12921=CARTESIAN_POINT('',(-0.0358078517522195,-0.0825629605641518,0.00114722306560977));
#12922=CARTESIAN_POINT('',(-0.0352945306956979,-0.0827768945909461,0.00156226307924716));
#12923=CARTESIAN_POINT('',(-0.0345443049736015,-0.0830847856736899,0.00199478357635939));
#12924=CARTESIAN_POINT('',(-0.0335350426190098,-0.0834887740334793,0.00237864824664093));
#12925=CARTESIAN_POINT('',(-0.0322895815956806,-0.083969116831265,0.00268089722543399));
#12926=CARTESIAN_POINT('',(-0.0306077707767629,-0.084593089945586,0.00293455543654093));
#12927=CARTESIAN_POINT('',(-0.0284578342855189,-0.0853428862233227,0.00304078060419184));
#12928=CARTESIAN_POINT('',(-0.0258517200962138,-0.0861720586665846,0.00292321081196798));
#12929=CARTESIAN_POINT('',(-0.0236870784196086,-0.086794700155648,0.00265433949647224));
#12930=CARTESIAN_POINT('',(-0.0219548275090034,-0.0872534994739877,0.00233211025691581));
#12931=CARTESIAN_POINT('',(-0.0206564739391413,-0.0875775490819703,0.0020268258682769));
#12932=CARTESIAN_POINT('',(-0.0195934024930038,-0.0878267603885245,0.00170875425502766));
#12933=CARTESIAN_POINT('',(-0.018761381102056,-0.0880126538401942,0.00139233740408503));
#12934=CARTESIAN_POINT('',(-0.0181509272618217,-0.0881446309867135,0.00110808426594845));
#12935=CARTESIAN_POINT('',(-0.0176658605721785,-0.0882460043675804,0.000807227328289765));
#12936=CARTESIAN_POINT('',(-0.0173371062339509,-0.0883132074631934,0.000493506010003948));
#12937=CARTESIAN_POINT('',(-0.0171491863435468,-0.0883510868115428,0.000185707353944404));
#12938=CARTESIAN_POINT('',(-0.0171474338785558,-0.0883514343380976,-0.000180194993744617));
#12939=CARTESIAN_POINT('',(-0.0173943315625281,-0.0883016934697325,-0.000589412605327809));
#12940=CARTESIAN_POINT('',(-0.0178572932468262,-0.0882065363644101,-0.000940531958732499));
#12941=CARTESIAN_POINT('',(-0.018455303623136,-0.0880793795390214,-0.00125868025283444));
#12942=CARTESIAN_POINT('',(-0.0192959062832719,-0.0878945859428351,-0.00160828342895135));
#12943=CARTESIAN_POINT('',(-0.0203653859488913,-0.0876475034012189,-0.00194797986762982));
#12944=CARTESIAN_POINT('',(-0.0216617899548789,-0.087328377883876,-0.00226931011956257));
#12945=CARTESIAN_POINT('',(-0.0229672798985495,-0.0869870957053272,-0.00252550931025805));
#12946=CARTESIAN_POINT('',(-0.0242792188787006,-0.0866240189303546,-0.00272649084676445));
#12947=CARTESIAN_POINT('',(-0.0260378263519425,-0.0861101666775972,-0.00292479312349753));
#12948=CARTESIAN_POINT('',(-0.0282188032824066,-0.0854222319810761,-0.00303905787277747));
#12949=CARTESIAN_POINT('',(-0.0303762993468872,-0.0846760565364692,-0.00295497427906314));
#12950=CARTESIAN_POINT('',(-0.0320962559202718,-0.0840421685744369,-0.00271716563729114));
#12951=CARTESIAN_POINT('',(-0.0333574949450718,-0.0835583875906346,-0.00243129063732832));
#12952=CARTESIAN_POINT('',(-0.034582459878314,-0.0830706196235812,-0.00199230951739865));
#12953=CARTESIAN_POINT('',(-0.0355250275009695,-0.0826818146911577,-0.00143802187829171));
#12954=CARTESIAN_POINT('',(-0.0361269767334459,-0.0824282824688061,-0.000765730840925759));
#12955=CARTESIAN_POINT('',(-0.0356628394054183,-0.0826232242855498,-0.00125087737332022));
#12956=CARTESIAN_POINT('',(-0.0361290560231004,0.0824274039342389,-0.000764811775485105));
#12957=CARTESIAN_POINT('',(-0.0355242763607622,0.0826821383746737,-0.00143832356088698));
#12958=CARTESIAN_POINT('',(-0.0345788236918943,0.0830720991447934,-0.00199418970027846));
#12959=CARTESIAN_POINT('',(-0.0333565564588159,0.0835587179939123,-0.00243116300328529));
#12960=CARTESIAN_POINT('',(-0.032107016459747,0.0840380504051028,-0.00271481471878124));
#12961=CARTESIAN_POINT('',(-0.0308263254782951,0.084510358257972,-0.00289369804273302));
#12962=CARTESIAN_POINT('',(-0.0295274566587941,0.0849696179213663,-0.00298721060942704));
#12963=CARTESIAN_POINT('',(-0.0277998387920393,0.0855541711287699,-0.00301693762313229));
#12964=CARTESIAN_POINT('',(-0.0260675053763852,0.0861009146273367,-0.00292656962373492));
#12965=CARTESIAN_POINT('',(-0.0243310361869773,0.0866091902659003,-0.00273315212461612));
#12966=CARTESIAN_POINT('',(-0.0230269685137348,0.0869710056125888,-0.00253581103508149));
#12967=CARTESIAN_POINT('',(-0.0217188114829984,0.0873139088691694,-0.00228182891198608));
#12968=CARTESIAN_POINT('',(-0.0204173540846769,0.0876351242476394,-0.00196261645815546));
#12969=CARTESIAN_POINT('',(-0.0193455602038174,0.0878833039004228,-0.00162520713442768));
#12970=CARTESIAN_POINT('',(-0.0185161247112755,0.0880661992019975,-0.00128623952524798));
#12971=CARTESIAN_POINT('',(-0.0179154018899315,0.0881943588222944,-0.000975848294520463));
#12972=CARTESIAN_POINT('',(-0.0174516380687947,0.0882900213953224,-0.000639741669255668));
#12973=CARTESIAN_POINT('',(-0.0171774260501453,0.0883454226635743,-0.000254971602790047));
#12974=CARTESIAN_POINT('',(-0.017128460130664,0.0883552340336863,0.000104729109510421));
#12975=CARTESIAN_POINT('',(-0.0172843401168512,0.0883238915696723,0.000428416285866052));
#12976=CARTESIAN_POINT('',(-0.0176031700444456,0.0882589501850604,0.000761793899311372));
#12977=CARTESIAN_POINT('',(-0.0180853260352672,0.088158545594396,0.00107287787676283));
#12978=CARTESIAN_POINT('',(-0.018692453429574,0.0880277849937028,0.00136349795221395));
#12979=CARTESIAN_POINT('',(-0.01953598652962,0.0878399749671305,0.00169024418818004));
#12980=CARTESIAN_POINT('',(-0.02060428024614,0.0875901514580996,0.00201289569890384));
#12981=CARTESIAN_POINT('',(-0.0218962020072969,0.0872685287582316,0.00231972153229113));
#12982=CARTESIAN_POINT('',(-0.0236272434278545,0.0868113241569601,0.00264541154861465));
#12983=CARTESIAN_POINT('',(-0.0258079473600177,0.0861855075263029,0.00291996796476191));
#12984=CARTESIAN_POINT('',(-0.0284223644742343,0.085354636602458,0.00304043345311406));
#12985=CARTESIAN_POINT('',(-0.0305643743271751,0.0846087024943726,0.00293862337318288));
#12986=CARTESIAN_POINT('',(-0.0322609783741842,0.0839800095242749,0.00268677448045287));
#12987=CARTESIAN_POINT('',(-0.0335205640531809,0.0834945184474778,0.00238357270346277));
#12988=CARTESIAN_POINT('',(-0.0345349011785158,0.0830885800171577,0.0019988130459882));
#12989=CARTESIAN_POINT('',(-0.0352807165123462,0.0827825997481469,0.00157105591906453));
#12990=CARTESIAN_POINT('',(-0.0357945351845214,0.0825685557516008,0.00116092032266776));
#12991=CARTESIAN_POINT('',(-0.0362160568631479,0.0823904446251829,0.000618014526039187));
#12992=CARTESIAN_POINT('',(-0.0363759473260529,0.0823222576937739,-8.77014303563297E-5));
#12993=CARTESIAN_POINT('',(-0.0361290560231004,0.0824274039342389,-0.000764811775485105));
#12994=CARTESIAN_POINT('',(-0.0355242763607622,0.0826821383746737,-0.00143832356088698));
#12995=CARTESIAN_POINT('',(-0.0345788236918943,0.0830720991447934,-0.00199418970027846));
#12996=CARTESIAN_POINT('',(-0.0356628394049369,0.0826232242857519,-0.00125087737369341));
#12997=CARTESIAN_POINT('',(-3.09223316784706E-17,5.51091059616308E-18,0.045));
#12998=CARTESIAN_POINT('',(-4.32759562648696E-17,1.57795740070137E-17,0.08535));
#12999=CARTESIAN_POINT('',(-4.30738895430103E-17,-0.00164999999999998,0.08535));
#13000=CARTESIAN_POINT('',(-3.38146152241507E-17,-0.0144381904848074,0.0847793864901147));
#13001=CARTESIAN_POINT('',(-3.41338098355542E-17,-0.0100784111917911,0.0840780434927242));
#13002=CARTESIAN_POINT('',(-4.09889081602977E-17,-0.00571863189877519,0.0833767004953307));
#13003=CARTESIAN_POINT('',(-4.13081027716977E-17,-0.00135885260576055,0.0826753574979296));
#13004=CARTESIAN_POINT('',(-3.60967547935858E-17,0.00135887429767641,0.0826753679597881));
#13005=CARTESIAN_POINT('',(-3.68454155827127E-17,0.00571871532282769,0.0833767432580443));
#13006=CARTESIAN_POINT('',(-3.79656003158479E-17,0.0100785563479799,0.0840781185562947));
#13007=CARTESIAN_POINT('',(-3.87142611049725E-17,0.0144383973731325,0.0847794938545426));
#13008=CARTESIAN_POINT('',(-3.18393375273054E-17,0.0847793864900915,0.0144381904847954));
#13009=CARTESIAN_POINT('',(-3.04186503425753E-17,0.0840780434927074,0.0100784111917802));
#13010=CARTESIAN_POINT('',(-2.73331191071344E-17,0.0833767004953201,0.00571863189876554));
#13011=CARTESIAN_POINT('',(-2.59124319224036E-17,0.0826753574979253,0.00135885260575207));
#13012=CARTESIAN_POINT('',(-3.22722053716036E-17,0.0826753679597828,-0.00135887429766588));
#13013=CARTESIAN_POINT('',(-3.1023282733943E-17,0.0833767432580294,-0.00571871532281649));
#13014=CARTESIAN_POINT('',(-2.74256259979894E-17,0.0840781185562701,-0.010078556347968));
#13015=CARTESIAN_POINT('',(-2.61767033603274E-17,0.0847794938545084,-0.01443839737312));
#13016=CARTESIAN_POINT('',(6.39896112306814E-18,0.0144381904847973,-0.0847793864900533));
#13017=CARTESIAN_POINT('',(6.71815573447725E-18,0.0100784111917774,-0.0840780434926798));
#13018=CARTESIAN_POINT('',(6.51127907525304E-18,0.00571863189875806,-0.0833767004953033));
#13019=CARTESIAN_POINT('',(6.83047368665868E-18,0.00135885260573988,-0.0826753574979191));
#13020=CARTESIAN_POINT('',(1.82762899189942E-17,-0.00135887429765562,-0.0826753679597776));
#13021=CARTESIAN_POINT('',(1.90249507081162E-17,-0.00571871532281044,-0.0833767432580167));
#13022=CARTESIAN_POINT('',(2.19340690258693E-17,-0.0100785563479662,-0.0840781185562498));
#13023=CARTESIAN_POINT('',(2.26827298149891E-17,-0.0144383973731223,-0.0847794938544807));
#13024=CARTESIAN_POINT('',(-4.846245148537E-18,-0.084779386490078,-0.0144381904848009));
#13025=CARTESIAN_POINT('',(-6.26693233326746E-18,-0.0840780434926978,-0.0100784111917829));
#13026=CARTESIAN_POINT('',(-3.45822259145353E-18,-0.0833767004953145,-0.00571863189876532));
#13027=CARTESIAN_POINT('',(-4.87890977618477E-18,-0.0826753574979237,-0.00135885260574901));
#13028=CARTESIAN_POINT('',(-1.38459362048624E-17,-0.0826753679597833,0.00135887429766679));
#13029=CARTESIAN_POINT('',(-1.50948588425233E-17,-0.0833767432580323,0.00571871532281922));
#13030=CARTESIAN_POINT('',(-6.16998048626851E-18,-0.0840781185562755,0.0100785563479726));
#13031=CARTESIAN_POINT('',(-7.41890312393081E-18,-0.0847794938545164,0.0144383973731263));
#13032=CARTESIAN_POINT('',(-2.75974156187856E-17,0.08535,-1.05533937916523E-17));
#13033=CARTESIAN_POINT('',(-2.81025824234339E-17,0.08535,0.00164999999999999));
#13034=CARTESIAN_POINT('',(8.9858458887437E-18,-5.32721357629099E-18,-0.08535));
#13035=CARTESIAN_POINT('',(8.78377916688439E-18,0.00164999999999999,-0.08535));
#13036=CARTESIAN_POINT('',(-6.69269475734029E-18,-0.08535,1.01033360929654E-19));
#13037=CARTESIAN_POINT('',(-6.18752795269201E-18,-0.08535,-0.00165));
#13038=CARTESIAN_POINT('',(-0.27001,-0.08535,-8.25656871985146E-17));
#13039=CARTESIAN_POINT('',(-0.017,-0.08535,-5.1037155354466E-18));
#13040=CARTESIAN_POINT('',(-0.017,-0.08535,-0.00165000000000001));
#13041=CARTESIAN_POINT('',(-8.89476264994901E-11,-0.0826753574979235,-0.0013588526057537));
#13042=CARTESIAN_POINT('',(-0.00150153854669202,-0.0826753532781082,-0.00135893177194744));
#13043=CARTESIAN_POINT('',(-0.00300812291803878,-0.082670408508772,-0.0013492201783234));
#13044=CARTESIAN_POINT('',(-0.00688735235277125,-0.0826447910805379,-0.00129728273997807));
#13045=CARTESIAN_POINT('',(-0.00919736020213318,-0.0826171094710773,-0.00124155614204588));
#13046=CARTESIAN_POINT('',(-0.0125547701506278,-0.0825610502003273,-0.00110626907974349));
#13047=CARTESIAN_POINT('',(-0.0136646540230409,-0.082539641510212,-0.0010520240310924));
#13048=CARTESIAN_POINT('',(-0.0157728328455424,-0.082494251358351,-0.0009216096672111));
#13049=CARTESIAN_POINT('',(-0.0167734242054731,-0.082470255369381,-0.000846352249665626));
#13050=CARTESIAN_POINT('',(-0.0186269956238618,-0.0824222793314358,-0.000661409932770148));
#13051=CARTESIAN_POINT('',(-0.0194505176736343,-0.0823990159166599,-0.000554825779036367));
#13052=CARTESIAN_POINT('',(-0.0203893227184785,-0.0823714341575429,-0.000363967157602434));
#13053=CARTESIAN_POINT('',(-0.0206403948101752,-0.0823638587328711,-0.000296406612697899));
#13054=CARTESIAN_POINT('',(-0.0209923138273538,-0.0823531436443517,-0.000154968448466681));
#13055=CARTESIAN_POINT('',(-0.0210913794786521,-0.0823500732612403,-7.85484959734672E-5));
#13056=CARTESIAN_POINT('',(-0.0210959780991281,-0.0823499311019852,7.13125657103017E-5));
#13057=CARTESIAN_POINT('',(-0.0210099988169094,-0.0823525988106452,0.000144368004500754));
#13058=CARTESIAN_POINT('',(-0.020666888441757,-0.0823630578946885,0.000288800936654968));
#13059=CARTESIAN_POINT('',(-0.0204175827427057,-0.0823705920289071,0.000356691639211271));
#13060=CARTESIAN_POINT('',(-0.0198058505530787,-0.0823885876818499,0.000483935680662579));
#13061=CARTESIAN_POINT('',(-0.0194388943102125,-0.082399165171657,0.000543768368963006));
#13062=CARTESIAN_POINT('',(-0.0186449395339202,-0.0824212730648783,0.000652372705326875));
#13063=CARTESIAN_POINT('',(-0.0182119584644277,-0.0824329857214638,0.000702352860790385));
#13064=CARTESIAN_POINT('',(-0.0168312285730795,-0.0824688249436246,0.000841452326319054));
#13065=CARTESIAN_POINT('',(-0.0158154115133789,-0.0824932738505915,0.00091862181078207));
#13066=CARTESIAN_POINT('',(-0.013704159138981,-0.0825388496214751,0.00104992477594148));
#13067=CARTESIAN_POINT('',(-0.0125919870815822,-0.0825603699440238,0.00110455698911586));
#13068=CARTESIAN_POINT('',(-0.0092248718951551,-0.0826167624656502,0.00124086904784546));
#13069=CARTESIAN_POINT('',(-0.00689595886522089,-0.0826447255401532,0.00129714731520861));
#13070=CARTESIAN_POINT('',(-0.00300844121828987,-0.0826704119219764,0.00134922884589678));
#13071=CARTESIAN_POINT('',(-0.00150267107720495,-0.0826753693981232,0.00135896539216904));
#13072=CARTESIAN_POINT('',(-8.79319009099155E-11,-0.0826753679597833,0.00135887429767212));
#13073=CARTESIAN_POINT('',(1.17969774899272E-10,-0.0847793873876717,-0.0144381960644728));
#13074=CARTESIAN_POINT('',(-0.00199146412037321,-0.0847793425613407,-0.0144390372489369));
#13075=CARTESIAN_POINT('',(-0.0039896207007934,-0.0847268029870938,-0.0143358488175159));
#13076=CARTESIAN_POINT('',(-0.00913457700380526,-0.0844546104333929,-0.0137839985752985));
#13077=CARTESIAN_POINT('',(-0.0121982960660953,-0.0841604859487185,-0.0131918887898457));
#13078=CARTESIAN_POINT('',(-0.0166511757692575,-0.0835648395488592,-0.0117544235743997));
#13079=CARTESIAN_POINT('',(-0.0181231937147912,-0.0833373663625993,-0.0111780550800039));
#13080=CARTESIAN_POINT('',(-0.0209192349721268,-0.0828550830307064,-0.00979236520322751));
#13081=CARTESIAN_POINT('',(-0.022246300833594,-0.0826001190402772,-0.00899273456408647));
#13082=CARTESIAN_POINT('',(-0.0247046625025055,-0.0820903595513289,-0.00702766814794088));
#13083=CARTESIAN_POINT('',(-0.0257968840655898,-0.08184317945754,-0.00589518269214323));
#13084=CARTESIAN_POINT('',(-0.0270420056031683,-0.0815501152504752,-0.00386725436768806));
#13085=CARTESIAN_POINT('',(-0.0273749979765659,-0.0814696242498971,-0.00314940458754638));
#13086=CARTESIAN_POINT('',(-0.0278417420012848,-0.0813557733987653,-0.00164658402278097));
#13087=CARTESIAN_POINT('',(-0.0279731311510894,-0.0813231496805596,-0.000834584808953717));
#13088=CARTESIAN_POINT('',(-0.0279792301042403,-0.0813216392270744,0.000757700988552016));
#13089=CARTESIAN_POINT('',(-0.0278651973236817,-0.0813499843787853,0.00153395119927069));
#13090=CARTESIAN_POINT('',(-0.0274101359937754,-0.0814611151227076,0.00306859219945452));
#13091=CARTESIAN_POINT('',(-0.0270794861590119,-0.0815411674466692,0.00378995027783357));
#13092=CARTESIAN_POINT('',(-0.0262681563555968,-0.081732376386059,0.00514195446944351));
#13093=CARTESIAN_POINT('',(-0.0257814686558206,-0.0818447652272069,0.00577769382062506));
#13094=CARTESIAN_POINT('',(-0.0247284601849745,-0.0820796678929331,0.00693164584427361));
#13095=CARTESIAN_POINT('',(-0.0241542050421006,-0.0822041181753397,0.00746269911479762));
#13096=CARTESIAN_POINT('',(-0.0223229664919612,-0.0825849202084643,0.00894067090339707));
#13097=CARTESIAN_POINT('',(-0.0209757062745502,-0.0828446967403464,0.00976061840053286));
#13098=CARTESIAN_POINT('',(-0.0181755887122919,-0.0833289523111274,0.0111557498729298));
#13099=CARTESIAN_POINT('',(-0.0167005360808048,-0.0835576116122492,0.01173623207538));
#13100=CARTESIAN_POINT('',(-0.0122347840658052,-0.0841567989563974,0.0131845883149076));
#13101=CARTESIAN_POINT('',(-0.00914599166060408,-0.0844539140487153,0.013782559649696));
#13102=CARTESIAN_POINT('',(-0.0039900428644412,-0.0847268392529821,0.014335940912162));
#13103=CARTESIAN_POINT('',(-0.00199296618117783,-0.0847795138408276,0.0144393944728192));
#13104=CARTESIAN_POINT('',(1.1662263418432E-10,-0.0847794985477757,0.0144384265469924));
#13105=CARTESIAN_POINT('',(-0.0170000000000121,-0.08246409820945,-0.000819494268009487));
#13106=CARTESIAN_POINT('',(-0.0175939990750865,-0.0824492853565812,-0.000767329853581955));
#13107=CARTESIAN_POINT('',(-0.0183926477772,-0.0824283022175957,-0.000685199355228754));
#13108=CARTESIAN_POINT('',(-0.0191526830353006,-0.0824072037698917,-0.00058453797015824));
#13109=CARTESIAN_POINT('',(-0.0195494789855316,-0.0823959182202208,-0.000523423158434074));
#13110=CARTESIAN_POINT('',(-0.0197965491655041,-0.0823887998240843,-0.000481906507366691));
#13111=CARTESIAN_POINT('',(-0.0201230682183998,-0.0823792807054416,-0.000419709013566591));
#13112=CARTESIAN_POINT('',(-0.0204628497010428,-0.0823692457410983,-0.000342916247950414));
#13113=CARTESIAN_POINT('',(-0.0209379250017084,-0.082354974297814,-0.000204464125761258));
#13114=CARTESIAN_POINT('',(-0.0211888832021998,-0.0823468864165391,6.04186415098204E-6));
#13115=CARTESIAN_POINT('',(-0.0209190784316994,-0.0823558625247727,0.000223927552765892));
#13116=CARTESIAN_POINT('',(-0.0198992899593898,-0.0823873704969793,0.000507596114275211));
#13117=CARTESIAN_POINT('',(-0.0183634244693005,-0.0824301127421436,0.000699825108833541));
#13118=CARTESIAN_POINT('',(-0.017,-0.0824641213269398,0.000819575673367679));
#13119=CARTESIAN_POINT('',(-0.042,-0.08535,-1.26750943711751E-17));
#13120=CARTESIAN_POINT('',(-0.017,-0.08535,-5.02105187650415E-18));
#13121=CARTESIAN_POINT('',(-0.017,-2.0818995585505E-18,-5.20474889637626E-18));
#13122=CARTESIAN_POINT('',(-0.270026671047951,-3.83959434146198E-17,-0.08535));
#13123=CARTESIAN_POINT('',(-0.017,3.26042981486781E-14,-0.0853499999999692));
#13124=CARTESIAN_POINT('',(-0.017,0.0016500000000326,-0.0853499999999692));
#13125=CARTESIAN_POINT('',(-8.89476860221894E-11,0.00135885260574457,-0.0826753574979189));
#13126=CARTESIAN_POINT('',(-0.00150153854668518,0.00135893177193831,-0.0826753532781036));
#13127=CARTESIAN_POINT('',(-0.0030081229180249,0.00134922017831433,-0.0826704085087675));
#13128=CARTESIAN_POINT('',(-0.00688735235274015,0.00129728273996927,-0.0826447910805336));
#13129=CARTESIAN_POINT('',(-0.00919736020209201,0.00124155614203735,-0.0826171094710735));
#13130=CARTESIAN_POINT('',(-0.0125547701505705,0.00110626907973578,-0.0825610502003243));
#13131=CARTESIAN_POINT('',(-0.0136646540229781,0.00105202403108502,-0.0825396415102093));
#13132=CARTESIAN_POINT('',(-0.015772832845469,0.00092160966720455,-0.0824942513583489));
#13133=CARTESIAN_POINT('',(-0.0167734242053943,0.000846352249659564,-0.0824702553693793));
#13134=CARTESIAN_POINT('',(-0.0186269956237721,0.000661409932765408,-0.0824222793314348));
#13135=CARTESIAN_POINT('',(-0.0194505176735392,0.000554825779032432,-0.0823990159166591));
#13136=CARTESIAN_POINT('',(-0.0203893227183765,0.000363967157600125,-0.0823714341575426));
#13137=CARTESIAN_POINT('',(-0.0206403948100712,0.000296406612696175,-0.0823638587328709));
#13138=CARTESIAN_POINT('',(-0.0209923138272468,0.000154968448466311,-0.0823531436443517));
#13139=CARTESIAN_POINT('',(-0.0210913794785443,7.8548495973829E-5,-0.0823500732612403));
#13140=CARTESIAN_POINT('',(-0.0210959780990203,-7.13125657084161E-5,-0.0823499311019852));
#13141=CARTESIAN_POINT('',(-0.0210099988168025,-0.000144368004498198,-0.0823525988106451));
#13142=CARTESIAN_POINT('',(-0.0206668884416528,-0.000288800936651084,-0.0823630578946881));
#13143=CARTESIAN_POINT('',(-0.0204175827426036,-0.00035669163920676,-0.0823705920289065));
#13144=CARTESIAN_POINT('',(-0.019805850552981,-0.000483935680657006,-0.082388587681849));
#13145=CARTESIAN_POINT('',(-0.0194388943101173,-0.000543768368956962,-0.0823991651716559));
#13146=CARTESIAN_POINT('',(-0.0186449395338302,-0.000652372705319996,-0.0824212730648768));
#13147=CARTESIAN_POINT('',(-0.0182119584643404,-0.000702352860783151,-0.082432985721462));
#13148=CARTESIAN_POINT('',(-0.0168312285730002,-0.000841452326310851,-0.0824688249436223));
#13149=CARTESIAN_POINT('',(-0.0158154115133052,-0.000918621810773371,-0.0824932738505887));
#13150=CARTESIAN_POINT('',(-0.0137041591389181,-0.00104992477593198,-0.0825388496214716));
#13151=CARTESIAN_POINT('',(-0.0125919870815248,-0.00110455698910605,-0.0825603699440199));
#13152=CARTESIAN_POINT('',(-0.00922487189511369,-0.00124086904783489,-0.0826167624656454));
#13153=CARTESIAN_POINT('',(-0.00689595886518978,-0.00129714731519776,-0.082644725540148));
#13154=CARTESIAN_POINT('',(-0.0030084412182763,-0.00134922884588567,-0.0826704119219707));
#13155=CARTESIAN_POINT('',(-0.00150267107719817,-0.00135896539215788,-0.0826753693981175));
#13156=CARTESIAN_POINT('',(-8.79318611196958E-11,-0.00135887429766095,-0.0826753679597776));
#13157=CARTESIAN_POINT('',(1.17969686536795E-10,0.0144381960644692,-0.084779387387647));
#13158=CARTESIAN_POINT('',(-0.001991464120368,0.0144390372489334,-0.084779342561316));
#13159=CARTESIAN_POINT('',(-0.00398962070078275,0.0143358488175122,-0.0847268029870695));
#13160=CARTESIAN_POINT('',(-0.00913457700378172,0.0137839985752938,-0.0844546104333705));
#13161=CARTESIAN_POINT('',(-0.0121982960660644,0.0131918887898398,-0.0841604859486979));
#13162=CARTESIAN_POINT('',(-0.0166511757692138,0.011754423574392,-0.0835648395488428));
#13163=CARTESIAN_POINT('',(-0.0181231937147432,0.0111780550799956,-0.0833373663625844));
#13164=CARTESIAN_POINT('',(-0.02091923497207,0.00979236520321791,-0.0828550830306949));
#13165=CARTESIAN_POINT('',(-0.0222463008335325,0.00899273456407638,-0.0826001190402676));
#13166=CARTESIAN_POINT('',(-0.0247046625024346,0.00702766814793071,-0.082090359551323));
#13167=CARTESIAN_POINT('',(-0.0257968840655139,0.00589518269213347,-0.0818431794575362));
#13168=CARTESIAN_POINT('',(-0.0270420056030855,0.00386725436768093,-0.0815501152504738));
#13169=CARTESIAN_POINT('',(-0.0273749979764812,0.00314940458754024,-0.0814696242498963));
#13170=CARTESIAN_POINT('',(-0.0278417420011969,0.00164658402277842,-0.0813557733987652));
#13171=CARTESIAN_POINT('',(-0.0279731311510007,0.000834584808953097,-0.0813231496805596));
#13172=CARTESIAN_POINT('',(-0.0279792301041516,-0.000757700988547952,-0.0813216392270739));
#13173=CARTESIAN_POINT('',(-0.0278651973235939,-0.00153395119926509,-0.0813499843787841));
#13174=CARTESIAN_POINT('',(-0.0274101359936903,-0.0030685921994459,-0.0814611151227046));
#13175=CARTESIAN_POINT('',(-0.027079486158929,-0.00378995027782353,-0.0815411674466649));
#13176=CARTESIAN_POINT('',(-0.0262681563555182,-0.00514195446943189,-0.0817323763860521));
#13177=CARTESIAN_POINT('',(-0.0257814686557445,-0.00577769382061303,-0.0818447652271986));
#13178=CARTESIAN_POINT('',(-0.0247284601849032,-0.0069316458442611,-0.0820796678929221));
#13179=CARTESIAN_POINT('',(-0.0241542050420317,-0.0074626991147851,-0.0822041181753274));
#13180=CARTESIAN_POINT('',(-0.0223229664918993,-0.008940670903385,-0.0825849202084479));
#13181=CARTESIAN_POINT('',(-0.0209757062744932,-0.00976061840052143,-0.0828446967403275));
#13182=CARTESIAN_POINT('',(-0.0181755887122439,-0.0111557498729198,-0.083328952311104));
#13183=CARTESIAN_POINT('',(-0.0167005360807611,-0.0117362320753709,-0.0835576116122238));
#13184=CARTESIAN_POINT('',(-0.0122347840657741,-0.0131845883149008,-0.0841567989563667));
#13185=CARTESIAN_POINT('',(-0.00914599166058055,-0.0137825596496906,-0.0844539140486824));
#13186=CARTESIAN_POINT('',(-0.00399004286443103,-0.0143359409121579,-0.0847268392529469));
#13187=CARTESIAN_POINT('',(-0.00199296618117275,-0.0144393944728152,-0.0847795138407919));
#13188=CARTESIAN_POINT('',(1.16622661723055E-10,-0.0144384265469884,-0.0847794985477401));
#13189=CARTESIAN_POINT('',(-0.0170000000000121,0.000819494268002557,-0.082464098209408));
#13190=CARTESIAN_POINT('',(-0.0175939990750272,0.000767329853579837,-0.0824492853565412));
#13191=CARTESIAN_POINT('',(-0.0183926477770954,0.000685199355229482,-0.0824283022175574));
#13192=CARTESIAN_POINT('',(-0.0191526830352306,0.00058453797015234,-0.0824072037698532));
#13193=CARTESIAN_POINT('',(-0.0195494789854938,0.000523423158423711,-0.0823959182201823));
#13194=CARTESIAN_POINT('',(-0.0197965491655308,0.000481906507346577,-0.082388799824045));
#13195=CARTESIAN_POINT('',(-0.0201230682183922,0.000419709013555102,-0.0823792807054047));
#13196=CARTESIAN_POINT('',(-0.0204628497010232,0.00034291624794139,-0.0823692457410627));
#13197=CARTESIAN_POINT('',(-0.0209379250016516,0.000204464125755966,-0.0823549742977805));
#13198=CARTESIAN_POINT('',(-0.0211888832020877,-6.04186417979752E-6,-0.082346886416508));
#13199=CARTESIAN_POINT('',(-0.0209190784315459,-0.000223927552792558,-0.0823558625247466));
#13200=CARTESIAN_POINT('',(-0.0198992899592448,-0.000507596114292435,-0.0823873704969575));
#13201=CARTESIAN_POINT('',(-0.0183634244692251,-0.000699825108827325,-0.08243011274212));
#13202=CARTESIAN_POINT('',(-0.017,-0.0008195756733405,-0.0824641213269105));
#13203=CARTESIAN_POINT('',(-0.042,3.26011538680213E-14,-0.0853499999999692));
#13204=CARTESIAN_POINT('',(-0.017,3.26042154850191E-14,-0.0853499999999692));
#13205=CARTESIAN_POINT('',(-0.017,3.26096253622544E-14,3.07768226953871E-14));
#13206=CARTESIAN_POINT('',(-0.270026671047951,0.08535,-9.32252183874744E-17));
#13207=CARTESIAN_POINT('',(-0.017,0.0853500000000018,6.33779765634084E-14));
#13208=CARTESIAN_POINT('',(-0.017,0.0853500000000018,0.00165000000006338));
#13209=CARTESIAN_POINT('',(-8.8947674854907E-11,0.082675357497925,0.00135885260575676));
#13210=CARTESIAN_POINT('',(-0.00150153854669247,0.0826753532781098,0.0013589317719505));
#13211=CARTESIAN_POINT('',(-0.00300812291803961,0.0826704085087735,0.00134922017832646));
#13212=CARTESIAN_POINT('',(-0.00688735235277314,0.0826447910805394,0.00129728273998112));
#13213=CARTESIAN_POINT('',(-0.00919736020213575,0.0826171094710787,0.00124155614204892));
#13214=CARTESIAN_POINT('',(-0.0125547701506315,0.0825610502003285,0.0011062690797465));
#13215=CARTESIAN_POINT('',(-0.0136646540230449,0.0825396415102132,0.0010520240310954));
#13216=CARTESIAN_POINT('',(-0.0157728328455473,0.082494251358352,0.000921609667214046));
#13217=CARTESIAN_POINT('',(-0.0167734242054784,0.0824702553693818,0.000846352249668546));
#13218=CARTESIAN_POINT('',(-0.018626995623868,0.0824222793314365,0.000661409932772969));
#13219=CARTESIAN_POINT('',(-0.0194505176736411,0.0823990159166603,0.000554825779039117));
#13220=CARTESIAN_POINT('',(-0.020389322718486,0.0823714341575432,0.000363967157605028));
#13221=CARTESIAN_POINT('',(-0.020640394810183,0.0823638587328713,0.000296406612700431));
#13222=CARTESIAN_POINT('',(-0.0209923138273618,0.0823531436443518,0.000154968448469067));
#13223=CARTESIAN_POINT('',(-0.0210913794786604,0.0823500732612403,7.85484959757721E-5));
#13224=CARTESIAN_POINT('',(-0.0210959780991363,0.0823499311019852,-7.13125657081761E-5));
#13225=CARTESIAN_POINT('',(-0.0210099988169175,0.0823525988106451,-0.000144368004498719));
#13226=CARTESIAN_POINT('',(-0.0206668884417648,0.0823630578946883,-0.00028880093665309));
#13227=CARTESIAN_POINT('',(-0.0204175827427133,0.0823705920289068,-0.000356691639209474));
#13228=CARTESIAN_POINT('',(-0.0198058505530858,0.0823885876818497,-0.000483935680660909));
#13229=CARTESIAN_POINT('',(-0.0194388943102192,0.0823991651716567,-0.000543768368961401));
#13230=CARTESIAN_POINT('',(-0.0186449395339265,0.082421273064878,-0.000652372705325375));
#13231=CARTESIAN_POINT('',(-0.0182119584644337,0.0824329857214634,-0.000702352860788928));
#13232=CARTESIAN_POINT('',(-0.016831228573085,0.0824688249436242,-0.000841452326317728));
#13233=CARTESIAN_POINT('',(-0.0158154115133838,0.082493273850591,-0.000918621810780793));
#13234=CARTESIAN_POINT('',(-0.013704159138985,0.0825388496214747,-0.00104992477594033));
#13235=CARTESIAN_POINT('',(-0.0125919870815859,0.0825603699440234,-0.00110455698911475));
#13236=CARTESIAN_POINT('',(-0.00922487189515768,0.0826167624656497,-0.00124086904784447));
#13237=CARTESIAN_POINT('',(-0.00689595886522284,0.0826447255401527,-0.00129714731520765));
#13238=CARTESIAN_POINT('',(-0.00300844121829077,0.0826704119219759,-0.00134922884589586));
#13239=CARTESIAN_POINT('',(-0.00150267107720539,0.0826753693981228,-0.00135896539216813));
#13240=CARTESIAN_POINT('',(-8.79319306170551E-11,0.0826753679597829,-0.00135887429767121));
#13241=CARTESIAN_POINT('',(1.17969724700712E-10,0.0847793873876852,0.0144381960644673));
#13242=CARTESIAN_POINT('',(-0.00199146412037314,0.0847793425613543,0.0144390372489314));
#13243=CARTESIAN_POINT('',(-0.00398962070079321,0.0847268029871073,0.0143358488175105));
#13244=CARTESIAN_POINT('',(-0.00913457700380483,0.0844546104334059,0.0137839985752937));
#13245=CARTESIAN_POINT('',(-0.0121982960660948,0.084160485948731,0.0131918887898417));
#13246=CARTESIAN_POINT('',(-0.016651175769257,0.0835648395488705,0.011754423574397));
#13247=CARTESIAN_POINT('',(-0.0181231937147907,0.0833373663626101,0.0111780550800018));
#13248=CARTESIAN_POINT('',(-0.0209192349721265,0.0828550830307159,0.00979236520322654));
#13249=CARTESIAN_POINT('',(-0.0222463008335939,0.082600119040286,0.00899273456408609));
#13250=CARTESIAN_POINT('',(-0.0247046625025059,0.0820903595513359,0.00702766814794194));
#13251=CARTESIAN_POINT('',(-0.0257968840655906,0.0818431794575461,0.00589518269214494));
#13252=CARTESIAN_POINT('',(-0.0270420056031696,0.0815501152504795,0.00386725436769053));
#13253=CARTESIAN_POINT('',(-0.0273749979765675,0.0814696242499008,0.00314940458754904));
#13254=CARTESIAN_POINT('',(-0.0278417420012865,0.0813557733987677,0.00164658402278385));
#13255=CARTESIAN_POINT('',(-0.0279731311510912,0.0813231496805614,0.000834584808956744));
#13256=CARTESIAN_POINT('',(-0.0279792301042422,0.0813216392270751,-0.000757700988548975));
#13257=CARTESIAN_POINT('',(-0.0278651973236835,0.0813499843787854,-0.00153395119926768));
#13258=CARTESIAN_POINT('',(-0.0274101359937769,0.0814611151227067,-0.00306859219945131));
#13259=CARTESIAN_POINT('',(-0.0270794861590133,0.0815411674466677,-0.00378995027783041));
#13260=CARTESIAN_POINT('',(-0.0262681563555977,0.0817323763860568,-0.00514195446944005));
#13261=CARTESIAN_POINT('',(-0.0257814686558213,0.0818447652272042,-0.00577769382062159));
#13262=CARTESIAN_POINT('',(-0.0247284601849749,0.0820796678929299,-0.00693164584426981));
#13263=CARTESIAN_POINT('',(-0.0241542050421008,0.0822041181753361,-0.00746269911479367));
#13264=CARTESIAN_POINT('',(-0.0223229664919613,0.0825849202084597,-0.00894067090339274));
#13265=CARTESIAN_POINT('',(-0.02097570627455,0.0828446967403414,-0.0097606184005282));
#13266=CARTESIAN_POINT('',(-0.0181755887122915,0.0833289523111215,-0.0111557498729247));
#13267=CARTESIAN_POINT('',(-0.0167005360808044,0.0835576116122429,-0.0117362320753747));
#13268=CARTESIAN_POINT('',(-0.0122347840658048,0.0841567989563902,-0.0131845883149017));
#13269=CARTESIAN_POINT('',(-0.00914599166060377,0.0844539140487079,-0.0137825596496899));
#13270=CARTESIAN_POINT('',(-0.00399004286444114,0.0847268392529743,-0.0143359409121558));
#13271=CARTESIAN_POINT('',(-0.00199296618117779,0.0847795138408197,-0.0144393944728128));
#13272=CARTESIAN_POINT('',(1.16622581925775E-10,0.0847794985477678,-0.014438426546986));
#13273=CARTESIAN_POINT('',(-0.0170000000000121,0.0824640982094384,0.000819494268025702));
#13274=CARTESIAN_POINT('',(-0.0175939990748898,0.0824492853565751,0.000767329853614524));
#13275=CARTESIAN_POINT('',(-0.0183926477768322,0.0824283022175939,0.000685199355276587));
#13276=CARTESIAN_POINT('',(-0.0191526830349657,0.08240720376989,0.000584537970203936));
#13277=CARTESIAN_POINT('',(-0.0195494789852646,0.0823959182202187,0.000523423158476076));
#13278=CARTESIAN_POINT('',(-0.0197965491653599,0.0823887998240806,0.000481906507395511));
#13279=CARTESIAN_POINT('',(-0.0201230682182569,0.0823792807054406,0.0004197090136093));
#13280=CARTESIAN_POINT('',(-0.0204628497009416,0.0823692457410985,0.000342916247999133));
#13281=CARTESIAN_POINT('',(-0.0209379250016556,0.0823549742978156,0.000204464125820209));
#13282=CARTESIAN_POINT('',(-0.0211888832022149,0.0823468864165406,-6.04186410841447E-6));
#13283=CARTESIAN_POINT('',(-0.0209190784317566,0.0823558625247761,-0.000223927552724028));
#13284=CARTESIAN_POINT('',(-0.0198992899594653,0.0823873704969864,-0.000507596114246508));
#13285=CARTESIAN_POINT('',(-0.0183634244693429,0.0824301127421563,-0.000699825108817605));
#13286=CARTESIAN_POINT('',(-0.017,0.0824641213269581,-0.000819575673362375));
#13287=CARTESIAN_POINT('',(-0.042,0.0853500000000018,6.33702398572548E-14));
#13288=CARTESIAN_POINT('',(-0.017,0.0853500000000018,6.33778938997495E-14));
#13289=CARTESIAN_POINT('',(-0.017,1.82759791797088E-15,6.33885299572001E-14));
#13290=CARTESIAN_POINT('',(-0.270026671047951,-1.72891558313152E-17,0.08535));
#13291=CARTESIAN_POINT('',(-0.017,-3.0768329769835E-14,0.0853500000000326));
#13292=CARTESIAN_POINT('',(-0.017,-0.00165000000003077,0.0853500000000326));
#13293=CARTESIAN_POINT('',(-8.89477161630098E-11,-0.00135885260576524,0.0826753574979293));
#13294=CARTESIAN_POINT('',(-0.00150153854669939,-0.00135893177195898,0.0826753532781141));
#13295=CARTESIAN_POINT('',(-0.00300812291805356,-0.00134922017833489,0.0826704085087778));
#13296=CARTESIAN_POINT('',(-0.00688735235280418,-0.00129728273998928,0.0826447910805432));
#13297=CARTESIAN_POINT('',(-0.00919736020217677,-0.00124155614205679,0.0826171094710823));
#13298=CARTESIAN_POINT('',(-0.0125547701506885,-0.00110626907975361,0.0825610502003313));
#13299=CARTESIAN_POINT('',(-0.0136646540231072,-0.00105202403110219,0.0825396415102157));
#13300=CARTESIAN_POINT('',(-0.0157728328456201,-0.000921609667220065,0.0824942513583539));
#13301=CARTESIAN_POINT('',(-0.0167734242055565,-0.000846352249674087,0.0824702553693835));
#13302=CARTESIAN_POINT('',(-0.0186269956239565,-0.00066140993277726,0.0824222793314374));
#13303=CARTESIAN_POINT('',(-0.0194505176737347,-0.000554825779042658,0.0823990159166609));
#13304=CARTESIAN_POINT('',(-0.020389322718586,-0.000363967157607055,0.0823714341575434));
#13305=CARTESIAN_POINT('',(-0.0206403948102848,-0.000296406612701912,0.0823638587328715));
#13306=CARTESIAN_POINT('',(-0.0209923138274665,-0.0001549684484693,0.0823531436443518));
#13307=CARTESIAN_POINT('',(-0.0210913794787657,-7.85484959753282E-5,0.0823500732612403));
#13308=CARTESIAN_POINT('',(-0.0210959780992418,7.1312565710005E-5,0.0823499311019851));
#13309=CARTESIAN_POINT('',(-0.0210099988170223,0.000144368004501182,0.0823525988106452));
#13310=CARTESIAN_POINT('',(-0.0206668884418668,0.000288800936656762,0.0823630578946886));
#13311=CARTESIAN_POINT('',(-0.0204175827428135,0.000356691639213724,0.0823705920289073));
#13312=CARTESIAN_POINT('',(-0.0198058505531818,0.000483935680666143,0.0823885876818505));
#13313=CARTESIAN_POINT('',(-0.0194388943103129,0.000543768368967088,0.0823991651716577));
#13314=CARTESIAN_POINT('',(-0.0186449395340152,0.000652372705331836,0.0824212730648794));
#13315=CARTESIAN_POINT('',(-0.0182119584645199,0.000702352860795721,0.082432985721465));
#13316=CARTESIAN_POINT('',(-0.0168312285731634,0.000841452326325435,0.0824688249436264));
#13317=CARTESIAN_POINT('',(-0.0158154115134569,0.000918621810788973,0.0824932738505937));
#13318=CARTESIAN_POINT('',(-0.0137041591390475,0.00104992477594927,0.082538849621478));
#13319=CARTESIAN_POINT('',(-0.012591987081643,0.00110455698912399,0.082560369944027));
#13320=CARTESIAN_POINT('',(-0.00922487189519896,0.00124086904785443,0.0826167624656542));
#13321=CARTESIAN_POINT('',(-0.00689595886525386,0.0012971473152179,0.0826447255401576));
#13322=CARTESIAN_POINT('',(-0.00300844121830427,0.00134922884590635,0.0826704119219812));
#13323=CARTESIAN_POINT('',(-0.00150267107721217,0.00135896539217867,0.0826753693981281));
#13324=CARTESIAN_POINT('',(-8.7931976478807E-11,0.00135887429768174,0.0826753679597882));
#13325=CARTESIAN_POINT('',(1.17969670924284E-10,-0.0144381960644793,0.0847793873877083));
#13326=CARTESIAN_POINT('',(-0.00199146412037901,-0.0144390372489434,0.0847793425613774));
#13327=CARTESIAN_POINT('',(-0.00398962070080508,-0.0143358488175226,0.0847268029871301));
#13328=CARTESIAN_POINT('',(-0.00913457700383089,-0.0137839985753063,0.0844546104334268));
#13329=CARTESIAN_POINT('',(-0.012198296066129,-0.0131918887898549,0.0841604859487499));
#13330=CARTESIAN_POINT('',(-0.016651175769305,-0.0117544235744109,0.0835648395488852));
#13331=CARTESIAN_POINT('',(-0.0181231937148434,-0.011178055080016,0.0833373663626232));
#13332=CARTESIAN_POINT('',(-0.0209192349721883,-0.00979236520324089,0.0828550830307256));
#13333=CARTESIAN_POINT('',(-0.0222463008336606,-0.00899273456410039,0.0826001190402938));
#13334=CARTESIAN_POINT('',(-0.0247046625025824,-0.00702766814795495,0.0820903595513399));
#13335=CARTESIAN_POINT('',(-0.0257968840656719,-0.00589518269215683,0.0818431794575481));
#13336=CARTESIAN_POINT('',(-0.0270420056032575,-0.00386725436769891,0.0815501152504792));
#13337=CARTESIAN_POINT('',(-0.0273749979766571,-0.00314940458755602,0.0814696242498999));
#13338=CARTESIAN_POINT('',(-0.0278417420013793,-0.00164658402278683,0.0813557733987661));
#13339=CARTESIAN_POINT('',(-0.0279731311511848,-0.000834584808957511,0.0813231496805597));
#13340=CARTESIAN_POINT('',(-0.0279792301043357,0.000757700988553144,0.0813216392270739));
#13341=CARTESIAN_POINT('',(-0.0278651973237763,0.00153395119927378,0.0813499843787849));
#13342=CARTESIAN_POINT('',(-0.0274101359938668,0.00306859219946088,0.0814611151227081));
#13343=CARTESIAN_POINT('',(-0.0270794861591013,0.00378995027784164,0.0815411674466703));
#13344=CARTESIAN_POINT('',(-0.0262681563556815,0.0051419544694535,0.0817323763860618));
#13345=CARTESIAN_POINT('',(-0.0257814686559028,0.00577769382063584,0.0818447652272107));
#13346=CARTESIAN_POINT('',(-0.0247284601850516,0.00693164584428528,0.082079667892939));
#13347=CARTESIAN_POINT('',(-0.0241542050421751,0.00746269911480936,0.0822041181753466));
#13348=CARTESIAN_POINT('',(-0.0223229664920283,0.00894067090340902,0.0825849202084742));
#13349=CARTESIAN_POINT('',(-0.0209757062746122,0.00976061840054443,0.0828446967403584));
#13350=CARTESIAN_POINT('',(-0.0181755887123442,0.0111557498729405,0.0833289523111432));
#13351=CARTESIAN_POINT('',(-0.0167005360808525,0.01173623207539,0.0835576116122666));
#13352=CARTESIAN_POINT('',(-0.0122347840658392,0.0131845883149159,0.0841567989564192));
#13353=CARTESIAN_POINT('',(-0.00914599166062974,0.0137825596497033,0.0844539140487393));
#13354=CARTESIAN_POINT('',(-0.00399004286445239,0.0143359409121684,0.0847268392530081));
#13355=CARTESIAN_POINT('',(-0.00199296618118344,0.0144393944728254,0.0847795138408539));
#13356=CARTESIAN_POINT('',(1.16622547773407E-10,0.0144384265469986,0.084779498547802));
#13357=CARTESIAN_POINT('',(-0.0170000000000121,-0.000819494268004683,0.0824640982094725));
#13358=CARTESIAN_POINT('',(-0.01759392271819,-0.00076733655917459,0.0824492872607574));
#13359=CARTESIAN_POINT('',(-0.0183924901504944,-0.000685215479144124,0.0824283064118332));
#13360=CARTESIAN_POINT('',(-0.0191524416318805,-0.000584572022180748,0.0824072105086129));
#13361=CARTESIAN_POINT('',(-0.019549246779578,-0.000523460207542998,0.0823959249235279));
#13362=CARTESIAN_POINT('',(-0.0197962041231954,-0.000481967541853269,0.0823888095848357));
#13363=CARTESIAN_POINT('',(-0.020123097161886,-0.000419712007476421,0.0823792808723255));
#13364=CARTESIAN_POINT('',(-0.0204630970355608,-0.000342903132135424,0.0823692438461458));
#13365=CARTESIAN_POINT('',(-0.0209384418419216,-0.000204437883934113,0.0823549764014705));
#13366=CARTESIAN_POINT('',(-0.0211889057661452,5.64095691049296E-6,0.0823468886411893));
#13367=CARTESIAN_POINT('',(-0.0209183522784987,0.000223889824276525,0.0823558514819116));
#13368=CARTESIAN_POINT('',(-0.0198983258844106,0.000507619513030992,0.0823873760641786));
#13369=CARTESIAN_POINT('',(-0.0183628651686669,0.00069986495172113,0.0824301244230987));
#13370=CARTESIAN_POINT('',(-0.0170000000001254,0.000819567514489586,0.0824641190099114));
#13371=CARTESIAN_POINT('',(-0.042,-3.07713087231739E-14,0.0853500000000326));
#13372=CARTESIAN_POINT('',(-0.017,-3.07682471061761E-14,0.0853500000000326));
#13373=CARTESIAN_POINT('',(-0.017,-3.0784109343842E-14,3.26065025129166E-14));
#13374=CARTESIAN_POINT('',(-0.0664,0.0494185424949238,1.01033360929657E-19));
#13375=CARTESIAN_POINT('',(-0.0664,0.0494185424949238,1.01033360929657E-19));
#13376=CARTESIAN_POINT('',(-0.0664,0.0494185424949238,0.00165));
#13377=CARTESIAN_POINT('',(-0.0664,0.0494185424949238,2.14313189850787E-19));
#13378=CARTESIAN_POINT('',(-0.0699999759811752,0.0484735160442127,-0.00337000371030307));
#13379=CARTESIAN_POINT('',(-0.0698932227266734,0.0485947515893644,-0.00340400094199289));
#13380=CARTESIAN_POINT('',(-0.0696892170732967,0.0488247412575424,-0.00345818006414183));
#13381=CARTESIAN_POINT('',(-0.0693360289216542,0.049223832533711,-0.00349984316472635));
#13382=CARTESIAN_POINT('',(-0.0690174056421371,0.0495821836810359,-0.00350271616615359));
#13383=CARTESIAN_POINT('',(-0.0686976176323619,0.0499400547360048,-0.00346634913210133));
#13384=CARTESIAN_POINT('',(-0.0684319001300338,0.0502361604585386,-0.00340667059994205));
#13385=CARTESIAN_POINT('',(-0.0682490960085534,0.0504382313571985,-0.00335006100149123));
#13386=CARTESIAN_POINT('',(-0.068113847272583,0.0505873203968339,-0.00329932098949493));
#13387=CARTESIAN_POINT('',(-0.0680543019547184,0.0506529130682809,-0.00327616202807898));
#13388=CARTESIAN_POINT('',(-0.0678870618838148,0.0508377160759729,-0.00320133238725592));
#13389=CARTESIAN_POINT('',(-0.0677108711086324,0.0510325879884834,-0.00310862942289434));
#13390=CARTESIAN_POINT('',(-0.0674033853447635,0.0513723804901799,-0.0029186667233778));
#13391=CARTESIAN_POINT('',(-0.0668783807089034,0.0519479819262984,-0.00247670337203872));
#13392=CARTESIAN_POINT('',(-0.0665556214265039,0.0522898203596188,-0.00202986968737261));
#13393=CARTESIAN_POINT('',(-0.0664000000194698,0.0524577256712911,-0.00173590484200197));
#13394=CARTESIAN_POINT('',(-0.0664,0.0524577725697248,-0.0017359315960459));
#13395=CARTESIAN_POINT('',(-0.0664,0.0494185424949238,2.14313189850787E-19));
#13396=CARTESIAN_POINT('',(-0.0664000000087375,0.052457740454356,0.00173606462514564));
#13397=CARTESIAN_POINT('',(-0.0664000000194719,0.0524576604921233,0.00173601895124964));
#13398=CARTESIAN_POINT('',(-0.0664780278822509,0.0523735796002119,0.00188321305396646));
#13399=CARTESIAN_POINT('',(-0.0666632920898075,0.052176413992663,0.0021787591896852));
#13400=CARTESIAN_POINT('',(-0.0669680648783442,0.0518484745207878,0.00253300622034148));
#13401=CARTESIAN_POINT('',(-0.0672554902432576,0.0515347216835831,0.00279363860382286));
#13402=CARTESIAN_POINT('',(-0.0674936337924113,0.0512728192845287,0.00297418396838987));
#13403=CARTESIAN_POINT('',(-0.0677082861621505,0.0510355906296665,0.00310777391174273));
#13404=CARTESIAN_POINT('',(-0.0678721968721514,0.0508543067722107,0.00319269055610508));
#13405=CARTESIAN_POINT('',(-0.0679622572971367,0.0507547474993849,0.00323541084744708));
#13406=CARTESIAN_POINT('',(-0.0680490419373351,0.0506588826904521,0.00327310714468248));
#13407=CARTESIAN_POINT('',(-0.0680688920208478,0.0506370211101487,0.0032810635658362));
#13408=CARTESIAN_POINT('',(-0.0681239228152362,0.0505764516375503,0.00330323616808669));
#13409=CARTESIAN_POINT('',(-0.0682195262390733,0.0504713766858869,0.00333907047035258));
#13410=CARTESIAN_POINT('',(-0.0684640298683799,0.0502020890579011,0.00341828204448001));
#13411=CARTESIAN_POINT('',(-0.0687812592162076,0.0498474975637174,0.00348673034661167));
#13412=CARTESIAN_POINT('',(-0.0691376205184527,0.0494471267202445,0.00350163637749837));
#13413=CARTESIAN_POINT('',(-0.0693420149507244,0.0492175602125062,0.00349721898160022));
#13414=CARTESIAN_POINT('',(-0.0696618350002633,0.0488563388215178,0.00346447029140632));
#13415=CARTESIAN_POINT('',(-0.0698802112146706,0.0486095943051935,0.0034081618473151));
#13416=CARTESIAN_POINT('',(-0.069999996899317,0.0484735466562604,0.00337001229447442));
#13417=CARTESIAN_POINT('',(-0.0664,0.,6.93889390390723E-18));
#13418=CARTESIAN_POINT('',(-0.0664,0.0524578194681585,-0.00173595835008982));
#13419=CARTESIAN_POINT('',(-0.0664,0.0528184385350639,-0.00158582666049305));
#13420=CARTESIAN_POINT('',(-0.0664000000000017,0.0534787089500687,-0.00114791246236828));
#13421=CARTESIAN_POINT('',(-0.0663999999999995,0.0539740179361177,-2.77906855554405E-6));
#13422=CARTESIAN_POINT('',(-0.0664000000000003,0.0534820632953147,0.00114735695811009));
#13423=CARTESIAN_POINT('',(-0.0664,0.0528189099490459,0.0015861937676651));
#13424=CARTESIAN_POINT('',(-0.0664,0.052457820407683,0.001736110277591));
#13425=CARTESIAN_POINT('',(-0.0700615576314848,0.048403560814252,-0.00334955644177152));
#13426=CARTESIAN_POINT('',(-0.0697424839065615,0.0487662919317103,-0.0034592521990152));
#13427=CARTESIAN_POINT('',(-0.0694100285229962,0.0491417701670785,-0.0035084614807774));
#13428=CARTESIAN_POINT('',(-0.0685965800250107,0.0500536889798092,-0.00348454683205732));
#13429=CARTESIAN_POINT('',(-0.068104575872394,0.0505991569109258,-0.00334290449825433));
#13430=CARTESIAN_POINT('',(-0.0672074615456453,0.051584083659742,-0.00280552967874935));
#13431=CARTESIAN_POINT('',(-0.0667873890879152,0.0520400365157631,-0.00239956783961512));
#13432=CARTESIAN_POINT('',(-0.0661651030206371,0.0527112093080012,-0.00134512195135149));
#13433=CARTESIAN_POINT('',(-0.0659720026524624,0.0529175280801106,-0.000681838359806831));
#13434=CARTESIAN_POINT('',(-0.0659701099511755,0.0529195480881588,0.000670725213621119));
#13435=CARTESIAN_POINT('',(-0.0661595563642127,0.0527171646779437,0.00133197978301852));
#13436=CARTESIAN_POINT('',(-0.066780722128478,0.0520472562821996,0.00239182046608729));
#13437=CARTESIAN_POINT('',(-0.0671974477825536,0.0515950575653033,0.00279912293557447));
#13438=CARTESIAN_POINT('',(-0.0681030039188314,0.0506009026527655,0.00334237176858695));
#13439=CARTESIAN_POINT('',(-0.0685960250109491,0.050054280664623,0.0034837791721015));
#13440=CARTESIAN_POINT('',(-0.0694105912594004,0.04914116005772,0.00350898883716393));
#13441=CARTESIAN_POINT('',(-0.0697432959882882,0.0487653799542745,0.00345921343859051));
#13442=CARTESIAN_POINT('',(-0.0700614444569398,0.0484036965891415,0.00334975757763643));
#13443=CARTESIAN_POINT('',(-0.0707890116228983,0.0486528957914596,-0.00422006464046046));
#13444=CARTESIAN_POINT('',(-0.0704666249361328,0.049109896226253,-0.00435826896533682));
#13445=CARTESIAN_POINT('',(-0.0701307176482614,0.0495829565965803,-0.00442026712954382));
#13446=CARTESIAN_POINT('',(-0.0693088230385672,0.050731871832411,-0.00439013735933799));
#13447=CARTESIAN_POINT('',(-0.0688117103864498,0.0514191000983557,-0.00421168394052617));
#13448=CARTESIAN_POINT('',(-0.0679052812561432,0.0526599971050792,-0.00353465206397922));
#13449=CARTESIAN_POINT('',(-0.0674808471270171,0.0532344464968545,-0.00302318570911566));
#13450=CARTESIAN_POINT('',(-0.0668520998842706,0.0540800486923345,-0.00169470253988995));
#13451=CARTESIAN_POINT('',(-0.0666569945080605,0.0543399872009599,-0.000859038162533061));
#13452=CARTESIAN_POINT('',(-0.0666550821581708,0.054342532179475,0.000845036847410055));
#13453=CARTESIAN_POINT('',(-0.0668464956338315,0.0540875517927352,0.00167814487964093));
#13454=CARTESIAN_POINT('',(-0.0674741109467781,0.0532435425874606,0.00301342489451679));
#13455=CARTESIAN_POINT('',(-0.0678951635175158,0.0526738229953239,0.00352658028621458));
#13456=CARTESIAN_POINT('',(-0.0688101221131272,0.0514212995342007,0.00421101276247632));
#13457=CARTESIAN_POINT('',(-0.0693082622653278,0.0507326172837802,0.0043891701941897));
#13458=CARTESIAN_POINT('',(-0.070131286225164,0.0495821879307633,0.00442093153923923));
#13459=CARTESIAN_POINT('',(-0.0704674454482089,0.0491087472393552,0.00435822013150769));
#13460=CARTESIAN_POINT('',(-0.0707888972725123,0.0486530668535972,0.00422031804901894));
#13461=CARTESIAN_POINT('',(-0.0664,2.92497963331714E-18,0.0494185424949238));
#13462=CARTESIAN_POINT('',(-0.0664,2.92497963331714E-18,0.0494185424949238));
#13463=CARTESIAN_POINT('',(-0.0664,-0.00165,0.0494185424949238));
#13464=CARTESIAN_POINT('',(-0.0664,2.81169980439601E-18,0.0494185424949238));
#13465=CARTESIAN_POINT('',(-0.0699999599151625,0.00337000004550676,0.0484735029754938));
#13466=CARTESIAN_POINT('',(-0.069893317582306,0.00340396836749092,0.0485946336205926));
#13467=CARTESIAN_POINT('',(-0.0696898334208139,0.0034580538847363,0.0488240639817779));
#13468=CARTESIAN_POINT('',(-0.0693373476979286,0.00349969343497075,0.0492223597695519));
#13469=CARTESIAN_POINT('',(-0.0690206610182792,0.0035028936571732,0.0495785357250173));
#13470=CARTESIAN_POINT('',(-0.0686985944859612,0.00346658440419207,0.0499389648474885));
#13471=CARTESIAN_POINT('',(-0.0684326434336876,0.00340685895335517,0.0502353030643156));
#13472=CARTESIAN_POINT('',(-0.0682500242262422,0.00335038595865129,0.050437146203325));
#13473=CARTESIAN_POINT('',(-0.0681152001490096,0.00329986104965409,0.0505857685622787));
#13474=CARTESIAN_POINT('',(-0.0680565729998124,0.00327712418632163,0.05065035788164));
#13475=CARTESIAN_POINT('',(-0.0678888190890568,0.00320219798043265,0.0508357858517237));
#13476=CARTESIAN_POINT('',(-0.0677124613585627,0.0031095115485725,0.051030893727386));
#13477=CARTESIAN_POINT('',(-0.0674044881829563,0.00291943558970121,0.0513713012830585));
#13478=CARTESIAN_POINT('',(-0.0668788316115336,0.002477131739022,0.0519476707324208));
#13479=CARTESIAN_POINT('',(-0.066555722992939,0.00202993717333384,0.05228978918019));
#13480=CARTESIAN_POINT('',(-0.0664000000194728,0.00173584743220506,0.0524577584616012));
#13481=CARTESIAN_POINT('',(-0.0664,0.00173586487411476,0.052457789037824));
#13482=CARTESIAN_POINT('',(-0.0664,2.81169980439601E-18,0.0494185424949238));
#13483=CARTESIAN_POINT('',(-0.0664000000032147,-0.0017358002540188,0.0524578029800819));
#13484=CARTESIAN_POINT('',(-0.0664000000194693,-0.00173579269841059,0.0524577897221405));
#13485=CARTESIAN_POINT('',(-0.0665552226937895,-0.00202921476915534,0.0522902087884836));
#13486=CARTESIAN_POINT('',(-0.066877472819849,-0.00247558776033062,0.0519489936923682));
#13487=CARTESIAN_POINT('',(-0.0674020811998375,-0.00291760557050201,0.051373944984174));
#13488=CARTESIAN_POINT('',(-0.0677093761656561,-0.00310769914052423,0.0510343807260314));
#13489=CARTESIAN_POINT('',(-0.0678855261806156,-0.00320051692049624,0.0508395487089821));
#13490=CARTESIAN_POINT('',(-0.0680525833274759,-0.00327540291768316,0.0506549289382181));
#13491=CARTESIAN_POINT('',(-0.0681125573645715,-0.00329878238223388,0.050588852521178));
#13492=CARTESIAN_POINT('',(-0.0682480808706284,-0.00334969956991996,0.0504394374703818));
#13493=CARTESIAN_POINT('',(-0.0684311495163594,-0.00340647391538326,0.0502370437403062));
#13494=CARTESIAN_POINT('',(-0.0686970771390378,-0.00346624220936549,0.0499406715774432));
#13495=CARTESIAN_POINT('',(-0.069016388810606,-0.00350267701001213,0.0495833237537725));
#13496=CARTESIAN_POINT('',(-0.0693361468999644,-0.00349987043979753,0.0492236928440849));
#13497=CARTESIAN_POINT('',(-0.0696896806546513,-0.00345808811376494,0.0488242093704548));
#13498=CARTESIAN_POINT('',(-0.0698935646323266,-0.0034038920471581,0.0485943619099105));
#13499=CARTESIAN_POINT('',(-0.069999963875773,-0.00337000095370537,0.0484735062141256));
#13500=CARTESIAN_POINT('',(-0.0664,-6.93889390390723E-18,4.24884710452154E-34));
#13501=CARTESIAN_POINT('',(-0.0664,0.00173588231602446,0.0524578196140468));
#13502=CARTESIAN_POINT('',(-0.0664,0.00158584091348552,0.0528183839513377));
#13503=CARTESIAN_POINT('',(-0.0664000000000016,0.00114876012462784,0.0534791153507825));
#13504=CARTESIAN_POINT('',(-0.0663999999999995,3.30573034833986E-6,0.0539741419658592));
#13505=CARTESIAN_POINT('',(-0.0664000000000003,-0.00114606254132278,0.0534811871470906));
#13506=CARTESIAN_POINT('',(-0.0664,-0.00158536097846841,0.0528186559297148));
#13507=CARTESIAN_POINT('',(-0.0664,-0.00173580780172711,0.0524578162347297));
#13508=CARTESIAN_POINT('',(-0.0700613981792207,0.00334946482464406,0.0484037356589223));
#13509=CARTESIAN_POINT('',(-0.0697428587138481,0.00345918109962156,0.0487658673012424));
#13510=CARTESIAN_POINT('',(-0.0694123213769646,0.00350817425791599,0.0491391832698136));
#13511=CARTESIAN_POINT('',(-0.068592193825492,0.00348493844651007,0.0500586303383667));
#13512=CARTESIAN_POINT('',(-0.0681021361517176,0.00334226205618988,0.0506018646115825));
#13513=CARTESIAN_POINT('',(-0.0671973343481207,0.00279864339673715,0.0515951727913525));
#13514=CARTESIAN_POINT('',(-0.066778851379364,0.00239073007871803,0.0520492860328159));
#13515=CARTESIAN_POINT('',(-0.0661585304910138,0.00132809215700771,0.0527182594095659));
#13516=CARTESIAN_POINT('',(-0.0659692066872216,0.000666855225371922,0.0529205195692691));
#13517=CARTESIAN_POINT('',(-0.0659729225617395,-0.000686167967275979,0.0529165387789565));
#13518=CARTESIAN_POINT('',(-0.0661664770156081,-0.00134752845588072,0.0527097188575813));
#13519=CARTESIAN_POINT('',(-0.0667882878322771,-0.00240103076578222,0.0520390751712572));
#13520=CARTESIAN_POINT('',(-0.0672074208811348,-0.00280608610128533,0.0515841378448057));
#13521=CARTESIAN_POINT('',(-0.0678778289827866,-0.00320679453876729,0.0508480938003722));
#13522=CARTESIAN_POINT('',(-0.0681151624880869,-0.00331104913538509,0.0505862785403268));
#13523=CARTESIAN_POINT('',(-0.0685959984122358,-0.00345300874841959,0.0500528943898111));
#13524=CARTESIAN_POINT('',(-0.0688370970484296,-0.00349175184034998,0.0497840635022424));
#13525=CARTESIAN_POINT('',(-0.0694109610957048,-0.0035083059971748,0.0491407153761232));
#13526=CARTESIAN_POINT('',(-0.0697419438545314,-0.00345956102867546,0.0487669085319688));
#13527=CARTESIAN_POINT('',(-0.0700616113641679,-0.00334941705141895,0.0484034938917307));
#13528=CARTESIAN_POINT('',(-0.0707888505134653,0.00421994921311896,0.0486531160782803));
#13529=CARTESIAN_POINT('',(-0.0704670036318096,0.00435817938797039,0.0491093612441473));
#13530=CARTESIAN_POINT('',(-0.0701330343039986,0.0044199052608307,0.0495796974039017));
#13531=CARTESIAN_POINT('',(-0.0693043913043268,0.00439063074981315,0.050738097378335));
#13532=CARTESIAN_POINT('',(-0.0688092453320354,0.00421087453427606,0.0514225114995189));
#13533=CARTESIAN_POINT('',(-0.0678950489091782,0.00352597612409048,0.0526739681618666));
#13534=CARTESIAN_POINT('',(-0.0674722207882606,0.00301205116016743,0.053246099825315));
#13535=CARTESIAN_POINT('',(-0.0668454590942074,0.00167324687664061,0.0540889310513235));
#13536=CARTESIAN_POINT('',(-0.0666541695168756,0.000840161255154033,0.0543437561347252));
#13537=CARTESIAN_POINT('',(-0.0666579239675093,-0.000864493139281016,0.0543387407944585));
#13538=CARTESIAN_POINT('',(-0.0668534881684133,-0.00169773451345775,0.0540781708615479));
#13539=CARTESIAN_POINT('',(-0.0674817551802175,-0.00302502878331723,0.0532332353416071));
#13540=CARTESIAN_POINT('',(-0.0679052401402728,-0.00353535307213869,0.0526600654120609));
#13541=CARTESIAN_POINT('',(-0.0685826091819108,-0.00404020069994795,0.051732732580863));
#13542=CARTESIAN_POINT('',(-0.0688224069218124,-0.00417154976234742,0.0514028748014686));
#13543=CARTESIAN_POINT('',(-0.0693082353987572,-0.00435040291917449,0.0507308707217027));
#13544=CARTESIAN_POINT('',(-0.0695518373691627,-0.0043992148600654,0.0503921740322201));
#13545=CARTESIAN_POINT('',(-0.070131659908808,-0.0044200712378502,0.0495816276717215));
#13546=CARTESIAN_POINT('',(-0.0704660792798086,-0.00435865805610596,0.0491106730689375));
#13547=CARTESIAN_POINT('',(-0.0707890659149745,-0.00421988902433503,0.0486528114745319));
#13548=CARTESIAN_POINT('',(-0.0664,-0.0494185424949238,5.95099262756394E-18));
#13549=CARTESIAN_POINT('',(-0.0664,-0.0494185424949238,5.95099262756394E-18));
#13550=CARTESIAN_POINT('',(-0.0664,-0.0494185424949238,-0.00164999999999999));
#13551=CARTESIAN_POINT('',(-0.0664,-0.0494185424949238,5.8377127986428E-18));
#13552=CARTESIAN_POINT('',(-0.0699999599151625,-0.0484735029754711,0.00337000004550039));
#13553=CARTESIAN_POINT('',(-0.0698805637945866,-0.0486091201241235,0.00340803077643857));
#13554=CARTESIAN_POINT('',(-0.0696595554468813,-0.0488588905916602,0.00346394229593432));
#13555=CARTESIAN_POINT('',(-0.0693032471048781,-0.0492612503276883,0.00350232308590656));
#13556=CARTESIAN_POINT('',(-0.0688466576298465,-0.0497740604939829,0.00349857993060232));
#13557=CARTESIAN_POINT('',(-0.0683464611244857,-0.0503368586961685,0.00339535372872521));
#13558=CARTESIAN_POINT('',(-0.0679674633618578,-0.0507525416104597,0.00324157300447777));
#13559=CARTESIAN_POINT('',(-0.0677644278523324,-0.0509732920142538,0.00313698852759693));
#13560=CARTESIAN_POINT('',(-0.0676750104864886,-0.0510708189984472,0.0030855455890268));
#13561=CARTESIAN_POINT('',(-0.0676335078916312,-0.0511163230728153,0.00306092419633891));
#13562=CARTESIAN_POINT('',(-0.0675333707482066,-0.0512262671060087,0.00299820369966364));
#13563=CARTESIAN_POINT('',(-0.0674324878827439,-0.0513370117609724,0.00292872547533122));
#13564=CARTESIAN_POINT('',(-0.0672671119052348,-0.0515183904821712,0.00280394525573835));
#13565=CARTESIAN_POINT('',(-0.0670030537261495,-0.0518072202887362,0.00257293644653338));
#13566=CARTESIAN_POINT('',(-0.0666800140259964,-0.0521571873200405,0.0022056641127767));
#13567=CARTESIAN_POINT('',(-0.0664832725116717,-0.0523679372851324,0.00189311122658915));
#13568=CARTESIAN_POINT('',(-0.0664000000194728,-0.0524577584615753,0.00173584743225044));
#13569=CARTESIAN_POINT('',(-0.0664,-0.0524577890377981,0.00173586487416017));
#13570=CARTESIAN_POINT('',(-0.0664,-0.0494185424949238,5.8377127986428E-18));
#13571=CARTESIAN_POINT('',(-0.0664000000032147,-0.0524578029800538,-0.00173580025406804));
#13572=CARTESIAN_POINT('',(-0.0664000000194693,-0.0524577897221124,-0.00173579269845982));
#13573=CARTESIAN_POINT('',(-0.0665552226937847,-0.0522902087884608,-0.00202921476918421));
#13574=CARTESIAN_POINT('',(-0.0668774728198393,-0.051948993692357,-0.00247558776034307));
#13575=CARTESIAN_POINT('',(-0.0674020811998382,-0.0513739449841528,-0.00291760557051563));
#13576=CARTESIAN_POINT('',(-0.067709376165654,-0.0510343807260107,-0.00310769914053588));
#13577=CARTESIAN_POINT('',(-0.0678855261806285,-0.0508395487089425,-0.00320051692051328));
#13578=CARTESIAN_POINT('',(-0.0680525833274553,-0.0506549289382128,-0.00327540291768565));
#13579=CARTESIAN_POINT('',(-0.0681125573646895,-0.0505888525210176,-0.00329878238229206));
#13580=CARTESIAN_POINT('',(-0.0682480808708245,-0.0504394374701297,-0.00334969956999844));
#13581=CARTESIAN_POINT('',(-0.0684311495166077,-0.0502370437399892,-0.00340647391545963));
#13582=CARTESIAN_POINT('',(-0.0686970771392276,-0.0499406715771893,-0.0034662422093997));
#13583=CARTESIAN_POINT('',(-0.0690163888106294,-0.0495833237537181,-0.00350267701000393));
#13584=CARTESIAN_POINT('',(-0.0693361468997086,-0.0492236928443593,-0.00349987043980538));
#13585=CARTESIAN_POINT('',(-0.0696896806543132,-0.048824209370822,-0.00345808811382917));
#13586=CARTESIAN_POINT('',(-0.0698935646321292,-0.0485943619101078,-0.00340389204721446));
#13587=CARTESIAN_POINT('',(-0.069999963875773,-0.0484735062140987,-0.00337000095369782));
#13588=CARTESIAN_POINT('',(-0.0664,-8.49769420904307E-34,-6.93889390390723E-18));
#13589=CARTESIAN_POINT('',(-0.0664,-0.0524578196140209,0.00173588231606989));
#13590=CARTESIAN_POINT('',(-0.0664,-0.0528183839513304,0.00158584091353337));
#13591=CARTESIAN_POINT('',(-0.0664000000000017,-0.0534791153508131,0.00114876012467146));
#13592=CARTESIAN_POINT('',(-0.0663999999999995,-0.0539741419659242,3.30573034646051E-6));
#13593=CARTESIAN_POINT('',(-0.0664000000000003,-0.0534811871471201,-0.00114606254137141));
#13594=CARTESIAN_POINT('',(-0.0664,-0.0528186559297057,-0.00158536097852052));
#13595=CARTESIAN_POINT('',(-0.0664,-0.0524578162347016,-0.00173580780177637));
#13596=CARTESIAN_POINT('',(-0.0700613981792209,-0.0484037356588993,0.0033494648246371));
#13597=CARTESIAN_POINT('',(-0.0697428587138473,-0.0487658673012205,0.00345918109961758));
#13598=CARTESIAN_POINT('',(-0.0694123213769621,-0.0491391832697935,0.00350817425791454));
#13599=CARTESIAN_POINT('',(-0.0685921938254859,-0.0500586303383499,0.00348493844651343));
#13600=CARTESIAN_POINT('',(-0.0681021361517083,-0.0506018646115689,0.00334226205619507));
#13601=CARTESIAN_POINT('',(-0.0671973343481057,-0.0515951727913441,0.002798643396744));
#13602=CARTESIAN_POINT('',(-0.0667788513793457,-0.0520492860328104,0.0023907300787246));
#13603=CARTESIAN_POINT('',(-0.0661585304909902,-0.052718259409565,0.0013280921570114));
#13604=CARTESIAN_POINT('',(-0.0659692066871961,-0.0529205195692695,0.00066685522537311));
#13605=CARTESIAN_POINT('',(-0.0659729225617141,-0.052916538778956,-0.000686167967281774));
#13606=CARTESIAN_POINT('',(-0.0661664770155849,-0.0527097188575783,-0.00134752845588929));
#13607=CARTESIAN_POINT('',(-0.0667882878322595,-0.0520390751712481,-0.00240103076579262));
#13608=CARTESIAN_POINT('',(-0.0672074208811193,-0.0515841378447944,-0.00280608610129467));
#13609=CARTESIAN_POINT('',(-0.0678778289827759,-0.0508480938003558,-0.00320679453877461));
#13610=CARTESIAN_POINT('',(-0.068115162488079,-0.0505862785403075,-0.00331104913539195));
#13611=CARTESIAN_POINT('',(-0.0685959984122289,-0.0500528943897909,-0.00345300874842327));
#13612=CARTESIAN_POINT('',(-0.0688370970484242,-0.0497840635022207,-0.00349175184035236));
#13613=CARTESIAN_POINT('',(-0.0694109610957032,-0.0491407153760976,-0.00350830599717301));
#13614=CARTESIAN_POINT('',(-0.0697419438545306,-0.0487669085319425,-0.00345956102867081));
#13615=CARTESIAN_POINT('',(-0.0700616113641681,-0.0484034938917036,-0.00334941705141073));
#13616=CARTESIAN_POINT('',(-0.0707888505134651,-0.0486531160782515,0.00421994921310932));
#13617=CARTESIAN_POINT('',(-0.0704670036318084,-0.0491093612441198,0.0043581793879645));
#13618=CARTESIAN_POINT('',(-0.0701330343039957,-0.0495796974038763,0.00441990526082799));
#13619=CARTESIAN_POINT('',(-0.0693043913043202,-0.0507380973783139,0.00439063074981647));
#13620=CARTESIAN_POINT('',(-0.0688092453320256,-0.0514225114995015,0.00421087453428179));
#13621=CARTESIAN_POINT('',(-0.0678950489091626,-0.0526739681618557,0.00352597612409838));
#13622=CARTESIAN_POINT('',(-0.0674722207882418,-0.0532460998253077,0.00301205116017499));
#13623=CARTESIAN_POINT('',(-0.0668454590941831,-0.0540889310513218,0.00167324687664473));
#13624=CARTESIAN_POINT('',(-0.0666541695168495,-0.0543437561347251,0.000840161255155095));
#13625=CARTESIAN_POINT('',(-0.0666579239674832,-0.0543387407944574,-0.00086449313928852));
#13626=CARTESIAN_POINT('',(-0.0668534881683894,-0.0540781708615437,-0.0016977345134686));
#13627=CARTESIAN_POINT('',(-0.0674817551801992,-0.0532332353415953,-0.0030250287833302));
#13628=CARTESIAN_POINT('',(-0.0679052401402566,-0.0526600654120464,-0.00353535307215027));
#13629=CARTESIAN_POINT('',(-0.0685826091818995,-0.0517327325808422,-0.00404020069995698));
#13630=CARTESIAN_POINT('',(-0.068822406921804,-0.0514028748014441,-0.0041715497623558));
#13631=CARTESIAN_POINT('',(-0.0693082353987498,-0.0507308707216771,-0.00435040291917885));
#13632=CARTESIAN_POINT('',(-0.0695518373691568,-0.0503921740321927,-0.00439921486006811));
#13633=CARTESIAN_POINT('',(-0.0701316599088057,-0.0495816276716894,-0.0044200712378477));
#13634=CARTESIAN_POINT('',(-0.0704660792798073,-0.0491106730689045,-0.00435865805609984));
#13635=CARTESIAN_POINT('',(-0.0707890659149742,-0.0486528114744978,-0.00421988902432442));
#13636=CARTESIAN_POINT('',(-0.0664,-8.97700562181073E-18,-0.0494185424949238));
#13637=CARTESIAN_POINT('',(-0.0664,-8.97700562181073E-18,-0.0494185424949238));
#13638=CARTESIAN_POINT('',(-0.0664,0.00164999999999999,-0.0494185424949238));
#13639=CARTESIAN_POINT('',(-0.0664,-8.8637257928896E-18,-0.0494185424949238));
#13640=CARTESIAN_POINT('',(-0.0699999599151625,-0.00337000004549317,-0.0484735029754453));
#13641=CARTESIAN_POINT('',(-0.0698933175821922,-0.00340396836751542,-0.0485946336206732));
#13642=CARTESIAN_POINT('',(-0.0696898334206312,-0.00345805388476877,-0.0488240639819428));
#13643=CARTESIAN_POINT('',(-0.069337347697766,-0.00349969343497075,-0.0492223597696934));
#13644=CARTESIAN_POINT('',(-0.0690206610183705,-0.00350289365717946,-0.0495785357248655));
#13645=CARTESIAN_POINT('',(-0.0686985944858139,-0.00346658440418359,-0.0499389648475946));
#13646=CARTESIAN_POINT('',(-0.0684326434335326,-0.00340685895332675,-0.0502353030644242));
#13647=CARTESIAN_POINT('',(-0.0682500242261197,-0.00335038595862884,-0.0504371462033968));
#13648=CARTESIAN_POINT('',(-0.0681152001489432,-0.00329986104964757,-0.0505857685622941));
#13649=CARTESIAN_POINT('',(-0.0680565729998536,-0.00327712418635881,-0.0506503578815415));
#13650=CARTESIAN_POINT('',(-0.0678888190890478,-0.00320219798044499,-0.0508357858516989));
#13651=CARTESIAN_POINT('',(-0.0677124613585454,-0.0031095115485737,-0.0510308937273843));
#13652=CARTESIAN_POINT('',(-0.0674044881829059,-0.00291943558967163,-0.0513713012831094));
#13653=CARTESIAN_POINT('',(-0.0668788316114643,-0.00247713173895677,-0.0519476707324829));
#13654=CARTESIAN_POINT('',(-0.0665557229928971,-0.00202993717332524,-0.0522897891801831));
#13655=CARTESIAN_POINT('',(-0.0664000000194728,-0.00173584743229717,-0.0524577584615486));
#13656=CARTESIAN_POINT('',(-0.0664,-0.0017358648742069,-0.0524577890377715));
#13657=CARTESIAN_POINT('',(-0.0664,-8.8637257928896E-18,-0.0494185424949238));
#13658=CARTESIAN_POINT('',(-0.0664000000032147,0.00173580025411083,-0.0524578029800294));
#13659=CARTESIAN_POINT('',(-0.0664000000194693,0.00173579269850259,-0.052457789722088));
#13660=CARTESIAN_POINT('',(-0.0665552226938165,0.00202921476927677,-0.0522902087884024));
#13661=CARTESIAN_POINT('',(-0.0668774728198937,0.00247558776045162,-0.0519489936922508));
#13662=CARTESIAN_POINT('',(-0.0674020811998866,0.00291760557058223,-0.0513739449840482));
#13663=CARTESIAN_POINT('',(-0.0677093761656798,0.00310769914057206,-0.0510343807259411));
#13664=CARTESIAN_POINT('',(-0.0678855261806537,0.00320051692053893,-0.0508395487088822));
#13665=CARTESIAN_POINT('',(-0.0680525833274357,0.00327540291768546,-0.0506549289382133));
#13666=CARTESIAN_POINT('',(-0.0681125573647879,0.00329878238233822,-0.0505888525208907));
#13667=CARTESIAN_POINT('',(-0.0682480808709859,0.00334969957005866,-0.0504394374699351));
#13668=CARTESIAN_POINT('',(-0.0684311495168076,0.0034064739155188,-0.0502370437397493));
#13669=CARTESIAN_POINT('',(-0.0686970771393998,0.00346624220942566,-0.0499406715769757));
#13670=CARTESIAN_POINT('',(-0.0690163888105889,0.0035026770099993,-0.0495833237537415));
#13671=CARTESIAN_POINT('',(-0.0693361468997248,0.00349987043980543,-0.0492236928443194));
#13672=CARTESIAN_POINT('',(-0.0696896806543094,0.00345808811382383,-0.0488242093708047));
#13673=CARTESIAN_POINT('',(-0.0698935646321307,0.0034038920472088,-0.0485943619100847));
#13674=CARTESIAN_POINT('',(-0.0699999638757731,0.00337000095369184,-0.0484735062140774));
#13675=CARTESIAN_POINT('',(-0.0664,6.93889390390723E-18,-1.27465413135646E-33));
#13676=CARTESIAN_POINT('',(-0.0664,-0.00173588231611663,-0.0524578196139943));
#13677=CARTESIAN_POINT('',(-0.0664,-0.00158584091358283,-0.0528183839513215));
#13678=CARTESIAN_POINT('',(-0.0664000000000016,-0.00114876012471762,-0.0534791153508405));
#13679=CARTESIAN_POINT('',(-0.0663999999999995,-3.30573035051777E-6,-0.0539741419659854));
#13680=CARTESIAN_POINT('',(-0.0664000000000003,0.00114606254141194,-0.0534811871471498));
#13681=CARTESIAN_POINT('',(-0.0664,0.00158536097856557,-0.052818655929699));
#13682=CARTESIAN_POINT('',(-0.0664,0.00173580780181917,-0.0524578162346773));
#13683=CARTESIAN_POINT('',(-0.0700613981792211,-0.00334946482462924,-0.0484037356588734));
#13684=CARTESIAN_POINT('',(-0.0697428587138465,-0.003459181099613,-0.0487658673011954));
#13685=CARTESIAN_POINT('',(-0.0694123213769596,-0.00350817425791283,-0.0491391832697701));
#13686=CARTESIAN_POINT('',(-0.0685921938254802,-0.00348493844651741,-0.0500586303383297));
#13687=CARTESIAN_POINT('',(-0.0681021361516995,-0.00334226205620146,-0.0506018646115518));
#13688=CARTESIAN_POINT('',(-0.0671973343480914,-0.0027986433967532,-0.0515951727913327));
#13689=CARTESIAN_POINT('',(-0.0667788513793284,-0.00239073007873409,-0.0520492860328023));
#13690=CARTESIAN_POINT('',(-0.0661585304909679,-0.001328092157019,-0.0527182594095624));
#13691=CARTESIAN_POINT('',(-0.0659692066871721,-0.000666855225378596,-0.0529205195692691));
#13692=CARTESIAN_POINT('',(-0.06597292256169,0.000686167967282913,-0.0529165387789565));
#13693=CARTESIAN_POINT('',(-0.0661664770155629,0.00134752845589328,-0.0527097188575772));
#13694=CARTESIAN_POINT('',(-0.0667882878322427,0.00240103076579919,-0.0520390751712426));
#13695=CARTESIAN_POINT('',(-0.0672074208811047,0.00280608610130081,-0.0515841378447871));
#13696=CARTESIAN_POINT('',(-0.0678778289827658,0.00320679453877975,-0.0508480938003444));
#13697=CARTESIAN_POINT('',(-0.0681151624880715,0.00331104913539699,-0.0505862785402934));
#13698=CARTESIAN_POINT('',(-0.0685959984122225,0.00345300874842594,-0.050052894389776));
#13699=CARTESIAN_POINT('',(-0.0688370970484191,0.00349175184035417,-0.0497840635022045));
#13700=CARTESIAN_POINT('',(-0.0694109610957017,0.00350830599717166,-0.0491407153760778));
#13701=CARTESIAN_POINT('',(-0.0697419438545299,0.00345956102866724,-0.048766908531922));
#13702=CARTESIAN_POINT('',(-0.0700616113641683,0.00334941705140421,-0.0484034938916821));
#13703=CARTESIAN_POINT('',(-0.0707888505134649,-0.00421994921309924,-0.048653116078219));
#13704=CARTESIAN_POINT('',(-0.0704670036318071,-0.00435817938795853,-0.0491093612440883));
#13705=CARTESIAN_POINT('',(-0.0701330343039927,-0.00441990526082562,-0.0495796974038469));
#13706=CARTESIAN_POINT('',(-0.069304391304314,-0.00439063074982131,-0.0507380973782883));
#13707=CARTESIAN_POINT('',(-0.0688092453320164,-0.00421087453428961,-0.0514225114994798));
#13708=CARTESIAN_POINT('',(-0.0678950489091479,-0.00352597612410983,-0.052673968161841));
#13709=CARTESIAN_POINT('',(-0.0674722207882239,-0.00301205116018692,-0.053246099825297));
#13710=CARTESIAN_POINT('',(-0.0668454590941603,-0.00167324687665444,-0.0540889310513181));
#13711=CARTESIAN_POINT('',(-0.0666541695168248,-0.000840161255162249,-0.0543437561347241));
#13712=CARTESIAN_POINT('',(-0.0666579239674586,0.00086449313928952,-0.0543387407944574));
#13713=CARTESIAN_POINT('',(-0.0668534881683669,0.00169773451347313,-0.0540781708615417));
#13714=CARTESIAN_POINT('',(-0.0674817551801819,0.00302502878333783,-0.0532332353415879));
#13715=CARTESIAN_POINT('',(-0.0679052401402414,0.0035353530721573,-0.0526600654120369));
#13716=CARTESIAN_POINT('',(-0.068582609181889,0.00404020069996262,-0.0517327325808276));
#13717=CARTESIAN_POINT('',(-0.068822406921796,0.00417154976236134,-0.0514028748014261));
#13718=CARTESIAN_POINT('',(-0.069308235398743,0.00435040291918138,-0.0507308707216582));
#13719=CARTESIAN_POINT('',(-0.0695518373691513,0.00439921486006955,-0.0503921740321723));
#13720=CARTESIAN_POINT('',(-0.0701316599088039,0.00442007123784511,-0.0495816276716646));
#13721=CARTESIAN_POINT('',(-0.0704660792798062,0.00435865805609448,-0.0491106730688788));
#13722=CARTESIAN_POINT('',(-0.0707890659149741,0.00421988902431538,-0.0486528114744709));
#13723=CARTESIAN_POINT('',(-0.0349651229679585,-0.0719384813824247,-0.0047218711661703));
#13724=MECHANICAL_DESIGN_GEOMETRIC_PRESENTATION_REPRESENTATION('',(#6186,
#1075,#1076,#6187,#6188,#6189,#6190,#6191,#6192,#6193,#6194,#6195),#13725);
#13725=(
GEOMETRIC_REPRESENTATION_CONTEXT(3)
GLOBAL_UNCERTAINTY_ASSIGNED_CONTEXT((#13738))
GLOBAL_UNIT_ASSIGNED_CONTEXT((#13753,#13752,#13751))
REPRESENTATION_CONTEXT('RC Ball Prototype #1 Assembly',
'TOP_LEVEL_ASSEMBLY_PART')
);
#13726=(
GEOMETRIC_REPRESENTATION_CONTEXT(3)
GLOBAL_UNCERTAINTY_ASSIGNED_CONTEXT((#13739))
GLOBAL_UNIT_ASSIGNED_CONTEXT((#13753,#13752,#13751))
REPRESENTATION_CONTEXT('608ZZ_Ball_Bearing','COMPONENT_PART')
);
#13727=(
GEOMETRIC_REPRESENTATION_CONTEXT(3)
GLOBAL_UNCERTAINTY_ASSIGNED_CONTEXT((#13740))
GLOBAL_UNIT_ASSIGNED_CONTEXT((#13753,#13752,#13751))
REPRESENTATION_CONTEXT('Part 1','COMPONENT_PART')
);
#13728=(
GEOMETRIC_REPRESENTATION_CONTEXT(3)
GLOBAL_UNCERTAINTY_ASSIGNED_CONTEXT((#13741))
GLOBAL_UNIT_ASSIGNED_CONTEXT((#13753,#13752,#13751))
REPRESENTATION_CONTEXT('Part 1','COMPONENT_PART')
);
#13729=(
GEOMETRIC_REPRESENTATION_CONTEXT(3)
GLOBAL_UNCERTAINTY_ASSIGNED_CONTEXT((#13742))
GLOBAL_UNIT_ASSIGNED_CONTEXT((#13753,#13752,#13751))
REPRESENTATION_CONTEXT('Part 1','COMPONENT_PART')
);
#13730=(
GEOMETRIC_REPRESENTATION_CONTEXT(3)
GLOBAL_UNCERTAINTY_ASSIGNED_CONTEXT((#13743))
GLOBAL_UNIT_ASSIGNED_CONTEXT((#13753,#13752,#13751))
REPRESENTATION_CONTEXT('Part 2','COMPONENT_PART')
);
#13731=(
GEOMETRIC_REPRESENTATION_CONTEXT(3)
GLOBAL_UNCERTAINTY_ASSIGNED_CONTEXT((#13744))
GLOBAL_UNIT_ASSIGNED_CONTEXT((#13753,#13752,#13751))
REPRESENTATION_CONTEXT('Part 1','COMPONENT_PART')
);
#13732=(
GEOMETRIC_REPRESENTATION_CONTEXT(3)
GLOBAL_UNCERTAINTY_ASSIGNED_CONTEXT((#13745))
GLOBAL_UNIT_ASSIGNED_CONTEXT((#13753,#13752,#13751))
REPRESENTATION_CONTEXT('Swinging Motor <1>','COMPONENT_PART')
);
#13733=(
GEOMETRIC_REPRESENTATION_CONTEXT(3)
GLOBAL_UNCERTAINTY_ASSIGNED_CONTEXT((#13746))
GLOBAL_UNIT_ASSIGNED_CONTEXT((#13753,#13752,#13751))
REPRESENTATION_CONTEXT('?????','COMPONENT_PART')
);
#13734=(
GEOMETRIC_REPRESENTATION_CONTEXT(3)
GLOBAL_UNCERTAINTY_ASSIGNED_CONTEXT((#13747))
GLOBAL_UNIT_ASSIGNED_CONTEXT((#13753,#13752,#13751))
REPRESENTATION_CONTEXT('???','COMPONENT_PART')
);
#13735=(
GEOMETRIC_REPRESENTATION_CONTEXT(3)
GLOBAL_UNCERTAINTY_ASSIGNED_CONTEXT((#13748))
GLOBAL_UNIT_ASSIGNED_CONTEXT((#13753,#13752,#13751))
REPRESENTATION_CONTEXT('?????? (1)','COMPONENT_PART')
);
#13736=(
GEOMETRIC_REPRESENTATION_CONTEXT(3)
GLOBAL_UNCERTAINTY_ASSIGNED_CONTEXT((#13749))
GLOBAL_UNIT_ASSIGNED_CONTEXT((#13753,#13752,#13751))
REPRESENTATION_CONTEXT('Central Motor <1>','COMPONENT_PART')
);
#13737=(
GEOMETRIC_REPRESENTATION_CONTEXT(3)
GLOBAL_UNCERTAINTY_ASSIGNED_CONTEXT((#13750))
GLOBAL_UNIT_ASSIGNED_CONTEXT((#13753,#13752,#13751))
REPRESENTATION_CONTEXT('Part 2','COMPONENT_PART')
);
#13738=UNCERTAINTY_MEASURE_WITH_UNIT(LENGTH_MEASURE(1.E-8),#13753,
'DISTANCE_ACCURACY_VALUE','Maximum Tolerance applied to model');
#13739=UNCERTAINTY_MEASURE_WITH_UNIT(LENGTH_MEASURE(1.E-8),#13753,
'DISTANCE_ACCURACY_VALUE','Maximum Tolerance applied to model');
#13740=UNCERTAINTY_MEASURE_WITH_UNIT(LENGTH_MEASURE(2.E-5),#13753,
'DISTANCE_ACCURACY_VALUE','Maximum Tolerance applied to model');
#13741=UNCERTAINTY_MEASURE_WITH_UNIT(LENGTH_MEASURE(2.E-5),#13753,
'DISTANCE_ACCURACY_VALUE','Maximum Tolerance applied to model');
#13742=UNCERTAINTY_MEASURE_WITH_UNIT(LENGTH_MEASURE(2.E-5),#13753,
'DISTANCE_ACCURACY_VALUE','Maximum Tolerance applied to model');
#13743=UNCERTAINTY_MEASURE_WITH_UNIT(LENGTH_MEASURE(2.04147135805135E-5),
#13753,'DISTANCE_ACCURACY_VALUE','Maximum Tolerance applied to model');
#13744=UNCERTAINTY_MEASURE_WITH_UNIT(LENGTH_MEASURE(2.E-5),#13753,
'DISTANCE_ACCURACY_VALUE','Maximum Tolerance applied to model');
#13745=UNCERTAINTY_MEASURE_WITH_UNIT(LENGTH_MEASURE(1.E-8),#13753,
'DISTANCE_ACCURACY_VALUE','Maximum Tolerance applied to model');
#13746=UNCERTAINTY_MEASURE_WITH_UNIT(LENGTH_MEASURE(1.E-6),#13753,
'DISTANCE_ACCURACY_VALUE','Maximum Tolerance applied to model');
#13747=UNCERTAINTY_MEASURE_WITH_UNIT(LENGTH_MEASURE(1.E-6),#13753,
'DISTANCE_ACCURACY_VALUE','Maximum Tolerance applied to model');
#13748=UNCERTAINTY_MEASURE_WITH_UNIT(LENGTH_MEASURE(1.E-6),#13753,
'DISTANCE_ACCURACY_VALUE','Maximum Tolerance applied to model');
#13749=UNCERTAINTY_MEASURE_WITH_UNIT(LENGTH_MEASURE(1.E-8),#13753,
'DISTANCE_ACCURACY_VALUE','Maximum Tolerance applied to model');
#13750=UNCERTAINTY_MEASURE_WITH_UNIT(LENGTH_MEASURE(2.0414713604315E-5),
#13753,'DISTANCE_ACCURACY_VALUE','Maximum Tolerance applied to model');
#13751=(
NAMED_UNIT(*)
SI_UNIT($,.STERADIAN.)
SOLID_ANGLE_UNIT()
);
#13752=(
NAMED_UNIT(*)
PLANE_ANGLE_UNIT()
SI_UNIT($,.RADIAN.)
);
#13753=(
LENGTH_UNIT()
NAMED_UNIT(*)
SI_UNIT($,.METRE.)
);
#13754=PRODUCT_DEFINITION_SHAPE('','',#13783);
#13755=PRODUCT_DEFINITION_SHAPE('','',#13784);
#13756=PRODUCT_DEFINITION_SHAPE(' ','NAUO PRDDFN',#855);
#13757=PRODUCT_DEFINITION_SHAPE('','',#13785);
#13758=PRODUCT_DEFINITION_SHAPE(' ','NAUO PRDDFN',#856);
#13759=PRODUCT_DEFINITION_SHAPE('','',#13786);
#13760=PRODUCT_DEFINITION_SHAPE(' ','NAUO PRDDFN',#857);
#13761=PRODUCT_DEFINITION_SHAPE('','',#13787);
#13762=PRODUCT_DEFINITION_SHAPE(' ','NAUO PRDDFN',#858);
#13763=PRODUCT_DEFINITION_SHAPE(' ','NAUO PRDDFN',#859);
#13764=PRODUCT_DEFINITION_SHAPE('','',#13788);
#13765=PRODUCT_DEFINITION_SHAPE(' ','NAUO PRDDFN',#860);
#13766=PRODUCT_DEFINITION_SHAPE('','',#13789);
#13767=PRODUCT_DEFINITION_SHAPE(' ','NAUO PRDDFN',#861);
#13768=PRODUCT_DEFINITION_SHAPE('','',#13790);
#13769=PRODUCT_DEFINITION_SHAPE('','',#13791);
#13770=PRODUCT_DEFINITION_SHAPE(' ','NAUO PRDDFN',#862);
#13771=PRODUCT_DEFINITION_SHAPE('','',#13792);
#13772=PRODUCT_DEFINITION_SHAPE(' ','NAUO PRDDFN',#863);
#13773=PRODUCT_DEFINITION_SHAPE('','',#13793);
#13774=PRODUCT_DEFINITION_SHAPE(' ','NAUO PRDDFN',#864);
#13775=PRODUCT_DEFINITION_SHAPE(' ','NAUO PRDDFN',#865);
#13776=PRODUCT_DEFINITION_SHAPE('','',#13794);
#13777=PRODUCT_DEFINITION_SHAPE(' ','NAUO PRDDFN',#866);
#13778=PRODUCT_DEFINITION_SHAPE(' ','NAUO PRDDFN',#867);
#13779=PRODUCT_DEFINITION_SHAPE(' ','NAUO PRDDFN',#868);
#13780=PRODUCT_DEFINITION_SHAPE(' ','NAUO PRDDFN',#869);
#13781=PRODUCT_DEFINITION_SHAPE('','',#13795);
#13782=PRODUCT_DEFINITION_SHAPE(' ','NAUO PRDDFN',#870);
#13783=PRODUCT_DEFINITION('','',#13809,#13796);
#13784=PRODUCT_DEFINITION('','',#13810,#13797);
#13785=PRODUCT_DEFINITION('','',#13811,#13798);
#13786=PRODUCT_DEFINITION('','',#13812,#13799);
#13787=PRODUCT_DEFINITION('','',#13813,#13800);
#13788=PRODUCT_DEFINITION('','',#13814,#13801);
#13789=PRODUCT_DEFINITION('','',#13815,#13802);
#13790=PRODUCT_DEFINITION('','',#13816,#13803);
#13791=PRODUCT_DEFINITION('','',#13817,#13804);
#13792=PRODUCT_DEFINITION('','',#13818,#13805);
#13793=PRODUCT_DEFINITION('','',#13819,#13806);
#13794=PRODUCT_DEFINITION('','',#13820,#13807);
#13795=PRODUCT_DEFINITION('','',#13821,#13808);
#13796=PRODUCT_DEFINITION_CONTEXT('',#13875,'design');
#13797=PRODUCT_DEFINITION_CONTEXT('',#13875,'design');
#13798=PRODUCT_DEFINITION_CONTEXT('',#13875,'design');
#13799=PRODUCT_DEFINITION_CONTEXT('',#13875,'design');
#13800=PRODUCT_DEFINITION_CONTEXT('',#13875,'design');
#13801=PRODUCT_DEFINITION_CONTEXT('',#13875,'design');
#13802=PRODUCT_DEFINITION_CONTEXT('',#13875,'design');
#13803=PRODUCT_DEFINITION_CONTEXT('',#13875,'design');
#13804=PRODUCT_DEFINITION_CONTEXT('',#13875,'design');
#13805=PRODUCT_DEFINITION_CONTEXT('',#13875,'design');
#13806=PRODUCT_DEFINITION_CONTEXT('',#13875,'design');
#13807=PRODUCT_DEFINITION_CONTEXT('',#13875,'design');
#13808=PRODUCT_DEFINITION_CONTEXT('',#13875,'design');
#13809=PRODUCT_DEFINITION_FORMATION_WITH_SPECIFIED_SOURCE('','',#13835,
 .NOT_KNOWN.);
#13810=PRODUCT_DEFINITION_FORMATION_WITH_SPECIFIED_SOURCE('','',#13836,
 .NOT_KNOWN.);
#13811=PRODUCT_DEFINITION_FORMATION_WITH_SPECIFIED_SOURCE('','',#13837,
 .NOT_KNOWN.);
#13812=PRODUCT_DEFINITION_FORMATION_WITH_SPECIFIED_SOURCE('','',#13838,
 .NOT_KNOWN.);
#13813=PRODUCT_DEFINITION_FORMATION_WITH_SPECIFIED_SOURCE('','',#13839,
 .NOT_KNOWN.);
#13814=PRODUCT_DEFINITION_FORMATION_WITH_SPECIFIED_SOURCE('','',#13840,
 .NOT_KNOWN.);
#13815=PRODUCT_DEFINITION_FORMATION_WITH_SPECIFIED_SOURCE('','',#13841,
 .NOT_KNOWN.);
#13816=PRODUCT_DEFINITION_FORMATION_WITH_SPECIFIED_SOURCE('','',#13842,
 .NOT_KNOWN.);
#13817=PRODUCT_DEFINITION_FORMATION_WITH_SPECIFIED_SOURCE('','',#13843,
 .NOT_KNOWN.);
#13818=PRODUCT_DEFINITION_FORMATION_WITH_SPECIFIED_SOURCE('','',#13844,
 .NOT_KNOWN.);
#13819=PRODUCT_DEFINITION_FORMATION_WITH_SPECIFIED_SOURCE('','',#13845,
 .NOT_KNOWN.);
#13820=PRODUCT_DEFINITION_FORMATION_WITH_SPECIFIED_SOURCE('','',#13846,
 .NOT_KNOWN.);
#13821=PRODUCT_DEFINITION_FORMATION_WITH_SPECIFIED_SOURCE('','',#13847,
 .NOT_KNOWN.);
#13822=PRODUCT_RELATED_PRODUCT_CATEGORY('','',(#13835));
#13823=PRODUCT_RELATED_PRODUCT_CATEGORY('','',(#13836));
#13824=PRODUCT_RELATED_PRODUCT_CATEGORY('','',(#13837));
#13825=PRODUCT_RELATED_PRODUCT_CATEGORY('','',(#13838));
#13826=PRODUCT_RELATED_PRODUCT_CATEGORY('','',(#13839));
#13827=PRODUCT_RELATED_PRODUCT_CATEGORY('','',(#13840));
#13828=PRODUCT_RELATED_PRODUCT_CATEGORY('','',(#13841));
#13829=PRODUCT_RELATED_PRODUCT_CATEGORY('','',(#13842));
#13830=PRODUCT_RELATED_PRODUCT_CATEGORY('','',(#13843));
#13831=PRODUCT_RELATED_PRODUCT_CATEGORY('','',(#13844));
#13832=PRODUCT_RELATED_PRODUCT_CATEGORY('','',(#13845));
#13833=PRODUCT_RELATED_PRODUCT_CATEGORY('','',(#13846));
#13834=PRODUCT_RELATED_PRODUCT_CATEGORY('','',(#13847));
#13835=PRODUCT('RC Ball Prototype #1 Assembly',
'RC Ball Prototype #1 Assembly','RC Ball Prototype #1 Assembly',(#13861));
#13836=PRODUCT('608ZZ_Ball_Bearing','608ZZ_Ball_Bearing',
'608ZZ_Ball_Bearing',(#13862));
#13837=PRODUCT('Part 1','Part 1','Part 1',(#13863));
#13838=PRODUCT('Part 1','Part 1','Part 1',(#13864));
#13839=PRODUCT('Part 1','Part 1','Part 1',(#13865));
#13840=PRODUCT('Part 2','Part 2','Part 2',(#13866));
#13841=PRODUCT('Part 1','Part 1','Part 1',(#13867));
#13842=PRODUCT('Swinging Motor <1>','Swinging Motor <1>',
'Swinging Motor <1>',(#13868));
#13843=PRODUCT('?????','?????','?????',(#13869));
#13844=PRODUCT('???','???','???',(#13870));
#13845=PRODUCT('?????? (1)','?????? (1)','?????? (1)',(#13871));
#13846=PRODUCT('Central Motor <1>','Central Motor <1>',
'Central Motor <1>',(#13872));
#13847=PRODUCT('Part 2','Part 2','Part 2',(#13873));
#13848=PRODUCT_CATEGORY('','');
#13849=PRODUCT_CATEGORY('','');
#13850=PRODUCT_CATEGORY('','');
#13851=PRODUCT_CATEGORY('','');
#13852=PRODUCT_CATEGORY('','');
#13853=PRODUCT_CATEGORY('','');
#13854=PRODUCT_CATEGORY('','');
#13855=PRODUCT_CATEGORY('','');
#13856=PRODUCT_CATEGORY('','');
#13857=PRODUCT_CATEGORY('','');
#13858=PRODUCT_CATEGORY('','');
#13859=PRODUCT_CATEGORY('','');
#13860=PRODUCT_CATEGORY('','');
#13861=PRODUCT_CONTEXT('',#13875,'mechanical');
#13862=PRODUCT_CONTEXT('',#13875,'mechanical');
#13863=PRODUCT_CONTEXT('',#13875,'mechanical');
#13864=PRODUCT_CONTEXT('',#13875,'mechanical');
#13865=PRODUCT_CONTEXT('',#13875,'mechanical');
#13866=PRODUCT_CONTEXT('',#13875,'mechanical');
#13867=PRODUCT_CONTEXT('',#13875,'mechanical');
#13868=PRODUCT_CONTEXT('',#13875,'mechanical');
#13869=PRODUCT_CONTEXT('',#13875,'mechanical');
#13870=PRODUCT_CONTEXT('',#13875,'mechanical');
#13871=PRODUCT_CONTEXT('',#13875,'mechanical');
#13872=PRODUCT_CONTEXT('',#13875,'mechanical');
#13873=PRODUCT_CONTEXT('',#13875,'mechanical');
#13874=APPLICATION_PROTOCOL_DEFINITION('international standard',
'ap242_managed_model_based_3d_engineering',2020,#13875);
#13875=APPLICATION_CONTEXT('managed model based 3d engineering');
ENDSEC;
END-ISO-10303-21;
